version 2
JvmtiExport can_access_local_variables 0
JvmtiExport can_hotswap_or_post_breakpoint 1
JvmtiExport can_post_on_exceptions 0
# 405 ciObject found
instanceKlass java/lang/invoke/DirectMethodHandle
ciInstanceKlass java/lang/Cloneable 1 0 7 100 1 100 1 1 1
instanceKlass org/eclipse/core/internal/utils/StringPoolJob$1
instanceKlass org/eclipse/core/internal/utils/StringPool
instanceKlass org/eclipse/jdt/ls/core/internal/handlers/SourceAttachUpdateHandler
instanceKlass org/eclipse/jdt/ls/core/internal/handlers/ClasspathUpdateHandler
instanceKlass  @bci org/eclipse/jdt/ls/core/internal/handlers/WorkspaceDiagnosticsHandler checkPreviewFeatureValidity (Ljava/util/List;)V 6 <appendix> argL0 ; # org/eclipse/jdt/ls/core/internal/handlers/WorkspaceDiagnosticsHandler$$Lambda+0x00000222908a66c8
instanceKlass  @bci org/eclipse/jdt/ls/core/internal/handlers/WorkspaceDiagnosticsHandler publishDiagnostics (Ljava/util/List;)V 6 <appendix> argL0 ; # org/eclipse/jdt/ls/core/internal/handlers/WorkspaceDiagnosticsHandler$$Lambda+0x00000222908a6488
instanceKlass org/eclipse/jdt/ls/core/internal/handlers/WorkspaceDiagnosticsHandler
instanceKlass  @bci org/eclipse/jdt/ls/core/internal/managers/TelemetryManager onBuildFinished (J)V 681 <appendix> argL0 ; # org/eclipse/jdt/ls/core/internal/managers/TelemetryManager$$Lambda+0x00000222908a6000
instanceKlass  @bci org/eclipse/jdt/ls/core/internal/managers/TelemetryManager getVMLibraries (Lorg/eclipse/jdt/core/IJavaProject;)Ljava/util/List; 35 <appendix> argL0 ; # org/eclipse/jdt/ls/core/internal/managers/TelemetryManager$$Lambda+0x00000222907abca0
instanceKlass  @bci org/eclipse/jdt/ls/core/internal/managers/TelemetryManager getVMLibraries (Lorg/eclipse/jdt/core/IJavaProject;)Ljava/util/List; 25 <appendix> argL0 ; # org/eclipse/jdt/ls/core/internal/managers/TelemetryManager$$Lambda+0x00000222907aba60
instanceKlass  @bci org/eclipse/jdt/ls/core/internal/managers/TelemetryManager onBuildFinished (J)V 274 <appendix> argL0 ; # org/eclipse/jdt/ls/core/internal/managers/TelemetryManager$$Lambda+0x00000222907ab810
instanceKlass  @bci org/eclipse/jdt/ls/core/internal/managers/TelemetryManager onBuildFinished (J)V 237 <appendix> argL0 ; # org/eclipse/jdt/ls/core/internal/managers/TelemetryManager$$Lambda+0x00000222907ab5c0
instanceKlass org/eclipse/jdt/ls/core/internal/JobHelpers$UpdateJobMatcher
instanceKlass com/google/common/base/Preconditions
instanceKlass org/objectweb/asm/TypePath
instanceKlass com/google/common/collect/PeekingIterator
instanceKlass com/google/common/collect/Iterators
instanceKlass org/gradle/tooling/model/GradleTask
instanceKlass org/gradle/tooling/model/gradle/GradleScript
instanceKlass org/gradle/tooling/model/Task
instanceKlass org/gradle/tooling/model/Launchable
instanceKlass sun/reflect/generics/tree/IntSignature
instanceKlass org/gradle/tooling/model/DomainObjectSet
instanceKlass com/google/common/collect/ObjectArrays
instanceKlass org/gradle/plugins/ide/internal/tooling/model/LaunchableGradleTask
instanceKlass org/gradle/tooling/internal/gradle/DefaultBuildIdentifier
instanceKlass org/gradle/tooling/model/BuildIdentifier
instanceKlass com/google/common/collect/UnmodifiableIterator
instanceKlass com/google/common/collect/ImmutableList$SerializedForm
instanceKlass org/gradle/internal/serialize/ExceptionPlaceholder
instanceKlass org/gradle/tooling/internal/gradle/DefaultProjectIdentifier
instanceKlass org/gradle/tooling/model/ProjectIdentifier
instanceKlass org/gradle/tooling/model/Model
instanceKlass org/gradle/plugins/ide/internal/tooling/model/DefaultGradleScript
instanceKlass org/gradle/tooling/model/gradle/GradleScript
instanceKlass org/gradle/plugins/ide/internal/tooling/model/DefaultGradleProject
instanceKlass org/gradle/tooling/internal/gradle/GradleProjectIdentity
instanceKlass org/gradle/tooling/internal/gradle/GradleBuildIdentity
instanceKlass org/apache/commons/lang3/StringUtils
instanceKlass org/objectweb/asm/Context
instanceKlass org/objectweb/asm/Attribute
instanceKlass org/gradle/tooling/provider/model/internal/LegacyConsumerInterface
instanceKlass org/objectweb/asm/AnnotationVisitor
instanceKlass org/objectweb/asm/ClassReader
instanceKlass com/google/common/primitives/IntsMethodsForWeb
instanceKlass com/google/common/math/IntMath
instanceKlass com/google/common/io/ByteArrayDataInput
instanceKlass com/google/common/io/ByteArrayDataOutput
instanceKlass com/google/common/io/ByteStreams
instanceKlass org/gradle/internal/classloader/InstrumentingClassLoader
instanceKlass  @bci org/gradle/internal/serialize/ExceptionReplacingObjectInputStream <init> (Ljava/io/InputStream;Ljava/lang/ClassLoader;)V 8 <appendix> member <vmtarget> ; # org/gradle/internal/serialize/ExceptionReplacingObjectInputStream$$Lambda+0x00000222908947d0
instanceKlass org/gradle/internal/io/StreamByteBuffer$StreamByteBufferChunk
instanceKlass org/gradle/internal/io/StreamByteBuffer
instanceKlass org/gradle/tooling/internal/provider/serialization/WellKnownClassLoaderRegistry$2
instanceKlass org/gradle/internal/daemon/client/serialization/ClientSidePayloadClassLoaderRegistry$2
instanceKlass org/gradle/tooling/internal/provider/serialization/DefaultPayloadClassLoaderRegistry$2
instanceKlass java/io/ObjectStreamClass$ExceptionInfo
# instanceKlass java/lang/invoke/LambdaForm$MH+0x0000022290893400
# instanceKlass java/lang/invoke/LambdaForm$MH+0x0000022290893000
instanceKlass java/net/Proxy
instanceKlass java/io/ObjectStreamClass$5
instanceKlass java/io/ObjectStreamClass$4
instanceKlass java/io/ObjectStreamClass$3
instanceKlass java/io/ObjectStreamClass$MemberSignature
instanceKlass java/io/ObjectStreamClass$1
# instanceKlass java/lang/invoke/LambdaForm$MH+0x0000022290890400
instanceKlass org/eclipse/lsp4j/DiagnosticRelatedInformation
instanceKlass org/eclipse/lsp4j/MarkupContent
instanceKlass org/eclipse/lsp4j/Position
instanceKlass org/eclipse/lsp4j/DiagnosticCodeDescription
instanceKlass org/eclipse/lsp4j/Diagnostic
instanceKlass  @bci org/eclipse/jdt/ls/core/internal/handlers/BaseDiagnosticsHandler collectNonJavaProblems (Ljava/util/List;Z)V 54 <appendix> argL0 ; # org/eclipse/jdt/ls/core/internal/handlers/BaseDiagnosticsHandler$$Lambda+0x00000222907ab148
instanceKlass  @bci org/eclipse/jdt/ls/core/internal/managers/StandardProjectsManager projectsBuildFinished (Lorg/eclipse/core/runtime/IProgressMonitor;)V 86 <appendix> member <vmtarget> ; # org/eclipse/jdt/ls/core/internal/managers/StandardProjectsManager$$Lambda+0x00000222907aaf10
instanceKlass java/util/LinkedList$LLSpliterator
instanceKlass  @bci org/gradle/cache/internal/DefaultCacheCleanupExecutor cleanup ()V 5 <appendix> member <vmtarget> ; # org/gradle/cache/internal/DefaultCacheCleanupExecutor$$Lambda+0x000002229088ed20
instanceKlass  @bci org/gradle/cache/internal/DefaultCacheCoordinator close ()V 42 <appendix> member <vmtarget> ; # org/gradle/cache/internal/DefaultCacheCoordinator$$Lambda+0x000002229088eaf8
instanceKlass  @bci java/util/concurrent/ConcurrentLinkedQueue clear ()V 1 <appendix> argL0 ; # java/util/concurrent/ConcurrentLinkedQueue$$Lambda+0x0000022290846490
instanceKlass java/util/concurrent/ConcurrentLinkedQueue$Itr
instanceKlass org/gradle/internal/remote/internal/inet/SocketConnection$1
instanceKlass org/gradle/launcher/exec/BuildActionResult
instanceKlass org/gradle/tooling/internal/provider/serialization/SerializedPayload
# instanceKlass java/lang/invoke/LambdaForm$MH+0x0000022290890000
instanceKlass org/gradle/internal/logging/text/AbstractLineChoppingStyledTextOutput$StateContext
instanceKlass com/google/common/collect/Platform
instanceKlass org/gradle/internal/logging/events/StyledTextOutputEvent$Span
instanceKlass org/gradle/internal/logging/events/operations/StyledTextBuildOperationProgressDetails$Span
instanceKlass org/gradle/internal/operations/logging/StyledTextBuildOperationProgressDetails$Span
instanceKlass org/eclipse/jdt/internal/core/ReconcileWorkingCopyOperation$1
instanceKlass org/eclipse/jdt/core/compiler/ReconcileContext
instanceKlass org/eclipse/jdt/apt/core/util/AptPreferenceConstants
instanceKlass org/eclipse/jdt/apt/core/internal/generatedfile/GeneratedResourceChangeListener
instanceKlass org/eclipse/jdt/apt/core/util/IFactoryPath
instanceKlass org/eclipse/jdt/apt/core/util/AptConfig
instanceKlass javax/annotation/processing/Processor
instanceKlass org/eclipse/jdt/apt/core/internal/AptCompilationParticipantExtensionFactory
instanceKlass org/eclipse/jdt/internal/core/JavaModelManager$CompilationParticipants$1
instanceKlass org/eclipse/jdt/core/compiler/CompilationParticipant
instanceKlass org/eclipse/jdt/internal/core/JavaModelManager$CompilationParticipants$2
instanceKlass org/eclipse/jdt/internal/compiler/ClassFile$3
instanceKlass org/eclipse/jdt/internal/compiler/codegen/VerificationTypeInfo
instanceKlass org/eclipse/jdt/internal/compiler/codegen/StackMapFrame
instanceKlass  @bci org/eclipse/jdt/internal/compiler/ast/AbstractMethodDeclaration generateCode (Lorg/eclipse/jdt/internal/compiler/ClassFile;)V 295 <appendix> argL0 ; # org/eclipse/jdt/internal/compiler/ast/AbstractMethodDeclaration$$Lambda+0x0000022290881ae8
instanceKlass  @bci org/eclipse/jdt/internal/compiler/ClassFile completeMethodInfo (Lorg/eclipse/jdt/internal/compiler/lookup/MethodBinding;II)V 437 <appendix> member <vmtarget> ; # org/eclipse/jdt/internal/compiler/ClassFile$$Lambda+0x00000222908816c8
instanceKlass  @bci org/eclipse/jdt/internal/compiler/ClassFile completeMethodInfo (Lorg/eclipse/jdt/internal/compiler/lookup/MethodBinding;II)V 430 <appendix> member <vmtarget> ; # org/eclipse/jdt/internal/compiler/ClassFile$$Lambda+0x0000022290881478
instanceKlass  @bci org/eclipse/jdt/internal/compiler/ClassFile generateTypeAnnotationsOnCodeAttribute ()I 245 <appendix> member <vmtarget> ; # org/eclipse/jdt/internal/compiler/ClassFile$$Lambda+0x0000022290881250
instanceKlass  @bci org/eclipse/jdt/internal/compiler/ClassFile generateTypeAnnotationsOnCodeAttribute ()I 239 <appendix> member <vmtarget> ; # org/eclipse/jdt/internal/compiler/ClassFile$$Lambda+0x0000022290881000
instanceKlass  @bci org/eclipse/jdt/internal/compiler/codegen/CodeStream exitUserScope (Lorg/eclipse/jdt/internal/compiler/lookup/BlockScope;)V 2 <appendix> argL0 ; # org/eclipse/jdt/internal/compiler/codegen/CodeStream$$Lambda+0x0000022290883b98
instanceKlass  @bci org/eclipse/jdt/internal/compiler/ast/ConstructorDeclaration internalGenerateCode (Lorg/eclipse/jdt/internal/compiler/lookup/ClassScope;Lorg/eclipse/jdt/internal/compiler/ClassFile;)V 709 <appendix> argL0 ; # org/eclipse/jdt/internal/compiler/ast/ConstructorDeclaration$$Lambda+0x0000022290883948
instanceKlass org/eclipse/jdt/internal/compiler/codegen/StackMapFrameCodeStream$FramePosition
instanceKlass org/eclipse/jdt/internal/compiler/codegen/CachedIndexEntry
instanceKlass  @bci org/eclipse/jdt/internal/compiler/ClassFile addFieldAttributes (Lorg/eclipse/jdt/internal/compiler/lookup/FieldBinding;I)I 220 <appendix> member <vmtarget> ; # org/eclipse/jdt/internal/compiler/ClassFile$$Lambda+0x0000022290882ec8
instanceKlass  @bci org/eclipse/jdt/internal/compiler/ClassFile addFieldAttributes (Lorg/eclipse/jdt/internal/compiler/lookup/FieldBinding;I)I 213 <appendix> member <vmtarget> ; # org/eclipse/jdt/internal/compiler/ClassFile$$Lambda+0x0000022290882c78
instanceKlass org/eclipse/jdt/internal/compiler/util/HashtableOfInteger
instanceKlass org/eclipse/jdt/internal/compiler/codegen/CharArrayCache
instanceKlass org/eclipse/jdt/internal/compiler/codegen/OperandStack
instanceKlass org/eclipse/jdt/internal/compiler/ast/UnlikelyArgumentCheck
instanceKlass  @bci org/eclipse/jdt/internal/compiler/ast/MethodDeclaration analyseCode (Lorg/eclipse/jdt/internal/compiler/lookup/ClassScope;Lorg/eclipse/jdt/internal/compiler/flow/FlowContext;Lorg/eclipse/jdt/internal/compiler/flow/FlowInfo;)V 273 <appendix> argL0 ; # org/eclipse/jdt/internal/compiler/ast/MethodDeclaration$$Lambda+0x0000022290884f28
instanceKlass org/eclipse/jdt/internal/compiler/lookup/InferenceContext18$2
# instanceKlass java/lang/invoke/LambdaForm$MH+0x0000022290880800
# instanceKlass java/lang/invoke/LambdaForm$MH+0x0000022290880400
# instanceKlass java/lang/invoke/LambdaForm$MH+0x0000022290880000
# instanceKlass java/lang/invoke/LambdaForm$MH+0x0000022290838c00
instanceKlass lombok/launch/PatchFixesHider$Val
instanceKlass org/eclipse/jdt/internal/compiler/lookup/InferenceContext18$3
instanceKlass  @bci org/eclipse/jdt/internal/compiler/lookup/BoundSet incorporate (Lorg/eclipse/jdt/internal/compiler/lookup/InferenceContext18;[Lorg/eclipse/jdt/internal/compiler/lookup/TypeBound;[Lorg/eclipse/jdt/internal/compiler/lookup/TypeBound;)Z 1502 <appendix> member <vmtarget> ; # org/eclipse/jdt/internal/compiler/lookup/BoundSet$$Lambda+0x0000022290833900
instanceKlass  @bci org/eclipse/jdt/internal/compiler/lookup/BoundSet properTypesByInferenceVariable ([Lorg/eclipse/jdt/internal/compiler/lookup/TypeBound;[Lorg/eclipse/jdt/internal/compiler/lookup/TypeBound;)Ljava/util/Map; 34 <appendix> argL0 ; # org/eclipse/jdt/internal/compiler/lookup/BoundSet$$Lambda+0x00000222908336b8
instanceKlass  @bci org/eclipse/jdt/internal/compiler/lookup/BoundSet properTypesByInferenceVariable ([Lorg/eclipse/jdt/internal/compiler/lookup/TypeBound;[Lorg/eclipse/jdt/internal/compiler/lookup/TypeBound;)Ljava/util/Map; 26 <appendix> argL0 ; # org/eclipse/jdt/internal/compiler/lookup/BoundSet$$Lambda+0x0000022290833478
instanceKlass  @bci org/eclipse/jdt/internal/compiler/lookup/BoundSet properTypesByInferenceVariable ([Lorg/eclipse/jdt/internal/compiler/lookup/TypeBound;[Lorg/eclipse/jdt/internal/compiler/lookup/TypeBound;)Ljava/util/Map; 16 <appendix> argL0 ; # org/eclipse/jdt/internal/compiler/lookup/BoundSet$$Lambda+0x0000022290833228
instanceKlass  @bci org/eclipse/jdt/internal/compiler/lookup/BoundSet properTypesByInferenceVariable ([Lorg/eclipse/jdt/internal/compiler/lookup/TypeBound;[Lorg/eclipse/jdt/internal/compiler/lookup/TypeBound;)Ljava/util/Map; 6 <appendix> argL0 ; # org/eclipse/jdt/internal/compiler/lookup/BoundSet$$Lambda+0x0000022290832fd8
instanceKlass org/eclipse/jdt/internal/compiler/lookup/BoundSet$ThreeSets
instanceKlass org/gradle/launcher/daemon/client/DaemonCancelForwarder$1
instanceKlass org/gradle/launcher/daemon/client/DaemonCancelForwarder
instanceKlass org/gradle/internal/daemon/client/clientinput/DaemonClientInputForwarder$ForwardingUserInput
instanceKlass  @bci java/util/concurrent/Executors$AutoShutdownDelegatedExecutorService <init> (Ljava/util/concurrent/ExecutorService;)V 6 <appendix> member <vmtarget> ; # java/util/concurrent/Executors$AutoShutdownDelegatedExecutorService$$Lambda+0x0000022290846008
instanceKlass  @bci org/gradle/internal/daemon/client/clientinput/DaemonClientInputForwarder <init> (Ljava/io/InputStream;Lorg/gradle/internal/dispatch/Dispatch;Lorg/gradle/internal/logging/console/GlobalUserInputReceiver;)V 10 <appendix> argL0 ; # org/gradle/internal/daemon/client/clientinput/DaemonClientInputForwarder$$Lambda+0x000002229083aaa8
instanceKlass org/gradle/internal/logging/console/UserInputReceiver
instanceKlass org/gradle/internal/daemon/client/clientinput/DaemonClientInputForwarder
instanceKlass org/gradle/launcher/daemon/diagnostics/DaemonDiagnostics
instanceKlass  @bci java/util/stream/Collectors lambda$groupingBy$53 (Ljava/util/function/Function;Ljava/util/function/Supplier;Ljava/util/function/BiConsumer;Ljava/util/Map;Ljava/lang/Object;)V 20 <appendix> member <vmtarget> ; # java/util/stream/Collectors$$Lambda+0x0000022290845a90
instanceKlass  @bci java/util/stream/Collectors groupingBy (Ljava/util/function/Function;Ljava/util/function/Supplier;Ljava/util/stream/Collector;)Ljava/util/stream/Collector; 19 <appendix> member <vmtarget> ; # java/util/stream/Collectors$$Lambda+0x0000022290845858
instanceKlass  @bci java/util/stream/Collectors groupingBy (Ljava/util/function/Function;Ljava/util/stream/Collector;)Ljava/util/stream/Collector; 1 <appendix> argL0 ; # java/util/stream/Collectors$$Lambda+0x0000022290845638
instanceKlass  @bci org/eclipse/jdt/internal/compiler/lookup/InferenceContext18 pickIvarsByRank (Ljava/util/Set;Lorg/eclipse/jdt/internal/compiler/lookup/BoundSet;)Ljava/util/List; 12 <appendix> member <vmtarget> ; # org/eclipse/jdt/internal/compiler/lookup/InferenceContext18$$Lambda+0x0000022290832b38
instanceKlass java/nio/channels/spi/AbstractSelector$1
instanceKlass org/eclipse/jdt/internal/compiler/lookup/InferenceVariable$InferenceVarKey
instanceKlass  @bci org/gradle/StartParameter getWriteDependencyVerifications ()Ljava/util/List; 9 <appendix> member <vmtarget> ; # org/gradle/StartParameter$$Lambda+0x000002229083a228
instanceKlass  @bci org/gradle/StartParameter getLockedDependenciesToUpdate ()Ljava/util/List; 9 <appendix> member <vmtarget> ; # org/gradle/StartParameter$$Lambda+0x000002229083a000
instanceKlass org/gradle/internal/collect/InterceptingMap$1
instanceKlass org/gradle/internal/collect/InterceptingMap$InterceptingEntrySet$1
instanceKlass  @bci org/gradle/internal/collect/InterceptingMap entrySet ()Ljava/util/Set; 14 <appendix> member <vmtarget> ; # org/gradle/internal/collect/InterceptingMap$$Lambda+0x000002229083f780
instanceKlass  @bci org/gradle/StartParameter getExcludedTaskNames ()Ljava/util/Set; 9 <appendix> member <vmtarget> ; # org/gradle/StartParameter$$Lambda+0x000002229083f140
instanceKlass org/gradle/internal/collect/InterceptingCollection$1
instanceKlass  @bci org/gradle/StartParameter getTaskRequests ()Ljava/util/List; 9 <appendix> member <vmtarget> ; # org/gradle/StartParameter$$Lambda+0x000002229083e8a0
instanceKlass org/gradle/internal/collect/InterceptingCollection
instanceKlass org/eclipse/jdt/internal/compiler/lookup/ParameterizedMethodBinding$1
instanceKlass org/eclipse/jdt/internal/compiler/lookup/Scope$2
instanceKlass org/gradle/launcher/daemon/client/DaemonClientConnection
instanceKlass org/gradle/internal/serialize/Serializers$StatefulSerializerAdapter$2
instanceKlass org/gradle/internal/serialize/AbstractEncoder
instanceKlass org/gradle/internal/serialize/PositionAwareEncoder
instanceKlass org/gradle/internal/serialize/Serializers$StatefulSerializerAdapter$1
instanceKlass org/gradle/internal/remote/internal/inet/SocketInetAddress$Serializer
instanceKlass org/gradle/internal/remote/internal/inet/SocketInetAddress
instanceKlass org/eclipse/jdt/internal/compiler/DefaultErrorHandlingPolicies$5
instanceKlass org/gradle/internal/io/BufferCaster
instanceKlass java/lang/invoke/ConstantBootstraps
instanceKlass java/nio/channels/SelectionKey
instanceKlass lombok/eclipse/agent/PatchExtensionMethod$Reflection
# instanceKlass java/lang/invoke/LambdaForm$MH+0x0000022290838800
# instanceKlass java/lang/invoke/LambdaForm$MH+0x0000022290838400
# instanceKlass java/lang/invoke/LambdaForm$MH+0x0000022290838000
# instanceKlass java/lang/invoke/LambdaForm$MH+0x000002229082c400
instanceKlass java/nio/BufferMismatch
instanceKlass com/sun/security/sasl/Provider$1
instanceKlass  @bci sun/security/provider/certpath/ldap/JdkLDAP <init> ()V 15 <appendix> member <vmtarget> ; # sun/security/provider/certpath/ldap/JdkLDAP$$Lambda+0x0000022290842518
instanceKlass lombok/eclipse/agent/PatchExtensionMethod$PostponedError
instanceKlass lombok/eclipse/agent/PatchExtensionMethod
instanceKlass lombok/launch/PatchFixesHider$ExtensionMethod
instanceKlass org/eclipse/jdt/internal/compiler/lookup/BoundSet
instanceKlass  @bci sun/security/pkcs11/SunPKCS11 register (Lsun/security/pkcs11/SunPKCS11$Descriptor;)V 27 <appendix> argL0 ; # sun/security/pkcs11/SunPKCS11$$Lambda+0x00000222908346f0
instanceKlass sun/security/pkcs11/SunPKCS11$Descriptor
instanceKlass javax/security/auth/Subject
instanceKlass javax/security/auth/callback/CallbackHandler
instanceKlass  @bci sun/security/jgss/SunProvider <init> ()V 15 <appendix> member <vmtarget> ; # sun/security/jgss/SunProvider$$Lambda+0x000002229082ca30
instanceKlass org/eclipse/jdt/internal/compiler/lookup/InferenceContext18
instanceKlass sun/security/mscapi/SunMSCAPI$2
instanceKlass sun/security/mscapi/SunMSCAPI$1
instanceKlass org/eclipse/jdt/internal/compiler/util/Sorting
instanceKlass sun/security/smartcardio/SunPCSC$1
instanceKlass  @bci sun/security/ssl/SunJSSE registerAlgorithms ()V 1 <appendix> member <vmtarget> ; # sun/security/ssl/SunJSSE$$Lambda+0x0000022290840dc8
instanceKlass sun/security/ec/SunEC$1
instanceKlass com/sun/security/sasl/gsskerb/JdkSASL$1
instanceKlass org/jcp/xml/dsig/internal/dom/XMLDSigRI$2
instanceKlass org/jcp/xml/dsig/internal/dom/XMLDSigRI$1
instanceKlass sun/security/jca/ProviderConfig$ProviderLoader
instanceKlass sun/security/jca/ProviderConfig$3
instanceKlass sun/net/NetProperties$1
instanceKlass sun/net/NetProperties
instanceKlass  @bci sun/nio/ch/UnixDomainSocketsUtil getTempDir ()Ljava/lang/String; 0 <appendix> argL0 ; # sun/nio/ch/UnixDomainSocketsUtil$$Lambda+0x00000222903ff7a8
instanceKlass sun/nio/ch/UnixDomainSocketsUtil
instanceKlass sun/nio/ch/UnixDomainSockets
instanceKlass sun/nio/ch/PipeImpl$Initializer$LoopbackConnector
instanceKlass sun/nio/ch/PipeImpl$Initializer
instanceKlass java/nio/channels/Pipe
instanceKlass sun/nio/ch/WEPoll
instanceKlass sun/nio/ch/Util$2
instanceKlass java/nio/channels/Selector
instanceKlass org/gradle/internal/remote/internal/KryoBackedMessageSerializer
instanceKlass org/gradle/internal/remote/internal/inet/SocketConnection
# instanceKlass java/lang/invoke/LambdaForm$MH+0x000002229082c000
instanceKlass org/gradle/internal/serialize/ObjectWriter
instanceKlass org/gradle/internal/serialize/ObjectReader
instanceKlass org/gradle/internal/serialize/Serializers$StatefulSerializerAdapter
instanceKlass org/gradle/internal/serialize/StatefulSerializer
instanceKlass org/gradle/internal/serialize/Serializers
instanceKlass org/gradle/internal/remote/internal/RemoteConnection
instanceKlass org/gradle/internal/remote/internal/Connection
instanceKlass org/gradle/internal/dispatch/Receive
instanceKlass org/gradle/internal/remote/internal/MessageSerializer
instanceKlass org/gradle/internal/remote/internal/inet/SocketConnectCompletion
instanceKlass org/gradle/internal/remote/internal/inet/SocketBlockingUtil
instanceKlass org/gradle/internal/logging/sink/GroupingProgressLogEventGenerator$OperationState
instanceKlass sun/net/NetHooks
instanceKlass java/net/SocketImpl
instanceKlass java/net/SocketOptions
instanceKlass java/net/Socket
instanceKlass org/eclipse/jdt/internal/compiler/lookup/CapturingContext
instanceKlass  @bci java/nio/channels/spi/SelectorProvider$Holder provider ()Ljava/nio/channels/spi/SelectorProvider; 0 <appendix> argL0 ; # java/nio/channels/spi/SelectorProvider$Holder$$Lambda+0x00000222903fc108
instanceKlass java/nio/channels/spi/SelectorProvider$Holder
instanceKlass org/gradle/internal/logging/events/OutputEventListener$1
instanceKlass org/gradle/internal/operations/OperationIdentifier
instanceKlass org/gradle/internal/logging/progress/DefaultProgressLoggerFactory$ProgressLoggerImpl
instanceKlass org/gradle/launcher/daemon/client/DefaultDaemonConnector$CleanupOnStaleAddress
instanceKlass org/gradle/internal/Pair
instanceKlass  @bci org/gradle/launcher/daemon/client/DefaultDaemonConnector partitionByState (Ljava/util/Collection;Lorg/gradle/launcher/daemon/server/api/DaemonState;)Lorg/gradle/internal/Pair; 2 <appendix> member <vmtarget> ; # org/gradle/launcher/daemon/client/DefaultDaemonConnector$$Lambda+0x0000022290827510
instanceKlass  @bci org/gradle/cache/internal/DefaultFileLockManager$DefaultFileLock close ()V 32 <appendix> member <vmtarget> ; # org/gradle/cache/internal/DefaultFileLockManager$DefaultFileLock$$Lambda+0x00000222908272e8
instanceKlass  @bci org/gradle/cache/internal/DefaultFileLockManager$DefaultFileLock close ()V 21 <appendix> member <vmtarget> ; # org/gradle/cache/internal/DefaultFileLockManager$DefaultFileLock$$Lambda+0x00000222908270c0
instanceKlass  @bci org/gradle/cache/internal/DefaultFileLockManager$DefaultFileLock close ()V 10 <appendix> member <vmtarget> ; # org/gradle/cache/internal/DefaultFileLockManager$DefaultFileLock$$Lambda+0x0000022290826e98
instanceKlass org/gradle/launcher/daemon/registry/DaemonStopEvent$Serializer
instanceKlass org/gradle/launcher/daemon/registry/DaemonStopEvent
instanceKlass org/gradle/launcher/daemon/registry/DaemonInfo
instanceKlass org/gradle/jvm/toolchain/internal/DefaultJavaLanguageVersion$1
instanceKlass org/gradle/jvm/toolchain/internal/DefaultJavaLanguageVersion
instanceKlass org/gradle/jvm/toolchain/JavaLanguageVersion
instanceKlass org/gradle/launcher/daemon/context/DefaultDaemonContext$Serializer
instanceKlass org/gradle/launcher/daemon/context/DefaultDaemonContext
instanceKlass org/gradle/launcher/daemon/context/DaemonContext
instanceKlass org/gradle/launcher/daemon/registry/DaemonInfo$Serializer
instanceKlass org/gradle/internal/remote/internal/inet/MultiChoiceAddress
instanceKlass org/gradle/internal/remote/internal/inet/InetEndpoint
instanceKlass org/gradle/internal/remote/Address
instanceKlass org/gradle/internal/serialize/AbstractDecoder
instanceKlass org/gradle/cache/internal/filelock/DefaultLockStateSerializer$SequenceNumberLockState
instanceKlass org/gradle/internal/time/ExponentialBackoff$Result
instanceKlass org/gradle/cache/internal/filelock/FileLockOutcome
instanceKlass org/gradle/cache/internal/DefaultFileLockManager$DefaultFileLock$1
instanceKlass org/gradle/internal/time/ExponentialBackoff
instanceKlass org/gradle/cache/internal/DefaultFileLockManager$AwaitableFileLockReleasedSignal
instanceKlass org/gradle/cache/FileLockReleasedSignal
instanceKlass org/gradle/cache/internal/filelock/LockInfoSerializer
instanceKlass lombok/launch/PatchFixesHider$PatchFixes
instanceKlass org/gradle/cache/internal/filelock/LockInfoAccess
instanceKlass org/gradle/cache/internal/filelock/LockFileAccess
instanceKlass  @bci org/gradle/cache/internal/DefaultFileLockManager$DefaultFileLock <init> (Lorg/gradle/cache/internal/DefaultFileLockManager;Ljava/io/File;Lorg/gradle/cache/LockOptions;Ljava/lang/String;Ljava/lang/String;ILjava/util/function/Consumer;)V 188 <appendix> member <vmtarget> ; # org/gradle/cache/internal/DefaultFileLockManager$DefaultFileLock$$Lambda+0x0000022290821680
instanceKlass org/gradle/cache/internal/filelock/LockStateAccess
instanceKlass org/gradle/cache/internal/filelock/LockState
instanceKlass org/gradle/cache/internal/filelock/DefaultLockStateSerializer
instanceKlass org/eclipse/jdt/internal/compiler/parser/TypeConverter
instanceKlass org/gradle/internal/time/ExponentialBackoff$Query
instanceKlass org/gradle/cache/FileLock$State
instanceKlass org/gradle/cache/internal/filelock/LockStateSerializer
instanceKlass  @bci org/gradle/cache/internal/FileBackedObjectHolder get ()Ljava/lang/Object; 5 <appendix> member <vmtarget> ; # org/gradle/cache/internal/FileBackedObjectHolder$$Lambda+0x0000022290820000
instanceKlass net/rubygrapefruit/platform/internal/jni/PosixProcessFunctions
instanceKlass org/gradle/launcher/exec/DefaultBuildActionParameters
instanceKlass org/gradle/internal/classpath/DefaultClassPath
instanceKlass org/gradle/internal/classpath/ClassPath
instanceKlass org/gradle/internal/logging/source/NoOpLoggingSystem$1
instanceKlass  @bci org/gradle/internal/logging/console/ThrottlingOutputEventListener scheduleUpdateNow ()V 5 <appendix> member <vmtarget> ; # org/gradle/internal/logging/console/ThrottlingOutputEventListener$$Lambda+0x000002229081f9d0
instanceKlass org/gradle/internal/logging/console/ThrottlingOutputEventListener
instanceKlass org/gradle/internal/logging/format/PrettyPrefixedLogHeaderFormatter
instanceKlass org/gradle/internal/logging/sink/GroupingProgressLogEventGenerator
instanceKlass org/gradle/internal/logging/console/BuildLogLevelFilterRenderer
instanceKlass org/gradle/internal/logging/console/AbstractUserInputRenderer
instanceKlass org/gradle/internal/logging/sink/ErrorOutputDispatchingListener
instanceKlass org/gradle/internal/logging/text/AbstractLineChoppingStyledTextOutput$SeenFromEol
instanceKlass org/gradle/internal/logging/text/AbstractLineChoppingStyledTextOutput$4
instanceKlass org/gradle/internal/logging/text/AbstractLineChoppingStyledTextOutput$3
instanceKlass org/gradle/internal/logging/text/AbstractLineChoppingStyledTextOutput$2
instanceKlass org/gradle/internal/logging/text/AbstractLineChoppingStyledTextOutput$1
instanceKlass org/gradle/internal/logging/text/AbstractLineChoppingStyledTextOutput$State
instanceKlass org/gradle/internal/logging/text/StreamBackedStandardOutputListener
instanceKlass org/gradle/internal/logging/text/AbstractStyledTextOutput
instanceKlass org/gradle/internal/logging/console/StyledTextOutputBackedRenderer
instanceKlass org/gradle/internal/logging/console/Console
instanceKlass org/gradle/internal/logging/sink/ConsoleConfigureAction
instanceKlass org/gradle/tooling/internal/provider/LoggingBridgingBuildActionExecuter$OutputEventListenerAdapter
instanceKlass org/gradle/internal/logging/services/DefaultLoggingManager$ConsoleAttachment
instanceKlass org/gradle/tooling/internal/provider/ConnectionOperationParameters
# instanceKlass java/lang/invoke/LambdaForm$MH+0x000002229081ac00
# instanceKlass java/lang/invoke/LambdaForm$MH+0x000002229081a800
# instanceKlass java/lang/invoke/LambdaForm$BMH+0x000002229081a400
# instanceKlass java/lang/invoke/LambdaForm$DMH+0x000002229081a000
instanceKlass org/gradle/configuration/GradleLauncherMetaData
instanceKlass org/gradle/internal/daemon/client/execution/ClientBuildRequestContext
instanceKlass org/gradle/tooling/internal/provider/DaemonBuildActionExecuter
instanceKlass org/gradle/tooling/internal/provider/LoggingBridgingBuildActionExecuter
instanceKlass org/eclipse/jdt/internal/compiler/env/AccessRuleSet
instanceKlass org/gradle/launcher/daemon/context/DaemonCompatibilitySpec
# instanceKlass java/lang/invoke/LambdaForm$MH+0x0000022290819c00
# instanceKlass java/lang/invoke/LambdaForm$MH+0x0000022290819800
# instanceKlass java/lang/invoke/LambdaForm$MH+0x0000022290819400
# instanceKlass java/lang/invoke/LambdaForm$MH+0x0000022290819000
# instanceKlass java/lang/invoke/LambdaForm$MH+0x0000022290818c00
# instanceKlass java/lang/invoke/LambdaForm$MH+0x0000022290818800
# instanceKlass java/lang/invoke/LambdaForm$MH+0x0000022290818400
# instanceKlass java/lang/invoke/LambdaForm$MH+0x0000022290818000
instanceKlass org/gradle/launcher/daemon/protocol/DaemonMessageSerializer$OutputMessageSerializer
instanceKlass org/gradle/internal/logging/serializer/LogLevelChangeEventSerializer
instanceKlass org/gradle/internal/logging/serializer/ProgressEventSerializer
instanceKlass org/gradle/internal/logging/serializer/ProgressCompleteEventSerializer
instanceKlass org/eclipse/jdt/internal/core/JavaModelManager$17
instanceKlass org/gradle/internal/operations/BuildOperationMetadata
instanceKlass org/gradle/internal/logging/serializer/ProgressStartEventSerializer
instanceKlass org/gradle/internal/logging/serializer/SpanSerializer
instanceKlass org/gradle/internal/logging/serializer/StyledTextOutputEventSerializer
instanceKlass org/gradle/internal/logging/serializer/ReadStdInEventSerializer
instanceKlass org/gradle/internal/logging/serializer/UserInputResumeEventSerializer
instanceKlass org/gradle/internal/logging/serializer/SelectOptionPromptEventSerializer
instanceKlass org/gradle/internal/logging/serializer/IntQuestionPromptEventSerializer
instanceKlass org/gradle/internal/logging/serializer/TextQuestionPromptEventSerializer
instanceKlass org/eclipse/jdt/internal/compiler/classfmt/TypeAnnotationWalker
instanceKlass org/gradle/internal/logging/serializer/BooleanQuestionPromptEventSerializer
instanceKlass org/gradle/internal/logging/serializer/YesNoQuestionPromptEventSerializer
instanceKlass org/gradle/internal/logging/serializer/UserInputRequestEventSerializer
instanceKlass org/gradle/internal/logging/serializer/LogEventSerializer
instanceKlass org/gradle/internal/logging/serializer/OutputEventSerializer
instanceKlass org/gradle/launcher/daemon/protocol/DaemonMessageSerializer$CloseInputSerializer
instanceKlass org/gradle/launcher/daemon/protocol/DaemonMessageSerializer$UserResponseSerializer
instanceKlass org/gradle/launcher/daemon/protocol/DaemonMessageSerializer$ForwardInputSerializer
instanceKlass org/gradle/launcher/daemon/protocol/DaemonMessageSerializer$BuildEventSerializer
instanceKlass org/gradle/launcher/daemon/protocol/DaemonMessageSerializer$FinishedSerializer
instanceKlass org/gradle/launcher/daemon/protocol/DaemonMessageSerializer$SuccessSerializer
instanceKlass org/gradle/launcher/daemon/protocol/DaemonMessageSerializer$FailureSerializer
instanceKlass org/gradle/launcher/daemon/protocol/DaemonMessageSerializer$BuildStartedSerializer
instanceKlass org/gradle/launcher/daemon/protocol/DaemonMessageSerializer$DaemonUnavailableSerializer
instanceKlass org/gradle/launcher/daemon/protocol/DaemonMessageSerializer$CancelSerializer
instanceKlass org/gradle/launcher/exec/BuildActionParameters
instanceKlass org/gradle/launcher/daemon/protocol/DaemonMessageSerializer$BuildActionParametersSerializer
instanceKlass org/gradle/launcher/daemon/protocol/DaemonMessageSerializer$BuildSerializer
instanceKlass org/gradle/launcher/daemon/protocol/Message
instanceKlass org/gradle/launcher/daemon/protocol/DaemonMessageSerializer
instanceKlass  @bci org/gradle/internal/event/DefaultListenerManager$ExclusiveEventBroadcast doAdd (Lorg/gradle/internal/event/DefaultListenerManager$ListenerDetails;)V 3 <appendix> member <vmtarget> ; # org/gradle/internal/event/DefaultListenerManager$ExclusiveEventBroadcast$$Lambda+0x000002229080a228
instanceKlass org/gradle/launcher/daemon/client/DaemonClientConnection$StaleAddressDetector
instanceKlass org/gradle/launcher/daemon/context/DaemonConnectDetails
instanceKlass org/gradle/launcher/daemon/client/DefaultDaemonConnector
# instanceKlass java/lang/invoke/LambdaForm$MH+0x000002229080e000
# instanceKlass java/lang/invoke/LambdaForm$MH+0x000002229080dc00
# instanceKlass java/lang/invoke/LambdaForm$MH+0x000002229080d800
# instanceKlass java/lang/invoke/LambdaForm$MH+0x000002229080d400
# instanceKlass java/lang/invoke/LambdaForm$MH+0x000002229080d000
# instanceKlass java/lang/invoke/LambdaForm$MH+0x000002229080cc00
# instanceKlass java/lang/invoke/LambdaForm$MH+0x000002229080c800
# instanceKlass java/lang/invoke/LambdaForm$MH+0x000002229080c400
# instanceKlass java/lang/invoke/LambdaForm$MH+0x000002229080c000
instanceKlass org/gradle/internal/serialize/DefaultSerializerRegistry$TypeInfo
instanceKlass java/util/concurrent/ConcurrentSkipListMap$Iter
instanceKlass org/gradle/tooling/internal/protocol/test/InternalTaskSpec
instanceKlass org/gradle/tooling/internal/provider/action/BuildActionSerializer$InternalTaskSpecSerializer
instanceKlass org/gradle/tooling/internal/provider/action/BuildActionSerializer$TestExecutionRequestActionSerializer
instanceKlass  @bci org/eclipse/jdt/internal/compiler/lookup/LookupEnvironment askForType ([[CLorg/eclipse/jdt/internal/compiler/lookup/ModuleBinding;)Lorg/eclipse/jdt/internal/compiler/lookup/ReferenceBinding; 48 <appendix> member <vmtarget> ; # org/eclipse/jdt/internal/compiler/lookup/LookupEnvironment$$Lambda+0x00000222907f88d0
instanceKlass org/eclipse/jdt/internal/compiler/lookup/ExtendedTagBits
instanceKlass lombok/eclipse/EcjAugments$EclipseAugments
instanceKlass org/gradle/tooling/internal/provider/action/BuildActionSerializer$ClientProvidedPhasedActionSerializer
instanceKlass org/gradle/tooling/internal/provider/serialization/SerializedPayloadSerializer
instanceKlass lombok/eclipse/agent/PatchDelegate$EclipseOnlyMethods
instanceKlass org/gradle/tooling/internal/provider/action/BuildActionSerializer$ClientProvidedBuildActionSerializer
instanceKlass org/gradle/tooling/internal/provider/action/BuildActionSerializer$BuildEventSubscriptionsSerializer
# instanceKlass java/lang/invoke/LambdaForm$MH+0x0000022290807400
instanceKlass org/gradle/tooling/internal/provider/action/BuildActionSerializer$BuildModelActionSerializer
# instanceKlass java/lang/invoke/LambdaForm$MH+0x0000022290807000
instanceKlass org/gradle/tooling/internal/provider/action/BuildActionSerializer$ValueSerializer
instanceKlass lombok/eclipse/agent/PatchDelegatePortal$Reflection
instanceKlass org/gradle/internal/serialize/AbstractCollectionSerializer
instanceKlass org/gradle/tooling/internal/provider/action/BuildActionSerializer$NullableFileSerializer
instanceKlass lombok/eclipse/agent/PatchDelegate$BindingTuple
instanceKlass org/gradle/tooling/internal/provider/action/BuildActionSerializer$StartParameterSerializer
instanceKlass org/gradle/tooling/internal/provider/action/BuildActionSerializer$ExecuteBuildActionSerializer
instanceKlass org/gradle/tooling/internal/provider/action/ExecuteBuildAction
instanceKlass org/gradle/tooling/internal/provider/action/BuildActionSerializer
instanceKlass org/gradle/internal/logging/services/ProgressLoggingBridge
instanceKlass org/gradle/internal/logging/progress/ProgressLogger
instanceKlass org/gradle/internal/logging/progress/DefaultProgressLoggerFactory
# instanceKlass java/lang/invoke/LambdaForm$MH+0x0000022290806c00
# instanceKlass java/lang/invoke/LambdaForm$MH+0x0000022290806800
# instanceKlass java/lang/invoke/LambdaForm$MH+0x0000022290806400
instanceKlass org/gradle/internal/operations/DefaultBuildOperationIdFactory
instanceKlass org/gradle/internal/serialize/FlushableEncoder
instanceKlass org/gradle/jvm/toolchain/JavaToolchainSpec
instanceKlass org/gradle/api/Describable
instanceKlass org/gradle/launcher/daemon/client/DefaultDaemonStarter
instanceKlass  @bci org/gradle/launcher/daemon/client/DaemonClientServicesSupport createDaemonStarter (Lorg/gradle/launcher/daemon/registry/DaemonDir;Lorg/gradle/launcher/daemon/configuration/DaemonParameters;Lorg/gradle/launcher/daemon/client/DaemonGreeter;Lorg/gradle/internal/jvm/inspection/JvmVersionDetector;Lorg/gradle/launcher/daemon/context/DaemonRequestContext;Lorg/gradle/api/internal/provider/PropertyFactory;Lorg/gradle/internal/service/ServiceRegistry;)Lorg/gradle/launcher/daemon/client/DaemonStarter; 5 <appendix> member <vmtarget> ; # org/gradle/launcher/daemon/client/DaemonClientServicesSupport$$Lambda+0x0000022290800f58
instanceKlass  @bci org/gradle/internal/lazy/Lazy unsafe ()Lorg/gradle/internal/lazy/Lazy$Factory; 0 <appendix> argL0 ; # org/gradle/internal/lazy/Lazy$$Lambda+0x0000022290800d38
instanceKlass org/gradle/internal/lazy/UnsafeLazy
instanceKlass org/gradle/internal/lazy/Lazy$Factory
instanceKlass org/gradle/internal/lazy/Lazy
# instanceKlass java/lang/invoke/LambdaForm$MH+0x0000022290806000
# instanceKlass java/lang/invoke/LambdaForm$MH+0x0000022290805c00
# instanceKlass java/lang/invoke/LambdaForm$MH+0x0000022290805800
# instanceKlass java/lang/invoke/LambdaForm$MH+0x0000022290805400
# instanceKlass java/lang/invoke/LambdaForm$MH+0x0000022290805000
# instanceKlass java/lang/invoke/LambdaForm$MH+0x0000022290804c00
# instanceKlass java/lang/invoke/LambdaForm$MH+0x0000022290804800
# instanceKlass java/lang/invoke/LambdaForm$MH+0x0000022290804400
# instanceKlass java/lang/invoke/LambdaForm$MH+0x0000022290804000
instanceKlass org/gradle/internal/jvm/inspection/DefaultJvmVersionDetector
instanceKlass org/gradle/cache/internal/DefaultCacheCoordinator$IndexedCacheEntry
instanceKlass org/gradle/cache/internal/DefaultMultiProcessSafeIndexedCache
instanceKlass  @bci org/gradle/cache/internal/DefaultCacheCoordinator newCache (Lorg/gradle/cache/IndexedCacheParameters;)Lorg/gradle/cache/MultiProcessSafeIndexedCache; 72 <appendix> member <vmtarget> ; # org/gradle/cache/internal/DefaultCacheCoordinator$$Lambda+0x00000222907ff9d0
instanceKlass org/gradle/cache/internal/btree/BTreePersistentIndexedCache
instanceKlass org/gradle/internal/serialize/AbstractSerializer
instanceKlass lombok/eclipse/agent/PatchDelegate
instanceKlass org/gradle/internal/serialize/BaseSerializerFactory
instanceKlass org/gradle/cache/IndexedCacheParameters
instanceKlass org/gradle/internal/jvm/inspection/PersistentJvmMetadataDetector$JvmInstallationMetadataSerializer
instanceKlass org/gradle/internal/jvm/inspection/PersistentJvmMetadataDetector$FileSerializer
instanceKlass org/gradle/cache/internal/DefaultCacheFactory$ReferenceTrackingPersistentCache
instanceKlass org/gradle/cache/internal/DefaultCacheFactory$DirCacheReference
instanceKlass org/gradle/cache/internal/cacheops/CacheOperationStack
instanceKlass  @bci org/gradle/cache/internal/DefaultCacheCoordinator open ()V 2 <appendix> member <vmtarget> ; # org/gradle/cache/internal/DefaultCacheCoordinator$$Lambda+0x00000222907f7a10
instanceKlass org/gradle/cache/internal/DefaultCacheCoordinator$TransparentFileAccess
instanceKlass  @bci org/gradle/cache/internal/DefaultCacheCoordinator <init> (Ljava/lang/String;Ljava/io/File;Lorg/gradle/cache/LockOptions;Ljava/io/File;Lorg/gradle/cache/FileLockManager;Lorg/gradle/cache/internal/CacheInitializationAction;Lorg/gradle/cache/internal/CacheCleanupExecutor;Lorg/gradle/internal/concurrent/ExecutorFactory;)V 318 <appendix> member <vmtarget> ; # org/gradle/cache/internal/DefaultCacheCoordinator$$Lambda+0x00000222907f7590
instanceKlass org/gradle/cache/internal/DefaultCacheCoordinator$1
instanceKlass  @bci org/gradle/cache/internal/DefaultCacheCoordinator <init> (Ljava/lang/String;Ljava/io/File;Lorg/gradle/cache/LockOptions;Ljava/io/File;Lorg/gradle/cache/FileLockManager;Lorg/gradle/cache/internal/CacheInitializationAction;Lorg/gradle/cache/internal/CacheCleanupExecutor;Lorg/gradle/internal/concurrent/ExecutorFactory;)V 82 <appendix> member <vmtarget> ; # org/gradle/cache/internal/DefaultCacheCoordinator$$Lambda+0x00000222907f7150
instanceKlass lombok/eclipse/agent/PatchDelegatePortal
instanceKlass  @bci org/gradle/cache/internal/DefaultCacheCoordinator <init> (Ljava/lang/String;Ljava/io/File;Lorg/gradle/cache/LockOptions;Ljava/io/File;Lorg/gradle/cache/FileLockManager;Lorg/gradle/cache/internal/CacheInitializationAction;Lorg/gradle/cache/internal/CacheCleanupExecutor;Lorg/gradle/internal/concurrent/ExecutorFactory;)V 74 <appendix> member <vmtarget> ; # org/gradle/cache/internal/DefaultCacheCoordinator$$Lambda+0x00000222907f6f18
instanceKlass org/gradle/cache/internal/cacheops/CacheAccessOperationsStack
instanceKlass org/gradle/cache/internal/CacheInitializationAction$1
instanceKlass org/gradle/cache/internal/CacheInitializationAction
instanceKlass lombok/launch/PatchFixesHider$Delegate
instanceKlass org/gradle/cache/MultiProcessSafeIndexedCache
instanceKlass org/gradle/cache/UnitOfWorkParticipant
instanceKlass org/gradle/cache/AsyncCacheAccess
instanceKlass org/eclipse/jdt/internal/compiler/lookup/AnnotationHolder
instanceKlass org/gradle/cache/internal/AbstractCrossProcessCacheAccess
instanceKlass org/gradle/cache/CrossProcessCacheAccess
instanceKlass org/gradle/cache/internal/DefaultCacheCoordinator
instanceKlass org/gradle/cache/internal/CacheCreationCoordinator
instanceKlass org/eclipse/jdt/internal/compiler/lookup/TypeSystem$HashedParameterizedTypes$PTBKey
instanceKlass  @bci org/eclipse/jdt/internal/compiler/lookup/LookupEnvironment getTypeArgumentsFromSignature (Lorg/eclipse/jdt/internal/compiler/lookup/SignatureWrapper;[Lorg/eclipse/jdt/internal/compiler/lookup/TypeVariableBinding;Lorg/eclipse/jdt/internal/compiler/lookup/ReferenceBinding;Lorg/eclipse/jdt/internal/compiler/lookup/ReferenceBinding;[[[CLorg/eclipse/jdt/internal/compiler/env/ITypeAnnotationWalker;)[Lorg/eclipse/jdt/internal/compiler/lookup/TypeBinding; 72 <appendix> argL0 ; # org/eclipse/jdt/internal/compiler/lookup/LookupEnvironment$$Lambda+0x00000222907efb40
instanceKlass org/apache/commons/io/filefilter/IOFileFilter
instanceKlass org/apache/commons/io/file/PathFilter
instanceKlass org/eclipse/jdt/internal/compiler/lookup/SignatureWrapper
instanceKlass org/eclipse/jdt/internal/compiler/env/ITypeAnnotationWalker$1
instanceKlass org/apache/commons/io/FileUtils
instanceKlass org/eclipse/jdt/internal/compiler/env/ITypeAnnotationWalker
instanceKlass org/gradle/cache/internal/DefaultCacheCleanupExecutor
instanceKlass org/gradle/cache/IndexedCache
instanceKlass org/gradle/cache/internal/CacheCleanupExecutor
instanceKlass org/eclipse/jdt/internal/compiler/lookup/BinaryTypeBinding$VariableBindingInitialization
instanceKlass org/gradle/cache/internal/DefaultPersistentDirectoryStore
instanceKlass org/eclipse/jdt/internal/compiler/lookup/LookupEnvironment$GlobalDataMemento
instanceKlass  @bci org/gradle/cache/internal/DefaultCacheFactory open (Ljava/io/File;Ljava/lang/String;Ljava/util/Map;Lorg/gradle/cache/LockOptions;Ljava/util/function/Consumer;Lorg/gradle/cache/CacheCleanupStrategy;)Lorg/gradle/cache/PersistentCache; 26 <appendix> form vmentry <vmtarget> ; # java/lang/invoke/LambdaForm$DMH+0x00000222907ed800
instanceKlass  @bci org/gradle/cache/internal/DefaultCacheFactory open (Ljava/io/File;Ljava/lang/String;Ljava/util/Map;Lorg/gradle/cache/LockOptions;Ljava/util/function/Consumer;Lorg/gradle/cache/CacheCleanupStrategy;)Lorg/gradle/cache/PersistentCache; 26 <appendix> member <vmtarget> ; # org/gradle/cache/internal/DefaultCacheFactory$$Lambda+0x00000222907eb5c8
instanceKlass org/gradle/cache/internal/filelock/DefaultLockOptions
instanceKlass org/gradle/cache/CacheCleanupStrategy$1
instanceKlass org/gradle/cache/CacheCleanupStrategy
instanceKlass org/gradle/cache/internal/DefaultCacheBuilder
instanceKlass org/gradle/cache/internal/scopes/DefaultCacheScopeMapping$1
instanceKlass  @bci org/eclipse/jdt/internal/core/NameLookup findType (Ljava/lang/String;Ljava/lang/String;ZIZZZLorg/eclipse/core/runtime/IProgressMonitor;[Lorg/eclipse/jdt/core/IPackageFragmentRoot;I)Lorg/eclipse/jdt/internal/core/NameLookup$Answer; 286 <appendix> member <vmtarget> ; # org/eclipse/jdt/internal/core/NameLookup$$Lambda+0x00000222907c7628
instanceKlass  @bci org/eclipse/jdt/internal/compiler/lookup/CompilationUnitScope checkAndSetImports ()V 280 <appendix> member <vmtarget> ; # org/eclipse/jdt/internal/compiler/lookup/CompilationUnitScope$$Lambda+0x00000222907ee250
instanceKlass  @bci java/util/function/Predicate negate ()Ljava/util/function/Predicate; 1 <appendix> member <vmtarget> ; # java/util/function/Predicate$$Lambda+0x00000222903faee0
instanceKlass  @cpi java/util/function/Predicate 75 form vmentry <vmtarget> ; # java/lang/invoke/LambdaForm$DMH+0x00000222907ed400
instanceKlass org/gradle/internal/jvm/inspection/JvmInstallationMetadata
instanceKlass  @bci org/eclipse/jdt/internal/compiler/lookup/CompilationUnitScope checkAndSetImports ()V 265 <appendix> argL0 ; # org/eclipse/jdt/internal/compiler/lookup/CompilationUnitScope$$Lambda+0x00000222907ee000
instanceKlass org/gradle/internal/jvm/inspection/DefaultJvmMetadataDetector
instanceKlass org/gradle/internal/jvm/inspection/PersistentJvmMetadataDetector
# instanceKlass java/lang/invoke/LambdaForm$MH+0x00000222907ed000
# instanceKlass java/lang/invoke/LambdaForm$MH+0x00000222907ecc00
instanceKlass  @bci org/eclipse/jdt/internal/compiler/lookup/ModuleBinding collectTransitiveDependencies (Ljava/util/Set;)V 6 <appendix> member <vmtarget> ; # org/eclipse/jdt/internal/compiler/lookup/ModuleBinding$$Lambda+0x00000222907e7aa8
# instanceKlass java/lang/invoke/LambdaForm$MH+0x00000222907ec800
instanceKlass org/gradle/cache/internal/scopes/DefaultCacheScopeMapping
instanceKlass  @bci org/eclipse/jdt/internal/compiler/lookup/ModuleBinding lambda$6 ()Ljava/util/Collection; 15 <appendix> argL0 ; # org/eclipse/jdt/internal/compiler/lookup/ModuleBinding$$Lambda+0x00000222907e7878
instanceKlass  @bci org/eclipse/jdt/internal/compiler/lookup/ModuleBinding lambda$6 ()Ljava/util/Collection; 10 <appendix> argL0 ; # org/eclipse/jdt/internal/compiler/lookup/ModuleBinding$$Lambda+0x00000222907e7648
instanceKlass org/gradle/cache/internal/CacheScopeMapping
instanceKlass  @bci org/eclipse/jdt/internal/compiler/lookup/ModuleBinding lambda$6 ()Ljava/util/Collection; 5 <appendix> argL0 ; # org/eclipse/jdt/internal/compiler/lookup/ModuleBinding$$Lambda+0x00000222907e7428
instanceKlass  @bci org/eclipse/jdt/internal/compiler/lookup/ModuleBinding dependencyCollector ()Ljava/util/function/Supplier; 1 <appendix> member <vmtarget> ; # org/eclipse/jdt/internal/compiler/lookup/ModuleBinding$$Lambda+0x00000222907e7200
# instanceKlass java/lang/invoke/LambdaForm$MH+0x00000222907ec400
# instanceKlass java/lang/invoke/LambdaForm$MH+0x00000222907ec000
instanceKlass org/gradle/cache/FineGrainedCacheBuilder
instanceKlass org/gradle/cache/CacheBuilder
instanceKlass  @bci org/eclipse/jdt/internal/compiler/lookup/LookupEnvironment askForType (Lorg/eclipse/jdt/internal/compiler/lookup/PackageBinding;[CLorg/eclipse/jdt/internal/compiler/lookup/ModuleBinding;)Lorg/eclipse/jdt/internal/compiler/lookup/ReferenceBinding; 63 <appendix> member <vmtarget> ; # org/eclipse/jdt/internal/compiler/lookup/LookupEnvironment$$Lambda+0x00000222907e6dc0
instanceKlass org/eclipse/jdt/internal/compiler/env/NameEnvironmentAnswer
instanceKlass org/gradle/cache/internal/DefaultUnscopedCacheBuilderFactory
instanceKlass org/gradle/cache/internal/ReferencablePersistentCache
instanceKlass org/gradle/cache/FineGrainedPersistentCache
instanceKlass org/gradle/cache/PersistentCache
instanceKlass org/gradle/cache/HasCleanupAction
instanceKlass org/gradle/cache/CleanableStore
instanceKlass org/gradle/cache/ExclusiveCacheAccessCoordinator
instanceKlass org/eclipse/jdt/internal/compiler/util/HashtableOfType
instanceKlass org/eclipse/jdt/internal/compiler/util/CharArrayHashMap
instanceKlass org/gradle/cache/internal/DefaultCacheFactory
instanceKlass  @bci org/eclipse/jdt/internal/compiler/lookup/ModuleBinding combineWithPackagesFromOtherRelevantModules (Lorg/eclipse/jdt/internal/compiler/lookup/PackageBinding;[[C[[C)Lorg/eclipse/jdt/internal/compiler/lookup/PackageBinding; 20 <appendix> member <vmtarget> ; # org/eclipse/jdt/internal/compiler/lookup/ModuleBinding$$Lambda+0x00000222907e5200
instanceKlass org/gradle/internal/concurrent/ExecutorPolicy$CatchAndRecordFailures
instanceKlass org/gradle/internal/concurrent/ThreadFactoryImpl
instanceKlass org/gradle/process/internal/ClientExecHandleBuilder
instanceKlass org/gradle/process/internal/BaseExecHandleBuilder
instanceKlass org/gradle/process/internal/DefaultClientExecHandleBuilderFactory
# instanceKlass java/lang/invoke/LambdaForm$MH+0x00000222907e1000
# instanceKlass java/lang/invoke/LambdaForm$MH+0x00000222907e0c00
# instanceKlass java/lang/invoke/LambdaForm$MH+0x00000222907e0800
# instanceKlass java/lang/invoke/LambdaForm$MH+0x00000222907e0400
instanceKlass org/gradle/initialization/DefaultBuildCancellationToken
instanceKlass org/gradle/internal/remote/internal/ConnectCompletion
instanceKlass org/gradle/internal/remote/internal/inet/TcpOutgoingConnector
instanceKlass org/gradle/internal/remote/internal/inet/MultiChoiceAddressSerializer
instanceKlass org/eclipse/jdt/internal/core/NameLookup$Answer
instanceKlass org/gradle/launcher/daemon/registry/DaemonRegistryContent$Serializer
instanceKlass  @bci org/eclipse/jdt/internal/core/NameLookup seekModule ([CZLorg/eclipse/jdt/internal/core/IJavaElementRequestor;I)V 161 <appendix> member <vmtarget> ; # org/eclipse/jdt/internal/core/NameLookup$$Lambda+0x00000222907c66c8
instanceKlass  @bci org/eclipse/jdt/internal/core/NameLookup seekModule ([CZLorg/eclipse/jdt/internal/core/IJavaElementRequestor;I)V 46 <appendix> argL0 ; # org/eclipse/jdt/internal/core/NameLookup$$Lambda+0x00000222907c64a8
instanceKlass org/eclipse/jdt/internal/core/NameLookup$IPrefixMatcherCharArray
instanceKlass org/gradle/launcher/daemon/registry/DaemonRegistryContent
instanceKlass  @bci org/eclipse/jdt/internal/compiler/lookup/ModuleBinding otherRelevantModules ([[C)Ljava/util/List; 43 <appendix> argL0 ; # org/eclipse/jdt/internal/compiler/lookup/ModuleBinding$$Lambda+0x00000222907e46e8
instanceKlass  @bci org/eclipse/jdt/internal/compiler/lookup/ModuleBinding otherRelevantModules ([[C)Ljava/util/List; 33 <appendix> member <vmtarget> ; # org/eclipse/jdt/internal/compiler/lookup/ModuleBinding$$Lambda+0x00000222907e44a0
instanceKlass org/gradle/cache/LockOptions
instanceKlass  @bci org/eclipse/jdt/internal/compiler/lookup/ModuleBinding otherRelevantModules ([[C)Ljava/util/List; 22 <appendix> argL0 ; # org/eclipse/jdt/internal/compiler/lookup/ModuleBinding$$Lambda+0x00000222907e4250
instanceKlass org/gradle/cache/internal/AbstractFileAccess
instanceKlass org/gradle/cache/internal/FileBackedObjectHolder
instanceKlass  @bci org/eclipse/jdt/internal/core/SearchableEnvironment getModuleDescription ([Lorg/eclipse/jdt/core/IPackageFragmentRoot;)Lorg/eclipse/jdt/core/IModuleDescription; 56 <appendix> member <vmtarget> ; # org/eclipse/jdt/internal/core/SearchableEnvironment$$Lambda+0x00000222907c6060
instanceKlass  @bci org/eclipse/jdt/internal/compiler/env/IModuleAwareNameEnvironment$LookupStrategy matches (Ljava/lang/Object;Ljava/util/function/Predicate;)Z 3 <appendix> argL0 ; # org/eclipse/jdt/internal/compiler/env/IModuleAwareNameEnvironment$LookupStrategy$$Lambda+0x00000222907e4000
instanceKlass org/gradle/cache/internal/FileIntegrityViolationSuppressingObjectHolderDecorator
instanceKlass  @bci org/eclipse/jdt/internal/core/SearchableEnvironment getModulesDeclaringPackage ([[C[C)[[C 332 <appendix> member <vmtarget> ; # org/eclipse/jdt/internal/core/SearchableEnvironment$$Lambda+0x00000222907c5e08
instanceKlass org/slf4j/helpers/BasicMarker
instanceKlass org/slf4j/MarkerFactory
instanceKlass org/gradle/api/logging/Logging
instanceKlass  @bci org/eclipse/jdt/internal/core/SearchableEnvironment getModulesDeclaringPackage ([[C[C)[[C 28 <appendix> argL0 ; # org/eclipse/jdt/internal/core/SearchableEnvironment$$Lambda+0x00000222907c5be8
instanceKlass org/gradle/cache/ObjectHolder$UpdateAction
instanceKlass  @bci org/eclipse/jdt/internal/core/SearchableEnvironment getModulesDeclaringPackage ([[C[C)[[C 18 <appendix> argL0 ; # org/eclipse/jdt/internal/core/SearchableEnvironment$$Lambda+0x00000222907c59a8
instanceKlass org/gradle/cache/ObjectHolder
instanceKlass org/gradle/launcher/daemon/registry/PersistentDaemonRegistry
instanceKlass  @bci org/gradle/cache/internal/CacheAccessSerializer get (Ljava/lang/Object;Ljava/util/function/Function;)Ljava/lang/Object; 7 <appendix> member <vmtarget> ; # org/gradle/cache/internal/CacheAccessSerializer$$Lambda+0x00000222907d9c60
instanceKlass  @bci org/gradle/cache/Cache get (Ljava/lang/Object;Ljava/util/function/Supplier;)Ljava/lang/Object; 3 <appendix> member <vmtarget> ; # org/gradle/cache/Cache$$Lambda+0x00000222907d9a18
instanceKlass  @bci org/gradle/launcher/daemon/registry/DaemonRegistryServices createDaemonRegistry (Lorg/gradle/launcher/daemon/registry/DaemonDir;Lorg/gradle/cache/FileLockManager;Lorg/gradle/internal/file/Chmod;)Lorg/gradle/launcher/daemon/registry/DaemonRegistry; 16 <appendix> member <vmtarget> ; # org/gradle/launcher/daemon/registry/DaemonRegistryServices$$Lambda+0x00000222907d97f0
# instanceKlass java/lang/invoke/LambdaForm$MH+0x00000222907e0000
# instanceKlass java/lang/invoke/LambdaForm$MH+0x00000222907d0c00
instanceKlass org/gradle/cache/internal/DefaultFileLockManager$RandomLongIdGenerator
instanceKlass org/gradle/cache/internal/DefaultProcessMetaDataProvider
instanceKlass org/gradle/internal/time/ExponentialBackoff$Signal
instanceKlass org/gradle/cache/FileLock
instanceKlass org/gradle/cache/FileAccess
instanceKlass java/util/function/LongSupplier
instanceKlass org/gradle/cache/internal/DefaultFileLockManager
instanceKlass org/eclipse/jdt/internal/compiler/impl/CompilerStats
instanceKlass org/eclipse/jdt/internal/compiler/util/HashtableOfModule
# instanceKlass java/lang/invoke/LambdaForm$MH+0x00000222907d0800
# instanceKlass java/lang/invoke/LambdaForm$MH+0x00000222907d0400
instanceKlass org/eclipse/jdt/internal/compiler/lookup/TypeSystem$HashedParameterizedTypes
instanceKlass it/unimi/dsi/fastutil/longs/Long2IntMap$FastEntrySet
instanceKlass it/unimi/dsi/fastutil/ints/IntCollection
instanceKlass it/unimi/dsi/fastutil/ints/IntIterable
instanceKlass org/eclipse/jdt/internal/compiler/ClassFilePool
instanceKlass org/eclipse/jdt/internal/compiler/util/CharArrayMap
instanceKlass org/eclipse/jdt/internal/compiler/util/CharDelegateMap
instanceKlass org/eclipse/jdt/internal/compiler/util/CharArrayMapper
instanceKlass java/util/function/IntBinaryOperator
instanceKlass it/unimi/dsi/fastutil/longs/AbstractLong2IntFunction
instanceKlass it/unimi/dsi/fastutil/longs/Long2IntMap
instanceKlass it/unimi/dsi/fastutil/longs/Long2IntFunction
instanceKlass java/util/function/LongToIntFunction
instanceKlass org/eclipse/jdt/internal/compiler/lookup/ImplicitNullAnnotationVerifier
instanceKlass it/unimi/dsi/fastutil/HashCommon
instanceKlass it/unimi/dsi/fastutil/longs/Long2ObjectMap$FastEntrySet
instanceKlass it/unimi/dsi/fastutil/objects/ObjectSet
instanceKlass it/unimi/dsi/fastutil/longs/LongSet
instanceKlass it/unimi/dsi/fastutil/longs/LongCollection
instanceKlass it/unimi/dsi/fastutil/longs/LongIterable
instanceKlass it/unimi/dsi/fastutil/objects/ObjectCollection
instanceKlass it/unimi/dsi/fastutil/objects/ObjectIterable
instanceKlass org/eclipse/jdt/internal/compiler/lookup/TypeSystem
instanceKlass org/eclipse/jdt/internal/compiler/lookup/LookupEnvironment
instanceKlass it/unimi/dsi/fastutil/longs/AbstractLong2ObjectFunction
instanceKlass org/eclipse/jdt/internal/compiler/lookup/ProblemReasons
instanceKlass it/unimi/dsi/fastutil/longs/Long2ObjectMap
instanceKlass it/unimi/dsi/fastutil/longs/Long2ObjectFunction
instanceKlass java/util/function/LongFunction
instanceKlass it/unimi/dsi/fastutil/Function
instanceKlass org/eclipse/jdt/internal/core/CompilationUnitProblemFinder$1
instanceKlass org/eclipse/jdt/internal/compiler/DefaultErrorHandlingPolicies$4
instanceKlass it/unimi/dsi/fastutil/Hash
instanceKlass sun/nio/ch/ExtendedSocketOption$1
instanceKlass sun/nio/ch/ExtendedSocketOption
instanceKlass sun/nio/ch/OptionKey
instanceKlass sun/nio/ch/SocketOptionRegistry$LazyInitialization
instanceKlass sun/nio/ch/SocketOptionRegistry$RegistryKey
instanceKlass sun/nio/ch/SocketOptionRegistry
instanceKlass sun/nio/ch/DatagramChannelImpl$DefaultOptionsHolder
instanceKlass java/net/StandardSocketOptions$StdSocketOption
instanceKlass java/net/StandardSocketOptions
instanceKlass  @bci sun/nio/ch/DatagramSocketAdaptor$DatagramSockets <clinit> ()V 0 <appendix> argL0 ; # sun/nio/ch/DatagramSocketAdaptor$DatagramSockets$$Lambda+0x00000222903f8800
instanceKlass sun/nio/ch/DatagramSocketAdaptor$DatagramSockets
instanceKlass  @bci sun/nio/ch/DatagramChannelImpl releaserFor (Ljava/io/FileDescriptor;[Lsun/nio/ch/NativeSocketAddress;)Ljava/lang/Runnable; 2 <appendix> member <vmtarget> ; # sun/nio/ch/DatagramChannelImpl$$Lambda+0x00000222903f8000
instanceKlass sun/nio/ch/NativeSocketAddress
instanceKlass sun/net/ResourceManager
instanceKlass jdk/net/ExtendedSocketOptions$2
instanceKlass jdk/net/ExtendedSocketOptions$PlatformSocketOptions
instanceKlass jdk/net/ExtendedSocketOptions$ExtSocketOption
instanceKlass java/net/SocketOption
instanceKlass jdk/net/ExtendedSocketOptions
instanceKlass sun/net/ext/ExtendedSocketOptions
instanceKlass sun/nio/ch/Net$1
instanceKlass sun/nio/ch/Net
instanceKlass java/nio/channels/MulticastChannel
instanceKlass  @bci sun/nio/ch/DefaultSelectorProvider <clinit> ()V 0 <appendix> argL0 ; # sun/nio/ch/DefaultSelectorProvider$$Lambda+0x00000222903f46b8
instanceKlass java/nio/channels/spi/SelectorProvider
instanceKlass sun/nio/ch/DefaultSelectorProvider
instanceKlass org/gradle/internal/remote/internal/inet/InetAddresses
instanceKlass java/net/InetSocketAddress$InetSocketAddressHolder
instanceKlass java/net/DatagramSocket
instanceKlass org/gradle/cache/internal/locklistener/DefaultFileLockCommunicator
instanceKlass org/gradle/internal/service/scopes/BasicGlobalScopeServices$1
instanceKlass org/gradle/cache/internal/locklistener/FileLockCommunicator
instanceKlass org/gradle/cache/internal/locklistener/DefaultFileLockContentionHandler
instanceKlass org/gradle/internal/concurrent/ManagedScheduledExecutor
instanceKlass org/gradle/internal/concurrent/ManagedThreadPoolExecutor
instanceKlass org/gradle/internal/concurrent/ManagedExecutor
instanceKlass org/gradle/internal/concurrent/AsyncStoppable
instanceKlass org/gradle/internal/concurrent/ExecutorPolicy
instanceKlass org/gradle/internal/concurrent/DefaultExecutorFactory
instanceKlass org/gradle/internal/nativeintegration/ReflectiveEnvironment
instanceKlass org/gradle/internal/nativeintegration/processenvironment/AbstractProcessEnvironment
instanceKlass net/rubygrapefruit/platform/internal/DefaultProcess
instanceKlass net/rubygrapefruit/platform/internal/WrapperProcess
instanceKlass net/rubygrapefruit/platform/file/WindowsFiles
instanceKlass net/rubygrapefruit/platform/file/Files
instanceKlass org/gradle/util/internal/GFileUtils
instanceKlass org/gradle/internal/concurrent/CompositeStoppable$1
# instanceKlass java/lang/invoke/LambdaForm$MH+0x00000222907d0000
instanceKlass org/gradle/cache/internal/scopes/AbstractScopedCacheBuilderFactory
instanceKlass org/gradle/initialization/layout/GlobalCacheDir
instanceKlass org/gradle/cache/scopes/GlobalScopedCacheBuilderFactory
instanceKlass org/gradle/launcher/daemon/client/DaemonClient
instanceKlass org/gradle/jvm/toolchain/internal/JavaToolchainQueryService
instanceKlass org/gradle/cache/scopes/ScopedCacheBuilderFactory
instanceKlass org/gradle/launcher/daemon/registry/DaemonDir
instanceKlass org/gradle/api/internal/specs/ExplainingSpec
instanceKlass org/gradle/launcher/daemon/client/DaemonConnector
instanceKlass org/gradle/internal/jvm/inspection/JvmVersionDetector
instanceKlass org/gradle/cache/UnscopedCacheBuilderFactory
instanceKlass org/gradle/launcher/daemon/client/DaemonStarter
instanceKlass org/gradle/launcher/daemon/client/DaemonClientServicesSupport
instanceKlass org/gradle/jvm/toolchain/internal/install/JavaToolchainProvisioningService
instanceKlass org/gradle/internal/jvm/inspection/JavaInstallationRegistry
instanceKlass org/gradle/internal/resource/ExternalResourceFactory
instanceKlass org/gradle/internal/resource/transport/http/HttpClientFactory
instanceKlass org/gradle/jvm/toolchain/internal/JdkCacheDirectory
instanceKlass org/gradle/api/internal/file/FileOperations
instanceKlass org/gradle/internal/jvm/inspection/JvmMetadataDetector
instanceKlass org/gradle/internal/hash/FileHasher
instanceKlass org/gradle/api/provider/ProviderFactory
instanceKlass org/gradle/api/internal/file/archive/DecompressionCoordinator
instanceKlass org/gradle/jvm/toolchain/internal/OsXJavaHomeCommand
instanceKlass org/gradle/launcher/daemon/toolchain/DaemonClientToolchainServices
instanceKlass org/gradle/cache/internal/Synchronizer
instanceKlass org/gradle/cache/internal/CacheSupport
instanceKlass org/gradle/cache/internal/CacheAccessSerializer
instanceKlass org/gradle/launcher/daemon/registry/DaemonRegistry
instanceKlass org/gradle/launcher/daemon/registry/DaemonRegistryServices
instanceKlass org/gradle/launcher/daemon/client/DaemonClientFactory$1
instanceKlass org/gradle/launcher/daemon/client/DaemonClientFactory$2
instanceKlass org/gradle/internal/logging/source/NoOpLoggingSystem
instanceKlass org/gradle/process/internal/streams/SafeStreams
instanceKlass org/gradle/tooling/internal/provider/action/SubscribableBuildAction
instanceKlass org/gradle/tooling/internal/provider/StreamedValueConsumer
instanceKlass org/gradle/tooling/internal/protocol/problem/InternalAdditionalData
instanceKlass org/gradle/internal/classloader/ClassLoaderVisitor
instanceKlass org/gradle/tooling/internal/provider/ProblemAdditionalDataRemapper
instanceKlass org/gradle/initialization/NoOpBuildEventConsumer
instanceKlass org/gradle/tooling/internal/consumer/parameters/FailsafeBuildProgressListenerAdapter
instanceKlass org/gradle/internal/build/event/BuildEventSubscriptions
instanceKlass com/google/common/collect/Hashing
instanceKlass com/google/common/collect/ImmutableMap$Builder
instanceKlass org/gradle/tooling/internal/provider/ProviderConnection$ProgressListenerConfiguration
instanceKlass org/gradle/tooling/model/build/Help
instanceKlass com/google/common/collect/Lists
instanceKlass org/gradle/internal/DefaultTaskExecutionRequest
instanceKlass org/gradle/tooling/internal/consumer/DefaultBuildLauncher$ResultHandlerAdapter$1
instanceKlass org/gradle/tooling/internal/consumer/DefaultBuildLauncher$1
instanceKlass org/eclipse/core/internal/resources/ProjectNatureDescriptor
instanceKlass org/eclipse/jdt/ls/core/internal/managers/ScalaGradleSupport
instanceKlass org/eclipse/jdt/internal/core/nd/java/model/BinaryTypeDescriptor
instanceKlass org/eclipse/jdt/internal/core/nd/util/CharArrayUtils
instanceKlass org/eclipse/jdt/internal/core/JavadocContents
instanceKlass org/eclipse/jdt/internal/core/IJavadocContents
instanceKlass org/eclipse/jdt/internal/core/ExternalJavadocSupport
instanceKlass org/eclipse/jdt/internal/compiler/classfmt/ExternalAnnotationDecorator$ZipFileProducer
instanceKlass org/eclipse/jdt/internal/core/SingleTypeRequestor
instanceKlass org/eclipse/jdt/internal/core/JavaElementRequestor
instanceKlass org/eclipse/jdt/internal/core/ModuleUpdater
instanceKlass  @bci org/eclipse/jdt/internal/core/SearchableEnvironment <init> (Lorg/eclipse/jdt/internal/core/JavaProject;[Lorg/eclipse/jdt/core/ICompilationUnit;ZI)V 82 <appendix> member <vmtarget> ; # org/eclipse/jdt/internal/core/SearchableEnvironment$$Lambda+0x00000222907c2b80
instanceKlass org/eclipse/jdt/core/JavaCore$JavaCallable
instanceKlass org/eclipse/jdt/internal/core/util/HashtableOfArrayToObject
instanceKlass org/eclipse/jdt/internal/core/JavaProjectElementInfo$ProjectCache
instanceKlass  @bci org/eclipse/jdt/internal/core/CompilationUnit getTypes ()[Lorg/eclipse/jdt/core/IType; 8 <appendix> argL0 ; # org/eclipse/jdt/internal/core/CompilationUnit$$Lambda+0x00000222907c2340
instanceKlass  @bci org/eclipse/jdt/internal/core/CompilationUnit getPackageDeclarations ()[Lorg/eclipse/jdt/core/IPackageDeclaration; 8 <appendix> argL0 ; # org/eclipse/jdt/internal/core/CompilationUnit$$Lambda+0x00000222907c2120
instanceKlass  @bci org/eclipse/jdt/internal/core/search/PatternSearchJob performParallelSearch ([Lorg/eclipse/jdt/internal/core/index/Index;Lorg/eclipse/core/runtime/SubMonitor;)Z 161 <appendix> member <vmtarget> ; # org/eclipse/jdt/internal/core/search/PatternSearchJob$$Lambda+0x00000222907c16e0
instanceKlass org/eclipse/jdt/internal/core/search/PatternSearchJob$IndexMatch
instanceKlass java/util/concurrent/ForkJoinPool$DefaultForkJoinWorkerThreadFactory$1
instanceKlass  @bci org/eclipse/jdt/internal/core/search/PatternSearchJob performParallelSearch ([Lorg/eclipse/jdt/internal/core/index/Index;Lorg/eclipse/core/runtime/SubMonitor;)Z 81 <appendix> member <vmtarget> ; # org/eclipse/jdt/internal/core/search/PatternSearchJob$$Lambda+0x00000222907c12a8
instanceKlass org/eclipse/jdt/internal/core/search/PatternSearchJob$IndexResult
instanceKlass org/eclipse/jdt/internal/core/search/IRestrictedAccessConstructorRequestor
instanceKlass org/eclipse/jdt/internal/core/SearchableEnvironment
instanceKlass org/eclipse/jdt/core/search/IJavaSearchConstants
instanceKlass org/eclipse/jdt/internal/compiler/env/IModuleAwareNameEnvironment
instanceKlass org/eclipse/jdt/internal/core/INameEnvironmentWithProgress
instanceKlass org/eclipse/jdt/internal/compiler/env/INameEnvironmentExtension
instanceKlass org/eclipse/jdt/internal/core/JavaElementDeltaBuilder$ListItem
instanceKlass org/eclipse/jdt/internal/core/JavaElementDeltaBuilder
instanceKlass  @bci org/eclipse/jdt/internal/core/index/MetaIndex addIndexEntry ([C[CLjava/lang/String;)V 18 <appendix> member <vmtarget> ; # org/eclipse/jdt/internal/core/index/MetaIndex$$Lambda+0x00000222907bb950
instanceKlass  @bci org/eclipse/jdt/internal/core/index/MetaIndex remove (Ljava/lang/String;)V 16 <appendix> member <vmtarget> ; # org/eclipse/jdt/internal/core/index/MetaIndex$$Lambda+0x00000222907bb718
instanceKlass org/eclipse/jdt/internal/core/index/MetaIndex
instanceKlass org/eclipse/jdt/internal/core/index/IndexQualifier
instanceKlass org/eclipse/jdt/internal/core/index/EntryResult
instanceKlass org/eclipse/jdt/internal/core/jdom/CompilationUnit
instanceKlass org/eclipse/jdt/internal/core/search/indexing/SourceIndexerRequestor
instanceKlass  @bci org/eclipse/jdt/ls/core/internal/handlers/BaseDocumentLifeCycleHandler performValidation (Lorg/eclipse/core/runtime/IProgressMonitor;)Lorg/eclipse/core/runtime/IStatus; 209 <adapter> ; # java/lang/invoke/LambdaForm$MH+0x00000222907bf400
# instanceKlass java/lang/invoke/LambdaForm$DMH+0x00000222907bf000
instanceKlass  @bci org/eclipse/jdt/ls/core/internal/handlers/BaseDocumentLifeCycleHandler performValidation (Lorg/eclipse/core/runtime/IProgressMonitor;)Lorg/eclipse/core/runtime/IStatus; 209 <appendix> form vmentry <vmtarget> ; # java/lang/invoke/LambdaForm$MH+0x00000222907bec00
instanceKlass  @bci org/eclipse/jdt/ls/core/internal/handlers/BaseDocumentLifeCycleHandler performValidation (Lorg/eclipse/core/runtime/IProgressMonitor;)Lorg/eclipse/core/runtime/IStatus; 209 <appendix> form names 4 function resolvedHandle form vmentry <vmtarget> ; # java/lang/invoke/LambdaForm$DMH+0x00000222907be800
instanceKlass  @bci org/eclipse/jdt/ls/core/internal/handlers/BaseDocumentLifeCycleHandler performValidation (Lorg/eclipse/core/runtime/IProgressMonitor;)Lorg/eclipse/core/runtime/IStatus; 209 <appendix> argL3 form vmentry <vmtarget> ; # java/lang/invoke/LambdaForm$MH+0x00000222907be400
# instanceKlass java/lang/invoke/LambdaForm$MH+0x00000222907be000
# instanceKlass java/lang/invoke/LambdaForm$MH+0x00000222907bdc00
# instanceKlass java/lang/invoke/LambdaForm$MH+0x00000222907bd800
# instanceKlass java/lang/invoke/LambdaForm$MH+0x00000222907bd400
instanceKlass  @bci org/eclipse/jdt/ls/core/internal/handlers/BaseDocumentLifeCycleHandler performValidation (Lorg/eclipse/core/runtime/IProgressMonitor;)Lorg/eclipse/core/runtime/IStatus; 209 <appendix> form names 8 function resolvedHandle form vmentry <vmtarget> ; # java/lang/invoke/LambdaForm$DMH+0x00000222907bd000
instanceKlass  @bci org/eclipse/jdt/ls/core/internal/handlers/BaseDocumentLifeCycleHandler performValidation (Lorg/eclipse/core/runtime/IProgressMonitor;)Lorg/eclipse/core/runtime/IStatus; 209 <appendix> argL1 form vmentry <vmtarget> ; # java/lang/invoke/LambdaForm$MH+0x00000222907bcc00
# instanceKlass java/lang/invoke/LambdaForm$MH+0x00000222907bc800
# instanceKlass java/lang/invoke/LambdaForm$MH+0x00000222907bc400
# instanceKlass java/lang/invoke/LambdaForm$MH+0x00000222907bc000
instanceKlass org/eclipse/jdt/internal/core/JavaModelManager$InvalidArchiveInfo
instanceKlass org/eclipse/jdt/internal/core/util/HashSetOfArray
instanceKlass  @bci org/eclipse/buildship/core/internal/workspace/GradleClasspathContainerRuntimeClasspathEntryResolver resolveRuntimeClasspathEntry (Lorg/eclipse/jdt/launching/IRuntimeClasspathEntry;Lorg/eclipse/jdt/core/IJavaProject;Lorg/eclipse/buildship/core/internal/launch/LaunchConfigurationScope;ZZ)[Lorg/eclipse/jdt/launching/IRuntimeClasspathEntry; 137 <appendix> argL0 ; # org/eclipse/buildship/core/internal/workspace/GradleClasspathContainerRuntimeClasspathEntryResolver$$Lambda+0x00000222907b53a8
instanceKlass java/util/stream/DistinctOps
instanceKlass  @bci org/eclipse/buildship/core/internal/workspace/GradleClasspathContainerRuntimeClasspathEntryResolver runtimeClasspathWithTestSources (Lorg/eclipse/jdt/core/IJavaProject;ZZ)[Lorg/eclipse/jdt/launching/IRuntimeClasspathEntry; 92 <appendix> argL0 ; # org/eclipse/buildship/core/internal/workspace/GradleClasspathContainerRuntimeClasspathEntryResolver$$Lambda+0x00000222907b5168
instanceKlass org/eclipse/buildship/core/internal/util/eclipse/PlatformUtils
instanceKlass org/eclipse/buildship/core/internal/workspace/GradleClasspathContainerRuntimeClasspathEntryResolver
instanceKlass org/eclipse/buildship/core/internal/launch/LaunchConfigurationScope
instanceKlass org/eclipse/jdt/launching/IRuntimeContainerComparator
instanceKlass  @bci org/eclipse/jdt/internal/launching/DefaultProjectClasspathEntry expandProjectInternal (Lorg/eclipse/jdt/core/IClasspathEntry;Ljava/util/List;Ljava/util/Set;Ljava/util/List;ZZLorg/eclipse/jdt/core/IJavaProject;Z)V 423 <appendix> argL0 ; # org/eclipse/jdt/internal/launching/DefaultProjectClasspathEntry$$Lambda+0x00000222907b1180
instanceKlass org/eclipse/jdt/launching/IRuntimeClasspathEntry2
instanceKlass org/eclipse/jdt/internal/launching/RuntimeClasspathEntry
instanceKlass org/eclipse/jdt/internal/launching/JRERuntimeClasspathEntryResolver
instanceKlass org/eclipse/jdt/internal/launching/RuntimeClasspathEntryResolver
instanceKlass org/eclipse/jdt/launching/IRuntimeClasspathEntryResolver2
instanceKlass org/eclipse/jdt/internal/launching/RuntimeClasspathProvider
instanceKlass org/eclipse/jdt/launching/IJavaLaunchConfigurationConstants
instanceKlass  @bci org/eclipse/jdt/ls/core/internal/commands/ProjectCommand getClasspathsFromJavaProject (Lorg/eclipse/jdt/core/IJavaProject;Lorg/eclipse/jdt/ls/core/internal/commands/ProjectCommand$ClasspathOptions;)Lorg/eclipse/jdt/ls/core/internal/commands/ProjectCommand$ClasspathResult; 141 <appendix> member <vmtarget> ; # org/eclipse/jdt/ls/core/internal/commands/ProjectCommand$$Lambda+0x00000222907aaac0
instanceKlass org/eclipse/jdt/ls/core/internal/commands/ProjectCommand$ClasspathResult
instanceKlass org/eclipse/debug/core/sourcelookup/ISourceLookupDirector
instanceKlass org/eclipse/debug/core/sourcelookup/IPersistableSourceLocator2
instanceKlass org/eclipse/debug/core/model/IPersistableSourceLocator
instanceKlass org/eclipse/debug/core/model/IBreakpoint
instanceKlass org/eclipse/debug/core/model/LaunchConfigurationDelegate
instanceKlass org/eclipse/debug/core/model/ILaunchConfigurationDelegate2
instanceKlass org/eclipse/debug/core/model/ILaunchConfigurationDelegate
instanceKlass org/eclipse/debug/internal/core/IInternalDebugCoreConstants
instanceKlass org/eclipse/debug/internal/core/Preferences
instanceKlass org/eclipse/debug/core/commands/IDebugCommandRequest
instanceKlass org/eclipse/debug/core/IRequest
instanceKlass org/eclipse/debug/internal/core/StepFilterManager
instanceKlass org/eclipse/debug/core/ILaunchListener
instanceKlass org/eclipse/debug/internal/core/LaunchDelegate
instanceKlass org/eclipse/debug/core/ILaunchConfigurationType
instanceKlass org/eclipse/debug/internal/core/LaunchConfigurationInfo
instanceKlass org/eclipse/debug/core/ILaunchConfigurationWorkingCopy
instanceKlass  @bci org/eclipse/jdt/ls/core/internal/managers/StandardProjectsManager getBuildSupport (Lorg/eclipse/core/resources/IProject;)Ljava/util/Optional; 5 <appendix> member <vmtarget> ; # org/eclipse/jdt/ls/core/internal/managers/StandardProjectsManager$$Lambda+0x00000222907a9c00
instanceKlass org/eclipse/jdt/ls/core/internal/commands/ProjectCommand
instanceKlass org/eclipse/jdt/ls/core/internal/commands/ProjectCommand$ClasspathOptions
instanceKlass org/eclipse/lsp4j/DidChangeWatchedFilesRegistrationOptions
instanceKlass org/eclipse/lsp4j/FileSystemWatcher
instanceKlass  @bci org/eclipse/jdt/ls/core/internal/managers/StandardProjectsManager registerWatchers ()Ljava/util/List; 817 <appendix> argL0 ; # org/eclipse/jdt/ls/core/internal/managers/StandardProjectsManager$$Lambda+0x00000222907a9390
instanceKlass  @bci org/eclipse/jdt/ls/core/internal/managers/StandardProjectsManager registerWatchers ()Ljava/util/List; 583 <appendix> argL0 ; # org/eclipse/jdt/ls/core/internal/managers/StandardProjectsManager$$Lambda+0x00000222907a9150
instanceKlass  @bci org/eclipse/jdt/ls/core/internal/managers/StandardProjectsManager lambda$9 (Ljava/util/Set;Lorg/eclipse/jdt/ls/core/internal/managers/IBuildSupport;)V 7 <appendix> member <vmtarget> ; # org/eclipse/jdt/ls/core/internal/managers/StandardProjectsManager$$Lambda+0x00000222907a8f18
instanceKlass  @bci org/eclipse/jdt/ls/core/internal/managers/StandardProjectsManager registerWatchers ()Ljava/util/List; 35 <appendix> member <vmtarget> ; # org/eclipse/jdt/ls/core/internal/managers/StandardProjectsManager$$Lambda+0x00000222907a8ce0
instanceKlass org/eclipse/jdt/ls/core/internal/JobHelpers$BuildJobMatcher
instanceKlass org/eclipse/jdt/ls/core/internal/handlers/IndexUtils
instanceKlass org/eclipse/jdt/ls/core/internal/framework/android/AndroidSupport
instanceKlass org/eclipse/jdt/ls/core/internal/framework/protobuf/ProtobufSupport
# instanceKlass com/google/gson/internal/ConstructorConstructor$$Lambda+0x0000022290588a90
instanceKlass  @bci com/google/gson/internal/ConstructorConstructor newUnsafeAllocator (Ljava/lang/Class;)Lcom/google/gson/internal/ObjectConstructor; 8 <appendix> member <vmtarget> ; # com/google/gson/internal/ConstructorConstructor$$Lambda+0x0000022290588868
instanceKlass org/eclipse/jdt/ls/core/internal/managers/TelemetryEvent
instanceKlass java/lang/Throwable$PrintStreamOrWriter
instanceKlass  @bci org/eclipse/jdt/launching/VMStandin init (Lorg/eclipse/jdt/launching/IVMInstall;)V 107 <appendix> member <vmtarget> ; # org/eclipse/jdt/launching/VMStandin$$Lambda+0x00000222905a6690
instanceKlass org/eclipse/jdt/ls/core/internal/preferences/PreferenceManager$1
instanceKlass  @bci org/springframework/tooling/jdt/ls/commons/classpath/ClasspathListenerManager$MyListener elementChanged (Lorg/eclipse/jdt/core/ElementChangedEvent;)V 9 <appendix> member <vmtarget> ; # org/springframework/tooling/jdt/ls/commons/classpath/ClasspathListenerManager$MyListener$$Lambda+0x0000022290709c08
instanceKlass org/eclipse/jdt/internal/core/DeltaProcessor$3
instanceKlass org/eclipse/jdt/internal/core/JavaElementDelta$Key
instanceKlass org/eclipse/jdt/internal/core/SimpleDelta
instanceKlass org/eclipse/jface/text/Line
instanceKlass org/eclipse/jface/text/DocumentEvent
instanceKlass org/eclipse/core/filebuffers/IDocumentSetupParticipant
instanceKlass org/eclipse/jface/text/Position
instanceKlass org/eclipse/jface/text/DefaultPositionUpdater
instanceKlass org/eclipse/jface/text/AbstractLineTracker$DelimiterInfo
instanceKlass org/eclipse/jface/text/AbstractLineTracker$SessionData
instanceKlass org/eclipse/jface/text/ListLineTracker
instanceKlass org/eclipse/jface/text/AbstractLineTracker
instanceKlass org/eclipse/jface/text/ILineTrackerExtension
instanceKlass org/eclipse/jface/text/CopyOnWriteTextStore$StringTextStore
instanceKlass org/eclipse/jface/text/GapTextStore
instanceKlass org/eclipse/jface/text/CopyOnWriteTextStore
instanceKlass org/eclipse/jface/text/ILineTracker
instanceKlass org/eclipse/jface/text/ITextStore
instanceKlass org/eclipse/jface/text/IPositionUpdater
instanceKlass org/eclipse/jface/text/ITypedRegion
instanceKlass org/eclipse/jface/text/AbstractDocument
instanceKlass org/eclipse/jface/text/IRepairableDocumentExtension
instanceKlass org/eclipse/jface/text/IRepairableDocument
instanceKlass org/eclipse/jface/text/IDocumentExtension4
instanceKlass org/eclipse/jface/text/IDocumentExtension3
instanceKlass org/eclipse/jface/text/IDocumentExtension2
instanceKlass org/eclipse/jface/text/IDocumentExtension
instanceKlass org/eclipse/jface/text/ISynchronizable
instanceKlass org/eclipse/core/internal/filebuffers/ExtensionsRegistry$ContentTypeAdapter
instanceKlass org/eclipse/core/internal/filebuffers/ResourceFileBuffer$SafeFileChange
instanceKlass org/eclipse/core/internal/filebuffers/ResourceFileBuffer$FileSynchronizer
instanceKlass org/eclipse/core/internal/filebuffers/ResourceTextFileBuffer$DocumentListener
instanceKlass org/eclipse/core/filebuffers/LocationKind
instanceKlass org/eclipse/core/internal/filebuffers/ExtensionsRegistry
instanceKlass org/eclipse/core/filebuffers/ITextFileBuffer
instanceKlass org/eclipse/core/internal/filebuffers/AbstractFileBuffer
instanceKlass org/eclipse/core/filebuffers/IStateValidationSupport
instanceKlass org/eclipse/core/filebuffers/IFileBuffer
instanceKlass org/eclipse/core/internal/filebuffers/TextFileBufferManager
instanceKlass org/eclipse/core/internal/filebuffers/FileBuffersPlugin
instanceKlass org/eclipse/core/filebuffers/ITextFileBufferManager
instanceKlass org/eclipse/core/filebuffers/IFileBufferManager
instanceKlass org/eclipse/core/filebuffers/FileBuffers
instanceKlass org/eclipse/jdt/ls/core/internal/DocumentAdapter$NullBuffer
instanceKlass org/eclipse/jdt/ls/core/internal/DocumentAdapter
instanceKlass org/eclipse/jface/text/IDocumentListener
instanceKlass org/eclipse/jdt/internal/core/JavaModelManager$PerWorkingCopyInfo
instanceKlass lombok/eclipse/Eclipse
instanceKlass lombok/core/AST
instanceKlass lombok/eclipse/handlers/EclipseHandlerUtil
instanceKlass lombok/core/FieldAugment
instanceKlass lombok/eclipse/EcjAugments$EclipseAugments
instanceKlass lombok/eclipse/agent/PatchDelegate$EclipseOnlyMethods
instanceKlass lombok/eclipse/agent/PatchDelegatePortal$Reflection
instanceKlass org/eclipse/jdt/internal/core/Buffer$1
instanceKlass  @bci org/eclipse/jdt/ls/core/internal/contentassist/CompletionProposalUtils addStaticImportsAsFavoriteImports (Lorg/eclipse/jdt/core/ICompilationUnit;)V 19 <appendix> argL0 ; # org/eclipse/jdt/ls/core/internal/contentassist/CompletionProposalUtils$$Lambda+0x000002229070f530
instanceKlass  @bci org/eclipse/jdt/ls/core/internal/contentassist/CompletionProposalUtils addStaticImportsAsFavoriteImports (Lorg/eclipse/jdt/core/ICompilationUnit;)V 9 <appendix> argL0 ; # org/eclipse/jdt/ls/core/internal/contentassist/CompletionProposalUtils$$Lambda+0x000002229070f2e0
instanceKlass org/eclipse/jdt/internal/compiler/ClassFile
instanceKlass  @bci org/eclipse/jdt/internal/core/CompilationUnitStructureRequestor getChildren (Ljava/lang/Object;)[Lorg/eclipse/jdt/core/IJavaElement; 17 <appendix> argL0 ; # org/eclipse/jdt/internal/core/CompilationUnitStructureRequestor$$Lambda+0x0000022290795c68
instanceKlass org/eclipse/jdt/internal/core/MemberValuePair
instanceKlass org/eclipse/jdt/internal/compiler/ISourceElementRequestor$ParameterInfo
instanceKlass org/eclipse/jdt/internal/compiler/ISourceElementRequestor$MethodInfo
instanceKlass lombok/permit/Permit$Fake
instanceKlass lombok/permit/Permit
instanceKlass lombok/launch/PatchFixesHider$FieldInitializer
instanceKlass org/eclipse/jdt/internal/compiler/ISourceElementRequestor$FieldInfo
instanceKlass org/eclipse/jdt/internal/compiler/ISourceElementRequestor$TypeInfo
instanceKlass  @bci org/eclipse/jdt/internal/compiler/ast/TypeDeclaration protoFieldDeclarations ()[Lorg/eclipse/jdt/internal/compiler/ast/AbstractVariableDeclaration; 30 <appendix> argL0 ; # org/eclipse/jdt/internal/compiler/ast/TypeDeclaration$$Lambda+0x000002229077f178
instanceKlass org/eclipse/jdt/internal/compiler/env/ISourceImport
instanceKlass lombok/var
instanceKlass lombok/val
instanceKlass lombok/core/AST$FieldAccess
instanceKlass  @bci org/eclipse/jdt/internal/compiler/parser/Scanner$Goal <clinit> ()V 468 <appendix> argL0 ; # org/eclipse/jdt/internal/compiler/parser/Scanner$Goal$$Lambda+0x000002229077df98
instanceKlass java/util/stream/Nodes$IntArrayNode
instanceKlass java/util/stream/Node$Builder$OfInt
instanceKlass  @bci java/util/stream/IntPipeline toArray ()[I 1 <appendix> argL0 ; # java/util/stream/IntPipeline$$Lambda+0x00000222903d3d48
instanceKlass  @bci org/eclipse/jdt/internal/compiler/parser/Scanner$Goal <clinit> ()V 444 <appendix> argL0 ; # org/eclipse/jdt/internal/compiler/parser/Scanner$Goal$$Lambda+0x000002229077dd78
instanceKlass org/eclipse/jdt/internal/compiler/parser/Scanner$Goal
instanceKlass lombok/eclipse/agent/PatchVal
instanceKlass org/eclipse/jdt/core/dom/ModuleModifier$ModuleModifierKeyword
instanceKlass org/eclipse/jdt/core/dom/InfixExpression$Operator
instanceKlass org/eclipse/jdt/core/dom/PrimitiveType$Code
instanceKlass org/eclipse/jdt/core/dom/ASTConverter$ISetJavaDoc
instanceKlass org/eclipse/jdt/core/dom/ASTConverter$IGetJavaDoc
instanceKlass org/eclipse/jdt/core/dom/ASTConverter
instanceKlass org/eclipse/jdt/internal/compiler/ReadManager
instanceKlass lombok/eclipse/agent/PatchValEclipse$Reflection
# instanceKlass java/lang/invoke/LambdaForm$MH+0x0000022290770000
# instanceKlass java/lang/invoke/LambdaForm$MH+0x0000022290769400
instanceKlass org/eclipse/jdt/core/dom/IExtendedModifier
instanceKlass org/eclipse/jdt/core/dom/Modifier$ModifierKeyword
instanceKlass org/eclipse/jdt/core/dom/AST
instanceKlass lombok/eclipse/agent/PatchValEclipse
instanceKlass lombok/eclipse/agent/PatchValEclipsePortal$Reflection
# instanceKlass java/lang/invoke/LambdaForm$MH+0x0000022290769000
# instanceKlass java/lang/invoke/LambdaForm$MH+0x0000022290768c00
instanceKlass lombok/eclipse/agent/PatchValEclipsePortal
instanceKlass lombok/launch/PatchFixesHider$ValPortal
instanceKlass lombok/core/TypeResolver
instanceKlass lombok/core/LombokImmutableList$1
instanceKlass org/eclipse/jdt/internal/compiler/codegen/AnnotationContext
instanceKlass lombok/eclipse/EclipseAstProblemView
instanceKlass lombok/eclipse/EclipseAST$EcjReflectionCheck
instanceKlass org/eclipse/jdt/internal/compiler/codegen/CodeStream
instanceKlass lombok/eclipse/handlers/EclipseHandlerUtil
instanceKlass lombok/eclipse/EclipseImportList
instanceKlass lombok/core/debug/DebugSnapshotStore
instanceKlass lombok/core/configuration/FileSystemSourceCache$Content
instanceKlass lombok/core/configuration/ConfigurationFile
instanceKlass lombok/core/configuration/BubblingConfigurationResolver
instanceKlass lombok/core/LombokConfiguration$3
instanceKlass lombok/core/configuration/FileSystemSourceCache$1
instanceKlass lombok/core/configuration/ConfigurationProblemReporter$1
instanceKlass lombok/core/configuration/ConfigurationProblemReporter
instanceKlass lombok/core/configuration/ConfigurationParser
instanceKlass lombok/core/configuration/ConfigurationFileToSource
instanceKlass lombok/core/configuration/FileSystemSourceCache
instanceKlass lombok/core/LombokConfiguration$1
instanceKlass lombok/core/configuration/ConfigurationResolverFactory
instanceKlass lombok/core/configuration/ConfigurationResolver
instanceKlass lombok/core/LombokConfiguration
instanceKlass lombok/eclipse/EclipseAST$EclipseWorkspaceBasedFileResolver
instanceKlass lombok/core/ImportList
instanceKlass lombok/core/FieldAugment
instanceKlass lombok/eclipse/EcjAugments
instanceKlass lombok/patcher/Symbols
# instanceKlass java/lang/invoke/LambdaForm$MH+0x0000022290768800
# instanceKlass java/lang/invoke/LambdaForm$MH+0x0000022290768400
# instanceKlass java/lang/invoke/LambdaForm$MH+0x0000022290768000
instanceKlass lombok/core/AST
instanceKlass org/eclipse/jdt/internal/compiler/util/HashSetOfInt
instanceKlass org/eclipse/jdt/internal/compiler/parser/NLSTag
instanceKlass lombok/eclipse/HandlerLibrary$VisitorContainer
instanceKlass lombok/experimental/WithBy
instanceKlass lombok/With
instanceKlass lombok/Value
instanceKlass lombok/eclipse/EclipseASTAdapter
instanceKlass lombok/experimental/UtilityClass
instanceKlass lombok/ToString
instanceKlass lombok/Synchronized
instanceKlass lombok/experimental/SuperBuilder
instanceKlass lombok/eclipse/handlers/EclipseSingularsRecipes$StatementMaker
instanceKlass lombok/eclipse/handlers/EclipseSingularsRecipes$TypeReferenceMaker
instanceKlass lombok/eclipse/handlers/HandleBuilder$BuilderJob
instanceKlass lombok/experimental/StandardException
instanceKlass lombok/SneakyThrows
instanceKlass lombok/Setter
instanceKlass lombok/core/PrintAST
instanceKlass lombok/NonNull
instanceKlass lombok/extern/slf4j/XSlf4j
instanceKlass lombok/extern/slf4j/Slf4j
instanceKlass lombok/extern/log4j/Log4j
instanceKlass lombok/extern/log4j/Log4j2
instanceKlass lombok/extern/java/Log
instanceKlass lombok/extern/jbosslog/JBossLog
instanceKlass lombok/extern/flogger/Flogger
instanceKlass lombok/CustomLog
instanceKlass lombok/extern/apachecommons/CommonsLog
instanceKlass lombok/Locked$Write
instanceKlass lombok/Locked$Read
instanceKlass lombok/Locked
instanceKlass lombok/extern/jackson/Jacksonized
instanceKlass lombok/experimental/Helper
instanceKlass lombok/Getter
instanceKlass lombok/experimental/FieldNameConstants
instanceKlass lombok/core/LombokImmutableList
instanceKlass lombok/core/JavaIdentifiers
instanceKlass lombok/experimental/ExtensionMethod
instanceKlass lombok/EqualsAndHashCode
instanceKlass lombok/experimental/Delegate
instanceKlass lombok/Data
# instanceKlass java/lang/invoke/LambdaForm$MH+0x000002229075c000
instanceKlass org/eclipse/jdt/internal/compiler/codegen/Label
instanceKlass lombok/eclipse/Eclipse
instanceKlass lombok/RequiredArgsConstructor
instanceKlass lombok/NoArgsConstructor
instanceKlass lombok/AllArgsConstructor
instanceKlass lombok/Cleanup
instanceKlass lombok/Builder$Default
instanceKlass lombok/Builder
instanceKlass lombok/eclipse/handlers/HandleConstructor
instanceKlass lombok/core/LombokInternalAliasing
instanceKlass lombok/core/HandlerPriority
instanceKlass lombok/eclipse/DeferUntilPostDiet
instanceKlass lombok/eclipse/HandlerLibrary$AnnotationHandlerContainer
instanceKlass lombok/experimental/Accessors
instanceKlass lombok/eclipse/EclipseAnnotationHandler
instanceKlass lombok/core/SpiLoadUtil$1$1
instanceKlass lombok/core/SpiLoadUtil$1
instanceKlass java/util/Vector$1
instanceKlass lombok/core/SpiLoadUtil
instanceKlass lombok/core/configuration/ConfigurationKeysLoader
instanceKlass lombok/core/configuration/CheckerFrameworkVersion
instanceKlass lombok/core/configuration/TypeName
instanceKlass lombok/core/configuration/LogDeclaration
instanceKlass lombok/core/configuration/IdentifierName
instanceKlass lombok/core/configuration/ConfigurationDataType$6
instanceKlass lombok/core/configuration/ConfigurationDataType$7
instanceKlass lombok/core/configuration/NullAnnotationLibrary
instanceKlass lombok/core/configuration/ConfigurationValueType
instanceKlass lombok/core/configuration/ConfigurationDataType$5
instanceKlass lombok/core/configuration/ConfigurationDataType$4
instanceKlass lombok/core/configuration/ConfigurationDataType$3
instanceKlass lombok/core/configuration/ConfigurationDataType$2
instanceKlass lombok/core/configuration/ConfigurationDataType$1
instanceKlass lombok/core/configuration/ConfigurationValueParser
instanceKlass lombok/core/configuration/ConfigurationDataType
instanceKlass lombok/core/configuration/ConfigurationKey
instanceKlass lombok/ConfigurationKeys
instanceKlass lombok/core/configuration/ConfigurationKeysLoader$LoaderLoader
instanceKlass lombok/core/TypeLibrary
instanceKlass lombok/eclipse/HandlerLibrary
instanceKlass lombok/eclipse/EclipseASTVisitor
instanceKlass lombok/eclipse/TransformEclipseAST
instanceKlass lombok/core/LombokNode
instanceKlass lombok/core/DiagnosticsReceiver
instanceKlass lombok/launch/PackageShader
instanceKlass lombok/launch/Main
instanceKlass lombok/launch/PatchFixesHider$Transform
instanceKlass org/eclipse/jdt/internal/compiler/ast/CompilationUnitDeclaration$1
instanceKlass org/eclipse/jdt/internal/compiler/lookup/Scope$Substitutor
instanceKlass org/eclipse/jdt/internal/compiler/CompilationResult$1
instanceKlass org/eclipse/jdt/internal/compiler/env/ISourceField
instanceKlass org/eclipse/jdt/internal/compiler/env/ISourceModule
instanceKlass org/eclipse/jdt/internal/compiler/env/ISourceMethod
instanceKlass org/eclipse/jdt/core/IMemberValuePair
instanceKlass org/eclipse/jdt/core/IInitializer
instanceKlass org/eclipse/jdt/internal/core/util/LRUCache$LRUCacheEntry
instanceKlass org/eclipse/jdt/internal/core/util/ILRUCacheable
instanceKlass  @bci org/eclipse/core/internal/content/ContentTypeMatcher findContentTypeFor (Ljava/lang/String;)Lorg/eclipse/core/runtime/content/IContentType; 12 <appendix> member <vmtarget> ; # org/eclipse/core/internal/content/ContentTypeMatcher$$Lambda+0x0000022290575bf0
instanceKlass org/eclipse/core/internal/content/TextContentDescriber
instanceKlass org/eclipse/core/runtime/content/ITextContentDescriber
instanceKlass org/eclipse/core/runtime/content/IContentDescriber
instanceKlass org/eclipse/core/internal/content/ContentTypeCatalog$1
instanceKlass  @bci org/eclipse/core/internal/content/ContentTypeCatalog selectMatchingByName (Lorg/eclipse/core/runtime/preferences/IScopeContext;Ljava/util/Collection;Ljava/util/Collection;Ljava/lang/String;I)Ljava/util/Set; 61 <adapter> ; # java/lang/invoke/LambdaForm$MH+0x0000022290735000
# instanceKlass java/lang/invoke/LambdaForm$DMH+0x0000022290734c00
instanceKlass  @bci org/eclipse/core/internal/content/ContentTypeCatalog selectMatchingByName (Lorg/eclipse/core/runtime/preferences/IScopeContext;Ljava/util/Collection;Ljava/util/Collection;Ljava/lang/String;I)Ljava/util/Set; 61 <appendix> form vmentry <vmtarget> ; # java/lang/invoke/LambdaForm$DMH+0x0000022290734800
instanceKlass  @bci org/eclipse/core/internal/content/ContentTypeCatalog selectMatchingByName (Lorg/eclipse/core/runtime/preferences/IScopeContext;Ljava/util/Collection;Ljava/util/Collection;Ljava/lang/String;I)Ljava/util/Set; 61 <appendix> member <vmtarget> ; # org/eclipse/core/internal/content/ContentTypeCatalog$$Lambda+0x0000022290574d40
instanceKlass  @cpi org/eclipse/core/internal/content/ContentTypeCatalog 783 form vmentry <vmtarget> ; # java/lang/invoke/LambdaForm$DMH+0x0000022290734400
instanceKlass org/eclipse/core/internal/content/ContentTypeVisitor
instanceKlass org/eclipse/core/internal/resources/ProjectContentTypes$ProjectContentTypeSelectionPolicy
instanceKlass org/eclipse/jdt/internal/core/Buffer
instanceKlass org/eclipse/jdt/internal/core/BufferManager$1
instanceKlass org/eclipse/jdt/internal/core/JavaProject$ModuleLookup
# instanceKlass java/lang/invoke/LambdaForm$MH+0x0000022290734000
instanceKlass org/eclipse/jdt/internal/compiler/util/Messages
instanceKlass org/eclipse/jdt/internal/compiler/classfmt/ModuleInfo$ServiceInfo
instanceKlass org/eclipse/jdt/internal/compiler/classfmt/ModuleInfo$PackageExportInfo
instanceKlass org/eclipse/jdt/internal/compiler/classfmt/ModuleInfo$ModuleReferenceInfo
instanceKlass org/eclipse/jdt/internal/compiler/env/IModule$IService
instanceKlass org/eclipse/jdt/internal/compiler/env/IModule$IModuleReference
instanceKlass org/eclipse/jdt/internal/compiler/env/IModule$IPackageExport
instanceKlass jdk/internal/jrtfs/JrtFileSystem$1
instanceKlass  @bci org/eclipse/jdt/internal/compiler/util/SoftClassCache$JdkClasses get (Ljava/nio/file/Path;)[B 5 <appendix> argL0 ; # org/eclipse/jdt/internal/compiler/util/SoftClassCache$JdkClasses$$Lambda+0x00000222906c71e0
instanceKlass org/eclipse/jdt/internal/compiler/util/SoftClassCache$ClassBytes
instanceKlass  @bci org/eclipse/jdt/internal/compiler/util/SoftClassCache getClassBytes (Lorg/eclipse/jdt/internal/compiler/util/Jdk;Ljava/nio/file/Path;)[B 8 <appendix> argL0 ; # org/eclipse/jdt/internal/compiler/util/SoftClassCache$$Lambda+0x00000222906c6d90
instanceKlass org/eclipse/jdt/internal/compiler/util/SoftClassCache$JdkClasses
instanceKlass org/eclipse/jdt/internal/core/nd/java/model/BinaryModuleDescriptor
instanceKlass org/eclipse/jdt/internal/core/util/MementoTokenizer
instanceKlass org/eclipse/jdt/internal/core/nd/java/model/BinaryTypeFactory
instanceKlass org/eclipse/jdt/internal/core/nd/java/model/BinaryModuleFactory
instanceKlass  @bci org/eclipse/jdt/internal/core/JarPackageFragment computeNonJavaResources (Ljava/util/List;)[Ljava/lang/Object; 465 <appendix> argL0 ; # org/eclipse/jdt/internal/core/JarPackageFragment$$Lambda+0x000002229072b128
instanceKlass org/eclipse/jdt/core/IJarEntryResource
instanceKlass org/eclipse/jdt/core/ILocalVariable
instanceKlass org/eclipse/jdt/core/IMethod
instanceKlass org/eclipse/jdt/core/IField
instanceKlass  @bci org/eclipse/jdt/internal/core/JarPackageFragmentRoot createChildren (Ljava/util/Collection;)[Lorg/eclipse/jdt/core/IJavaElement; 30 <appendix> argL0 ; # org/eclipse/jdt/internal/core/JarPackageFragmentRoot$$Lambda+0x0000022290713008
instanceKlass  @bci org/eclipse/jdt/internal/core/JarPackageFragmentRoot lambda$0 (Ljava/util/List;)[Ljava/lang/String; 1 <appendix> argL0 ; # org/eclipse/jdt/internal/core/JarPackageFragmentRoot$$Lambda+0x0000022290712de8
instanceKlass  @bci org/eclipse/jdt/internal/core/JarPackageFragmentRoot createChildren (Ljava/util/Collection;)[Lorg/eclipse/jdt/core/IJavaElement; 10 <appendix> argL0 ; # org/eclipse/jdt/internal/core/JarPackageFragmentRoot$$Lambda+0x0000022290712ba8
instanceKlass org/eclipse/jdt/internal/core/util/WeakHashSetOfCharArray
instanceKlass org/eclipse/jdt/internal/core/util/WeakHashSet
instanceKlass org/eclipse/jdt/internal/core/util/DeduplicationUtil
instanceKlass org/eclipse/jdt/internal/core/JrtPackageFragmentRoot$1
# instanceKlass java/lang/invoke/LambdaForm$MH+0x0000022290728400
# instanceKlass java/lang/invoke/LambdaForm$MH+0x0000022290728000
# instanceKlass java/lang/invoke/LambdaForm$MH+0x0000022290725c00
# instanceKlass java/lang/invoke/LambdaForm$MH+0x0000022290725800
# instanceKlass java/lang/invoke/LambdaForm$MH+0x0000022290725400
instanceKlass  @bci java/lang/invoke/BootstrapMethodInvoker invoke (Ljava/lang/Class;Ljava/lang/invoke/MethodHandle;Ljava/lang/String;Ljava/lang/Object;Ljava/lang/Object;Ljava/lang/Class;)Ljava/lang/Object; 894 <adapter> ; # java/lang/invoke/LambdaForm$MH+0x0000022290725000
instanceKlass  @bci org/eclipse/jdt/internal/core/JrtPackageFragmentRoot computeChildren (Lorg/eclipse/jdt/internal/core/OpenableElementInfo;Lorg/eclipse/core/resources/IResource;)Z 29 <appendix> argL0 ; # org/eclipse/jdt/internal/core/JrtPackageFragmentRoot$$Lambda+0x00000222907115f8
instanceKlass org/eclipse/jdt/internal/compiler/util/ObjectVector$1
instanceKlass  @bci org/eclipse/jdt/internal/core/JavaProject defaultRootModules (Ljava/lang/Iterable;Ljava/lang/String;)Ljava/util/List; 6 <appendix> argL0 ; # org/eclipse/jdt/internal/core/JavaProject$$Lambda+0x00000222907111a8
instanceKlass  @bci org/eclipse/jdt/internal/core/JavaProject defaultRootModules (Ljava/lang/Iterable;Ljava/lang/String;)Ljava/util/List; 1 <appendix> argL0 ; # org/eclipse/jdt/internal/core/JavaProject$$Lambda+0x0000022290710f68
instanceKlass  @bci org/eclipse/jdt/ls/core/internal/preferences/ClientPreferences isSupportedCodeActionKind (Ljava/lang/String;)Z 102 <appendix> member <vmtarget> ; # org/eclipse/jdt/ls/core/internal/preferences/ClientPreferences$$Lambda+0x000002229070f088
instanceKlass org/eclipse/jdt/ls/core/internal/handlers/ResponseStore
instanceKlass org/eclipse/jdt/core/manipulation/ChangeCorrectionProposalCore
instanceKlass org/eclipse/ltk/core/refactoring/Change
instanceKlass org/eclipse/jdt/ui/text/java/IInvocationContext
instanceKlass jdk/internal/jrtfs/JrtFileAttributes
instanceKlass org/eclipse/ltk/internal/core/refactoring/history/RefactoringHistorySerializer
instanceKlass  @bci org/eclipse/ltk/internal/core/refactoring/history/RefactoringHistoryService connect ()V 42 <appendix> member <vmtarget> ; # org/eclipse/ltk/internal/core/refactoring/history/RefactoringHistoryService$$Lambda+0x0000022290722c48
instanceKlass org/eclipse/core/commands/operations/IUndoableOperation
instanceKlass org/eclipse/core/commands/operations/DefaultOperationHistory
instanceKlass org/eclipse/core/commands/operations/IOperationHistory
instanceKlass org/eclipse/core/commands/operations/OperationHistoryFactory
instanceKlass  @bci org/eclipse/ltk/internal/core/refactoring/history/RefactoringHistoryService connect ()V 20 <appendix> member <vmtarget> ; # org/eclipse/ltk/internal/core/refactoring/history/RefactoringHistoryService$$Lambda+0x0000022290722a20
instanceKlass org/eclipse/core/commands/operations/OperationHistoryEvent
instanceKlass org/eclipse/core/commands/operations/IOperationHistoryListener
instanceKlass org/eclipse/ltk/internal/core/refactoring/history/RefactoringHistoryService
instanceKlass org/eclipse/ltk/core/refactoring/history/IRefactoringHistoryService
instanceKlass org/eclipse/ltk/core/refactoring/RefactoringDescriptor
instanceKlass org/eclipse/ltk/internal/core/refactoring/history/RefactoringContributionManager
instanceKlass org/eclipse/ltk/core/refactoring/IUndoManager
instanceKlass org/eclipse/core/commands/operations/IUndoContext
instanceKlass org/eclipse/ltk/core/refactoring/history/IRefactoringHistoryListener
instanceKlass  @bci jdk/internal/jimage/ImageReader$SharedImageReader handleModulesSubTree (Ljava/lang/String;Ljdk/internal/jimage/ImageLocation;)Ljdk/internal/jimage/ImageReader$Node; 37 <appendix> member <vmtarget> ; # jdk/internal/jimage/ImageReader$SharedImageReader$$Lambda+0x000002229071c000
instanceKlass jdk/internal/jimage/ImageBufferCache$2
instanceKlass jdk/internal/jimage/ImageBufferCache
instanceKlass  @bci jdk/internal/jimage/ImageReader$SharedImageReader handlePackages (Ljava/lang/String;Ljdk/internal/jimage/ImageLocation;)Ljdk/internal/jimage/ImageReader$Node; 20 <appendix> member <vmtarget> ; # jdk/internal/jimage/ImageReader$SharedImageReader$$Lambda+0x000002229071b4a8
instanceKlass jdk/internal/jimage/ImageReader$SharedImageReader$LocationVisitor
instanceKlass jdk/internal/jimage/ImageLocation
instanceKlass jdk/internal/jrtfs/JrtDirectoryStream$1
instanceKlass  @bci jdk/internal/jrtfs/JrtFileSystem iteratorOf (Ljdk/internal/jrtfs/JrtPath;Ljava/nio/file/DirectoryStream$Filter;)Ljava/util/Iterator; 82 <appendix> member <vmtarget> ; # jdk/internal/jrtfs/JrtFileSystem$$Lambda+0x000002229071ab48
instanceKlass  @bci jdk/internal/jrtfs/JrtFileSystem iteratorOf (Ljdk/internal/jrtfs/JrtPath;Ljava/nio/file/DirectoryStream$Filter;)Ljava/util/Iterator; 71 <appendix> member <vmtarget> ; # jdk/internal/jrtfs/JrtFileSystem$$Lambda+0x000002229071a900
instanceKlass jdk/internal/jimage/ImageReader$Node
instanceKlass jdk/internal/jrtfs/JrtPath
instanceKlass jdk/internal/jrtfs/JrtDirectoryStream
instanceKlass jdk/internal/jimage/decompressor/Decompressor
instanceKlass jdk/internal/jimage/ImageStringsReader
instanceKlass jdk/internal/jimage/ImageHeader
# instanceKlass java/lang/invoke/LambdaForm$MH+0x0000022290719400
# instanceKlass java/lang/invoke/LambdaForm$MH+0x0000022290719000
# instanceKlass java/lang/invoke/LambdaForm$MH+0x0000022290718c00
# instanceKlass java/lang/invoke/LambdaForm$MH+0x0000022290718800
# instanceKlass java/lang/invoke/LambdaForm$MH+0x0000022290718400
# instanceKlass java/lang/invoke/LambdaForm$MH+0x0000022290718000
# instanceKlass java/lang/invoke/LambdaForm$MH+0x0000022290717c00
# instanceKlass java/lang/invoke/LambdaForm$BMH+0x0000022290717800
# instanceKlass java/lang/invoke/LambdaForm$DMH+0x0000022290717400
# instanceKlass java/lang/invoke/LambdaForm$DMH+0x0000022290717000
instanceKlass sun/nio/ch/Util$4
instanceKlass sun/nio/ch/FileChannelImpl$Unmapper
instanceKlass jdk/internal/access/foreign/UnmapperProxy
instanceKlass  @bci jdk/internal/misc/ExtendedMapMode <clinit> ()V 0 <appendix> argL0 ; # jdk/internal/misc/ExtendedMapMode$$Lambda+0x00000222903ed378
instanceKlass jdk/internal/misc/ExtendedMapMode
instanceKlass java/nio/channels/FileChannel$MapMode
instanceKlass jdk/internal/jimage/BasicImageReader$2
instanceKlass jdk/internal/jimage/BasicImageReader$1
instanceKlass jdk/internal/jimage/ImageReader$Node
instanceKlass jdk/internal/jimage/ImageStrings
instanceKlass jdk/internal/jimage/BasicImageReader
instanceKlass jdk/internal/jimage/ImageReader
instanceKlass jdk/internal/jrtfs/SystemImage$2
instanceKlass  @bci jdk/internal/jrtfs/SystemImage <clinit> ()V 0 <appendix> argL0 ; # jdk/internal/jrtfs/SystemImage$$Lambda+0x0000022290715478
instanceKlass jdk/internal/jrtfs/SystemImage
instanceKlass jdk/internal/jrtfs/JrtPath
instanceKlass jdk/internal/jrtfs/JrtFileSystemProvider$1
instanceKlass java/nio/file/spi/FileSystemProvider$1
instanceKlass  @bci org/eclipse/jdt/internal/compiler/util/JRTUtil getJrtFileSystem (Ljava/nio/file/Path;)Ljava/nio/file/FileSystem; 14 <appendix> argL0 ; # org/eclipse/jdt/internal/compiler/util/JRTUtil$$Lambda+0x00000222906c6208
instanceKlass  @bci org/eclipse/jdt/internal/compiler/util/JRTUtil getJrtSystem (Ljava/io/File;Ljava/lang/String;)Lorg/eclipse/jdt/internal/compiler/util/JrtFileSystem; 46 <appendix> member <vmtarget> ; # org/eclipse/jdt/internal/compiler/util/JRTUtil$$Lambda+0x00000222906c5d48
instanceKlass org/eclipse/jdt/internal/compiler/util/JrtFileSystem
instanceKlass  @bci org/eclipse/jdt/internal/compiler/util/Jdk <init> (Ljava/io/File;)V 20 <appendix> argL0 ; # org/eclipse/jdt/internal/compiler/util/Jdk$$Lambda+0x00000222906c5898
instanceKlass org/eclipse/jdt/internal/compiler/util/Jdk
instanceKlass org/eclipse/jdt/internal/compiler/util/SoftClassCache
instanceKlass org/eclipse/jdt/internal/compiler/util/JRTUtil
instanceKlass org/eclipse/jdt/internal/core/JavaProject$1
instanceKlass org/eclipse/jdt/internal/compiler/util/ObjectVector
instanceKlass org/eclipse/jdt/ls/core/internal/contentassist/CompletionProposalUtils
instanceKlass org/eclipse/jdt/core/IImportDeclaration
instanceKlass org/eclipse/jdt/core/ICompletionRequestor
instanceKlass org/eclipse/jdt/core/IImportContainer
instanceKlass org/eclipse/jdt/core/IPackageDeclaration
instanceKlass org/eclipse/jdt/core/IModularClassFile
instanceKlass org/eclipse/jdt/core/JavaConventions
instanceKlass org/eclipse/core/resources/filtermatchers/AbstractFileInfoMatcher
instanceKlass org/eclipse/core/internal/resources/Filter
instanceKlass  @bci org/eclipse/core/internal/resources/AliasManager findResources (Lorg/eclipse/core/filesystem/IFileStore;)[Lorg/eclipse/core/resources/IResource; 14 <appendix> member <vmtarget> ; # org/eclipse/core/internal/resources/AliasManager$$Lambda+0x000002229029e920
instanceKlass  @bci org/eclipse/jdt/ls/core/internal/JDTUtils findFile (Ljava/lang/String;)Lorg/eclipse/core/resources/IFile; 17 <appendix> member <vmtarget> ; # org/eclipse/jdt/ls/core/internal/JDTUtils$$Lambda+0x000002229070dbf0
instanceKlass org/eclipse/core/runtime/URIUtil
instanceKlass org/eclipse/jdt/core/dom/IDocElement
instanceKlass org/eclipse/jdt/ls/core/internal/JDTUtils
instanceKlass org/eclipse/lsp4j/TextDocumentItem
instanceKlass org/eclipse/jdt/ls/core/internal/handlers/CompletionHandler$2
instanceKlass org/eclipse/jdt/ls/core/internal/handlers/CompletionHandler$1
instanceKlass org/eclipse/jdt/ls/core/internal/handlers/CompletionHandler
instanceKlass org/eclipse/jdt/ls/internal/gradle/checksums/ValidationResult
instanceKlass org/eclipse/lsp4j/Registration
instanceKlass  @bci org/eclipse/jdt/ls/core/internal/ProjectUtils getJavaProjects ()[Lorg/eclipse/jdt/core/IJavaProject; 36 <appendix> argL0 ; # org/eclipse/jdt/ls/core/internal/ProjectUtils$$Lambda+0x00000222905a3dc0
instanceKlass  @bci org/eclipse/jdt/ls/core/internal/ProjectUtils getJavaProjects ()[Lorg/eclipse/jdt/core/IJavaProject; 26 <appendix> argL0 ; # org/eclipse/jdt/ls/core/internal/ProjectUtils$$Lambda+0x00000222905a3b70
instanceKlass  @bci org/eclipse/jdt/ls/core/internal/ProjectUtils getJavaProjects ()[Lorg/eclipse/jdt/core/IJavaProject; 16 <appendix> argL0 ; # org/eclipse/jdt/ls/core/internal/ProjectUtils$$Lambda+0x00000222905a3930
instanceKlass  @bci org/eclipse/jdt/ls/core/internal/ProjectUtils getJavaProjects ()[Lorg/eclipse/jdt/core/IJavaProject; 6 <appendix> argL0 ; # org/eclipse/jdt/ls/core/internal/ProjectUtils$$Lambda+0x00000222905a36e0
instanceKlass org/springframework/tooling/jdt/ls/commons/classpath/ClasspathListenerManager$MyListener
instanceKlass org/springframework/tooling/jdt/ls/commons/BootProjectTracker$1
instanceKlass org/springframework/tooling/jdt/ls/commons/classpath/ClasspathListenerManager
instanceKlass org/springframework/tooling/jdt/ls/commons/classpath/ClasspathListenerManager$ClasspathListener
instanceKlass org/springframework/tooling/jdt/ls/commons/BootProjectTracker
instanceKlass  @bci org/springframework/tooling/jdt/ls/extension/JdtLsExtensionPlugin lambda$1 (Lorg/springframework/tooling/jdt/ls/commons/Logger;Ljava/lang/Void;)V 2 <appendix> member <vmtarget> ; # org/springframework/tooling/jdt/ls/extension/JdtLsExtensionPlugin$$Lambda+0x0000022290413238
instanceKlass org/eclipse/jdt/ls/internal/gradle/checksums/WrapperValidator$3
instanceKlass org/eclipse/jdt/ls/internal/gradle/checksums/WrapperValidator$2
instanceKlass org/eclipse/jdt/ls/core/internal/handlers/CodeLensPreferenceChangeListener
instanceKlass org/eclipse/jdt/ls/core/internal/handlers/InlayHintsPreferenceChangeListener
instanceKlass  @bci org/eclipse/jdt/ls/core/internal/managers/StandardProjectsManager registerListeners ()V 46 <appendix> member <vmtarget> ; # org/eclipse/jdt/ls/core/internal/managers/StandardProjectsManager$$Lambda+0x00000222905a27c0
instanceKlass org/eclipse/jdt/ls/core/internal/managers/StandardProjectsManager$3
instanceKlass com/google/common/io/CharStreams
instanceKlass  @bci org/eclipse/jdt/ls/core/internal/managers/ProjectsManager configureFilters (Lorg/eclipse/core/runtime/IProgressMonitor;)V 106 <appendix> argL0 ; # org/eclipse/jdt/ls/core/internal/managers/ProjectsManager$$Lambda+0x00000222905a2340
instanceKlass org/eclipse/core/internal/resources/OS
instanceKlass org/eclipse/lsp4j/WorkDoneProgressEnd
instanceKlass com/google/gson/JsonParser
instanceKlass  @bci org/eclipse/jdt/ls/core/internal/ProjectUtils getMaxProjectProblemSeverity ()I 84 <appendix> member <vmtarget> ; # org/eclipse/jdt/ls/core/internal/ProjectUtils$$Lambda+0x00000222905a20e8
instanceKlass org/eclipse/jdt/ls/internal/gradle/checksums/HashProvider
instanceKlass  @bci org/eclipse/jdt/ls/core/internal/ResourceUtils findMarkers (Lorg/eclipse/core/resources/IResource;[Ljava/lang/Integer;)Ljava/util/List; 43 <appendix> member <vmtarget> ; # org/eclipse/jdt/ls/core/internal/ResourceUtils$$Lambda+0x00000222905a1c78
instanceKlass  @bci org/eclipse/core/internal/resources/MarkerManager visitorFindMarkers (Lorg/eclipse/core/runtime/IPath;Ljava/util/ArrayList;Ljava/lang/String;Z)V 5 <appendix> member <vmtarget> ; # org/eclipse/core/internal/resources/MarkerManager$$Lambda+0x000002229029e100
instanceKlass  @cpi org/eclipse/core/internal/resources/MarkerManager 672 form vmentry <vmtarget> ; # java/lang/invoke/LambdaForm$DMH+0x0000022290708800
instanceKlass  @bci org/eclipse/core/internal/resources/MarkerManager visitorRemoveMarkers (Lorg/eclipse/core/runtime/IPath;Ljava/lang/String;Z)V 3 <appendix> member <vmtarget> ; # org/eclipse/core/internal/resources/MarkerManager$$Lambda+0x000002229029ded8
instanceKlass  @cpi org/eclipse/core/internal/resources/MarkerManager 677 form vmentry <vmtarget> ; # java/lang/invoke/LambdaForm$DMH+0x0000022290708400
instanceKlass org/eclipse/core/internal/resources/MarkerManager$1
instanceKlass  @bci org/eclipse/jdt/ls/core/internal/managers/GradleProjectImporter importToWorkspace (Lorg/eclipse/core/runtime/IProgressMonitor;)V 252 <appendix> member <vmtarget> ; # org/eclipse/jdt/ls/core/internal/managers/GradleProjectImporter$$Lambda+0x00000222905a1a40
instanceKlass  @bci org/eclipse/jdt/ls/core/internal/managers/GradleProjectImporter checkGradlePersistence (Lorg/eclipse/core/resources/IProject;Ljava/io/File;)Z 104 <appendix> member <vmtarget> ; # org/eclipse/jdt/ls/core/internal/managers/GradleProjectImporter$$Lambda+0x00000222905a1820
instanceKlass  @cpi org/eclipse/jdt/ls/core/internal/managers/GradleProjectImporter 1353 form vmentry <vmtarget> ; # java/lang/invoke/LambdaForm$DMH+0x0000022290708000
instanceKlass org/gradle/tooling/internal/build/DefaultBuildEnvironment$1
instanceKlass org/gradle/internal/impldep/com/google/common/base/Optional
instanceKlass org/gradle/tooling/internal/adapter/ProtocolToModelAdapter$MethodInvocationCache$MethodInvocationKey
instanceKlass org/gradle/tooling/internal/adapter/MethodInvocation
instanceKlass org/apache/commons/io/FilenameUtils
instanceKlass org/gradle/api/internal/file/BasicFileResolver
instanceKlass org/gradle/internal/buildoption/Origin
instanceKlass org/gradle/cli/CommandLineParser$OptionString
instanceKlass  @bci java/util/regex/Pattern ALL ()Ljava/util/regex/Pattern$CharPredicate; 0 <appendix> argL0 ; # java/util/regex/Pattern$$Lambda+0x00000222903e9440
instanceKlass org/gradle/tooling/model/DomainObjectSet
instanceKlass org/slf4j/helpers/FormattingTuple
instanceKlass org/slf4j/helpers/NormalizedParameters
instanceKlass org/slf4j/helpers/MessageFormatter
instanceKlass org/gradle/tooling/internal/consumer/parameters/ConsumerOperationParameters$Builder$1
instanceKlass org/gradle/util/internal/CollectionUtils
instanceKlass org/gradle/tooling/internal/adapter/ProtocolToModelAdapter$ViewGraphDetails$1
instanceKlass org/gradle/tooling/internal/adapter/ProtocolToModelAdapter$AdaptingMethodInvoker
instanceKlass org/gradle/tooling/internal/adapter/ProtocolToModelAdapter$PropertyCachingMethodInvoker
instanceKlass org/gradle/tooling/internal/adapter/ProtocolToModelAdapter$SafeMethodInvoker
instanceKlass org/gradle/tooling/internal/adapter/ProtocolToModelAdapter$SupportedPropertyInvoker
instanceKlass org/gradle/tooling/internal/adapter/ProtocolToModelAdapter$ChainedMethodInvoker
instanceKlass org/gradle/tooling/internal/adapter/ProtocolToModelAdapter$BeanMixInMethodInvoker
instanceKlass org/gradle/tooling/internal/adapter/ProtocolToModelAdapter$InvocationHandlerImpl
instanceKlass org/gradle/tooling/internal/adapter/ProtocolToModelAdapter$ViewKey
instanceKlass org/gradle/tooling/model/build/JavaEnvironment
instanceKlass org/gradle/tooling/model/build/GradleEnvironment
instanceKlass org/gradle/tooling/model/cpp/CppBinary
instanceKlass org/gradle/tooling/model/cpp/CppComponent
instanceKlass org/gradle/tooling/internal/adapter/WeakIdentityHashMap
instanceKlass org/gradle/tooling/internal/adapter/WeakIdentityHashMap$AbsentValueProvider
instanceKlass org/gradle/tooling/internal/adapter/ProtocolToModelAdapter$ViewGraphDetails
instanceKlass org/gradle/tooling/internal/adapter/ProtocolToModelAdapter$MixInMappingAction
instanceKlass org/gradle/tooling/internal/consumer/converters/EclipseExternalDependencyUnresolvedMixin
instanceKlass org/gradle/tooling/model/eclipse/EclipseExternalDependency
instanceKlass org/gradle/tooling/internal/consumer/converters/EclipseProjectHasAutoBuildMixin
instanceKlass org/gradle/tooling/internal/consumer/converters/IncludedBuildsMixin
instanceKlass org/gradle/tooling/internal/consumer/converters/IdeaModuleDependencyTargetNameMixin
instanceKlass org/gradle/tooling/internal/consumer/converters/IdeaProjectJavaLanguageSettingsMixin
instanceKlass org/gradle/tooling/internal/consumer/converters/FixedBuildIdentifierProvider
instanceKlass org/gradle/tooling/internal/consumer/converters/BasicGradleProjectIdentifierMixin
instanceKlass org/gradle/tooling/model/gradle/BasicGradleProject
instanceKlass org/gradle/tooling/internal/adapter/ProtocolToModelAdapter$TypeSpecificMappingAction
instanceKlass org/gradle/tooling/internal/consumer/converters/GradleProjectIdentifierMixin
instanceKlass org/gradle/tooling/internal/gradle/DefaultBuildIdentifier
instanceKlass org/gradle/tooling/model/BuildIdentifier
instanceKlass org/gradle/tooling/internal/gradle/DefaultProjectIdentifier
instanceKlass org/gradle/tooling/model/ProjectIdentifier
instanceKlass org/gradle/tooling/internal/adapter/ProtocolToModelAdapter$DefaultViewBuilder
instanceKlass org/gradle/tooling/internal/provider/connection/ProviderBuildResult
instanceKlass  @bci org/apache/tools/ant/Main <clinit> ()V 57 <appendix> argL0 ; # org/apache/tools/ant/Main$$Lambda+0x00000222906fa8f0
instanceKlass org/apache/tools/ant/property/GetProperty
instanceKlass org/apache/tools/ant/input/InputHandler
instanceKlass org/apache/tools/ant/BuildLogger
instanceKlass org/apache/tools/ant/BuildListener
instanceKlass org/apache/tools/ant/Main
instanceKlass org/apache/tools/ant/launch/AntMain
instanceKlass org/codehaus/groovy/runtime/DefaultGroovyMethodsSupport
instanceKlass org/codehaus/groovy/util/URLStreams
instanceKlass org/codehaus/groovy/util/ReleaseInfo
instanceKlass org/gradle/util/internal/KotlinDslVersion
instanceKlass org/gradle/launcher/cli/internal/VersionInfoRenderer
instanceKlass org/gradle/tooling/internal/gradle/DefaultBuildIdentifier
instanceKlass org/gradle/tooling/model/BuildIdentifier
instanceKlass org/gradle/tooling/model/build/JavaEnvironment
instanceKlass org/gradle/tooling/model/build/GradleEnvironment
instanceKlass org/gradle/tooling/internal/build/DefaultBuildEnvironment
instanceKlass org/gradle/tooling/internal/gradle/GradleBuildIdentity
instanceKlass org/gradle/tooling/internal/protocol/InternalBuildEnvironment
instanceKlass org/gradle/launcher/daemon/toolchain/DaemonJvmCriteria$JavaHome
instanceKlass org/gradle/tooling/model/build/BuildEnvironment
instanceKlass org/gradle/tooling/model/BuildModel
instanceKlass org/gradle/tooling/model/Model
instanceKlass org/gradle/tooling/internal/provider/ProviderConnection$Parameters
instanceKlass org/gradle/internal/configuration/inputs/NoOpInputsListener
instanceKlass org/gradle/internal/configuration/inputs/InstrumentedInputsListener
instanceKlass org/gradle/internal/configuration/inputs/InstrumentedInputs
instanceKlass org/gradle/launcher/daemon/toolchain/DaemonJvmCriteria$Spec
instanceKlass  @bci org/gradle/StartParameter getProjectProperties ()Ljava/util/Map; 9 <appendix> member <vmtarget> ; # org/gradle/StartParameter$$Lambda+0x00000222906f6458
instanceKlass  @bci org/gradle/StartParameter getSystemPropertiesArgs ()Ljava/util/Map; 9 <appendix> member <vmtarget> ; # org/gradle/StartParameter$$Lambda+0x00000222906f6230
instanceKlass org/gradle/internal/collect/InterceptingCollection$Interceptor
instanceKlass org/gradle/internal/collect/InterceptingMap
instanceKlass  @bci org/gradle/internal/buildoption/BuildOptionSet envVarConverter ()Lorg/gradle/internal/buildoption/PropertiesConverter; 1 <appendix> member <vmtarget> ; # org/gradle/internal/buildoption/BuildOptionSet$$Lambda+0x00000222906f5a60
instanceKlass org/gradle/launcher/cli/converter/BuildOptionBackedConverter
instanceKlass org/gradle/launcher/cli/converter/StartParameterConverter
instanceKlass org/gradle/internal/buildoption/Option$Value
instanceKlass org/gradle/internal/RunDefaultTasksExecutionRequest
instanceKlass org/gradle/api/launcher/cli/WelcomeMessageConfiguration
instanceKlass org/gradle/internal/concurrent/DefaultParallelismConfiguration
instanceKlass org/gradle/internal/logging/DefaultLoggingConfiguration
instanceKlass org/gradle/StartParameter
instanceKlass org/gradle/concurrent/ParallelismConfiguration
instanceKlass org/gradle/api/logging/configuration/LoggingConfiguration
instanceKlass org/gradle/tooling/internal/provider/ProviderStartParameterConverter
instanceKlass  @bci org/gradle/process/internal/JvmOptions getJvmArgs ()Ljava/util/List; 9 <appendix> argL0 ; # org/gradle/process/internal/JvmOptions$$Lambda+0x00000222906f0a98
instanceKlass org/gradle/launcher/daemon/context/DaemonRequestContext
instanceKlass org/gradle/util/internal/GUtil
instanceKlass org/gradle/internal/buildconfiguration/tasks/DaemonJvmPropertiesAccessor
instanceKlass org/gradle/tooling/model/internal/Exceptions
instanceKlass org/gradle/internal/buildoption/AbstractBuildOption$OptionValue
instanceKlass  @bci org/gradle/tooling/internal/provider/connection/BuildLogLevelMixIn lambda$calcBuildLogLevel$0 (Lorg/gradle/cli/SystemPropertiesCommandLineConverter;Lorg/gradle/cli/ParsedCommandLine;Lorg/gradle/tooling/internal/provider/connection/ProviderOperationParameters;)Lorg/gradle/api/logging/LogLevel; 6 <appendix> member <vmtarget> ; # org/gradle/tooling/internal/provider/connection/BuildLogLevelMixIn$$Lambda+0x00000222906efc38
instanceKlass  @bci org/gradle/tooling/internal/provider/connection/BuildLogLevelMixIn calcBuildLogLevel (Lorg/gradle/tooling/internal/provider/connection/ProviderOperationParameters;)Lorg/gradle/api/logging/LogLevel; 88 <appendix> member <vmtarget> ; # org/gradle/tooling/internal/provider/connection/BuildLogLevelMixIn$$Lambda+0x00000222906efa10
instanceKlass  @bci org/gradle/tooling/internal/provider/connection/BuildLogLevelMixIn getLogLevelFromCommandLineOptions (Lorg/gradle/internal/logging/LoggingConfigurationBuildOptions;Lorg/gradle/cli/ParsedCommandLine;)Ljava/util/Optional; 25 <appendix> argL0 ; # org/gradle/tooling/internal/provider/connection/BuildLogLevelMixIn$$Lambda+0x00000222906ef7d0
instanceKlass  @bci org/gradle/tooling/internal/provider/connection/BuildLogLevelMixIn getLogLevelFromCommandLineOptions (Lorg/gradle/internal/logging/LoggingConfigurationBuildOptions;Lorg/gradle/cli/ParsedCommandLine;)Ljava/util/Optional; 15 <appendix> member <vmtarget> ; # org/gradle/tooling/internal/provider/connection/BuildLogLevelMixIn$$Lambda+0x00000222906ef578
instanceKlass org/gradle/internal/reflect/ReflectionCache$CacheEntry
instanceKlass org/gradle/internal/reflect/CachedInvokable
instanceKlass org/gradle/internal/reflect/ReflectionCache
instanceKlass org/gradle/internal/reflect/DirectInstantiator
instanceKlass org/gradle/launcher/cli/converter/LayoutToPropertiesConverter$Result
instanceKlass org/gradle/initialization/SettingsLocation
instanceKlass org/gradle/internal/scripts/ScriptResolutionResult
instanceKlass org/gradle/initialization/layout/BuildLayoutConfiguration
instanceKlass org/gradle/launcher/daemon/toolchain/ToolchainBuildOptions
instanceKlass org/gradle/launcher/configuration/AllProperties
instanceKlass org/gradle/launcher/cli/converter/LayoutToPropertiesConverter
instanceKlass  @bci org/gradle/internal/buildoption/BuildOptionSet propertiesConverter ()Lorg/gradle/internal/buildoption/PropertiesConverter; 1 <appendix> member <vmtarget> ; # org/gradle/internal/buildoption/BuildOptionSet$$Lambda+0x00000222906db2f8
instanceKlass org/gradle/internal/buildoption/PropertiesConverter
instanceKlass  @bci org/gradle/tooling/internal/provider/ProviderConnection initParams (Lorg/gradle/tooling/internal/provider/connection/ProviderOperationParameters;)Lorg/gradle/tooling/internal/provider/ProviderConnection$Parameters; 94 <appendix> member <vmtarget> ; # org/gradle/tooling/internal/provider/ProviderConnection$$Lambda+0x00000222906daec0
instanceKlass org/gradle/launcher/cli/converter/InitialPropertiesConverter$1
instanceKlass org/gradle/internal/instrumentation/agent/AgentUtils
instanceKlass  @bci org/gradle/process/internal/CurrentProcess inferJvmOptions (Lorg/gradle/api/internal/file/FileCollectionFactory;Ljava/util/List;)Lorg/gradle/process/internal/JvmOptions; 16 <appendix> argL0 ; # org/gradle/process/internal/CurrentProcess$$Lambda+0x00000222906da838
instanceKlass sun/management/Util
instanceKlass  @bci sun/management/spi/PlatformMBeanProvider$PlatformComponent getMBeans (Ljava/lang/Class;)Ljava/util/List; 63 <appendix> member <vmtarget> ; # sun/management/spi/PlatformMBeanProvider$PlatformComponent$$Lambda+0x00000222903e8da0
instanceKlass  @bci sun/management/spi/PlatformMBeanProvider$PlatformComponent getMBeans (Ljava/lang/Class;)Ljava/util/List; 47 <appendix> member <vmtarget> ; # sun/management/spi/PlatformMBeanProvider$PlatformComponent$$Lambda+0x00000222903e8b48
instanceKlass sun/management/RuntimeImpl
instanceKlass  @bci java/lang/management/ManagementFactory$PlatformMBeanFinder findSingleton (Ljava/lang/Class;)Lsun/management/spi/PlatformMBeanProvider$PlatformComponent; 30 <appendix> member <vmtarget> ; # java/lang/management/ManagementFactory$PlatformMBeanFinder$$Lambda+0x00000222903e85a0
instanceKlass  @bci java/lang/management/ManagementFactory$PlatformMBeanFinder findSingleton (Ljava/lang/Class;)Lsun/management/spi/PlatformMBeanProvider$PlatformComponent; 19 <appendix> member <vmtarget> ; # java/lang/management/ManagementFactory$PlatformMBeanFinder$$Lambda+0x00000222903e8348
instanceKlass jdk/management/jfr/internal/FlightRecorderMXBeanProvider$SingleMBeanComponent
instanceKlass jdk/management/jfr/FlightRecorderMXBean
instanceKlass java/lang/management/DefaultPlatformMBeanProvider$11
instanceKlass java/lang/management/DefaultPlatformMBeanProvider$10
instanceKlass java/lang/management/DefaultPlatformMBeanProvider$9
instanceKlass sun/management/ManagementFactoryHelper$LoggingMXBeanAccess$1
instanceKlass sun/management/ManagementFactoryHelper$LoggingMXBeanAccess
instanceKlass java/lang/management/DefaultPlatformMBeanProvider$8
instanceKlass java/lang/management/DefaultPlatformMBeanProvider$7
instanceKlass java/lang/management/DefaultPlatformMBeanProvider$6
instanceKlass java/lang/management/DefaultPlatformMBeanProvider$5
instanceKlass java/lang/management/DefaultPlatformMBeanProvider$4
instanceKlass java/lang/management/DefaultPlatformMBeanProvider$3
instanceKlass java/lang/management/DefaultPlatformMBeanProvider$2
instanceKlass java/lang/management/DefaultPlatformMBeanProvider$1
instanceKlass com/sun/management/internal/PlatformMBeanProviderImpl$5
instanceKlass sun/management/VMManagementImpl
instanceKlass sun/management/VMManagement
instanceKlass sun/management/ManagementFactoryHelper
instanceKlass sun/management/NotificationEmitterSupport
instanceKlass javax/management/NotificationEmitter
instanceKlass javax/management/NotificationBroadcaster
instanceKlass com/sun/management/DiagnosticCommandMBean
instanceKlass javax/management/DynamicMBean
instanceKlass com/sun/management/internal/PlatformMBeanProviderImpl$4
instanceKlass com/sun/management/internal/PlatformMBeanProviderImpl$3
instanceKlass com/sun/management/internal/PlatformMBeanProviderImpl$2
instanceKlass com/sun/management/internal/PlatformMBeanProviderImpl$1
instanceKlass sun/management/spi/PlatformMBeanProvider$PlatformComponent
instanceKlass  @bci com/sun/management/internal/PlatformMBeanProviderImpl <clinit> ()V 8 <appendix> argL0 ; # com/sun/management/internal/PlatformMBeanProviderImpl$$Lambda+0x00000222903e3440
instanceKlass sun/management/spi/PlatformMBeanProvider
instanceKlass java/lang/management/ManagementFactory$PlatformMBeanFinder$1
instanceKlass java/lang/management/ManagementFactory$PlatformMBeanFinder
instanceKlass java/lang/management/RuntimeMXBean
instanceKlass java/lang/management/PlatformManagedObject
instanceKlass  @bci java/lang/management/ManagementFactory loadNativeLib ()V 0 <appendix> argL0 ; # java/lang/management/ManagementFactory$$Lambda+0x00000222903e23b0
instanceKlass java/lang/management/ManagementFactory
instanceKlass org/gradle/api/internal/jvm/JavaVersionParser
instanceKlass org/gradle/process/internal/CurrentProcess
instanceKlass org/gradle/cli/CommandLineParser$OptionParserState
instanceKlass org/gradle/cli/ParsedCommandLineOption
instanceKlass org/gradle/cli/ParsedCommandLine
instanceKlass org/gradle/cli/CommandLineOption
instanceKlass org/gradle/launcher/configuration/InitialProperties
instanceKlass org/gradle/launcher/cli/converter/InitialPropertiesConverter
instanceKlass org/gradle/cli/CommandLineParser$ParserState
instanceKlass org/gradle/cli/CommandLineParser
instanceKlass org/gradle/internal/logging/source/JavaUtilLoggingSystem$SnapshotImpl
instanceKlass org/gradle/internal/logging/config/LoggingSystemAdapter$SnapshotImpl
instanceKlass org/gradle/internal/dispatch/MethodInvocation
instanceKlass org/gradle/internal/logging/sink/OutputEventRenderer$SnapshotImpl
instanceKlass org/gradle/internal/logging/services/DefaultLoggingManager$StartableLoggingSystem
instanceKlass org/gradle/internal/logging/services/DefaultLoggingManager$StartableLoggingRouter
instanceKlass org/gradle/internal/logging/services/DefaultLoggingManager
instanceKlass org/gradle/internal/logging/source/JavaUtilLoggingSystem
instanceKlass org/gradle/internal/logging/slf4j/Slf4jLoggingConfigurer
instanceKlass org/gradle/internal/logging/config/LoggingSystemAdapter
instanceKlass org/gradle/internal/logging/services/DefaultLoggingManagerFactory
instanceKlass org/gradle/internal/logging/source/StdErrLoggingSystem
instanceKlass org/gradle/internal/logging/source/PrintStreamLoggingSystem$SnapshotImpl
instanceKlass org/gradle/internal/logging/source/PrintStreamLoggingSystem$OutputEventDestination
instanceKlass org/gradle/internal/logging/source/PrintStreamLoggingSystem$1
instanceKlass org/gradle/internal/logging/events/operations/StyledTextBuildOperationProgressDetails
instanceKlass org/gradle/internal/operations/logging/StyledTextBuildOperationProgressDetails
instanceKlass org/gradle/internal/io/TextStream
instanceKlass org/gradle/internal/logging/source/PrintStreamLoggingSystem
instanceKlass org/gradle/internal/logging/source/StdOutLoggingSystem
instanceKlass org/gradle/initialization/BuildEventConsumer
instanceKlass org/gradle/launcher/exec/BuildActionExecutor
instanceKlass com/google/common/collect/MapMakerInternalMap$StrongValueEntry
instanceKlass com/google/common/collect/MapMakerInternalMap$WeakKeyStrongValueEntry$Helper
instanceKlass com/google/common/collect/MapMakerInternalMap$InternalEntry
instanceKlass com/google/common/collect/MapMakerInternalMap$1
instanceKlass com/google/common/collect/MapMakerInternalMap$InternalEntryHelper
instanceKlass com/google/common/collect/MapMakerInternalMap$WeakValueReference
instanceKlass com/google/common/collect/MapMaker
instanceKlass org/gradle/internal/daemon/client/serialization/ClasspathInferer
instanceKlass org/gradle/tooling/internal/provider/serialization/DefaultPayloadClassLoaderRegistry$DetailsToClassLoaderTransformer
instanceKlass org/gradle/tooling/internal/provider/serialization/DefaultPayloadClassLoaderRegistry$ClassLoaderToDetailsTransformer
instanceKlass org/gradle/internal/classloader/DelegatingClassLoader
instanceKlass org/gradle/api/internal/initialization/loadercache/ModelClassLoaderFactory
instanceKlass org/gradle/internal/daemon/client/serialization/ClientSidePayloadClassLoaderFactory
instanceKlass org/gradle/tooling/internal/provider/serialization/ClassLoaderCache$Transformer
instanceKlass org/gradle/tooling/internal/provider/serialization/DefaultPayloadClassLoaderRegistry
instanceKlass org/gradle/internal/daemon/client/serialization/ClientSidePayloadClassLoaderRegistry
instanceKlass org/gradle/tooling/internal/provider/serialization/ClassLoaderDetails
instanceKlass org/gradle/tooling/internal/provider/serialization/DeserializeMap
instanceKlass org/gradle/tooling/internal/provider/serialization/SerializeMap
instanceKlass org/gradle/tooling/internal/provider/serialization/WellKnownClassLoaderRegistry
instanceKlass org/gradle/tooling/internal/provider/serialization/PayloadSerializer
instanceKlass org/gradle/internal/classloader/FilteringClassLoader$Trie$Builder
instanceKlass org/gradle/internal/classloader/FilteringClassLoader$Trie
instanceKlass org/gradle/internal/classloader/FilteringClassLoader$TrieSet
instanceKlass org/gradle/internal/classloader/ClassLoaderUtils$Java9PackagesFetcher
instanceKlass org/gradle/internal/classloader/ClassLoaderUtils$AbstractClassLoaderLookuper
instanceKlass org/gradle/internal/classloader/ClassLoaderUtils$ClassLoaderPackagesFetcher
instanceKlass org/gradle/internal/classloader/ClassLoaderUtils$ClassDefiner
instanceKlass org/gradle/internal/classloader/ClassLoaderUtils
instanceKlass org/gradle/TaskExecutionRequest
instanceKlass org/gradle/internal/classloader/ClassLoaderSpec
instanceKlass org/gradle/tooling/internal/provider/serialization/ClassLoaderCache
# instanceKlass java/lang/invoke/LambdaForm$MH+0x00000222906ca400
# instanceKlass java/lang/invoke/LambdaForm$MH+0x00000222906ca000
# instanceKlass java/lang/invoke/LambdaForm$MH+0x00000222906c9c00
# instanceKlass java/lang/invoke/LambdaForm$MH+0x00000222906c9800
# instanceKlass java/lang/invoke/LambdaForm$MH+0x00000222906c9400
# instanceKlass java/lang/invoke/LambdaForm$MH+0x00000222906c9000
# instanceKlass java/lang/invoke/LambdaForm$MH+0x00000222906c8c00
# instanceKlass java/lang/invoke/LambdaForm$MH+0x00000222906c8800
# instanceKlass java/lang/invoke/LambdaForm$MH+0x00000222906c8400
# instanceKlass java/lang/invoke/LambdaForm$DMH+0x00000222906c8000
instanceKlass org/gradle/internal/snapshot/impl/ArrayOfPrimitiveValueSnapshot
instanceKlass org/gradle/internal/snapshot/impl/AbstractSetSnapshot
instanceKlass org/gradle/internal/snapshot/impl/AbstractListSnapshot
instanceKlass org/gradle/internal/snapshot/impl/AbstractArraySnapshot
instanceKlass org/gradle/internal/snapshot/impl/EnumValueSnapshot
instanceKlass org/gradle/internal/snapshot/impl/JavaSerializedValueSnapshot
instanceKlass org/gradle/internal/snapshot/impl/NullValueSnapshot
instanceKlass org/gradle/internal/snapshot/impl/AbstractManagedValueSnapshot
instanceKlass org/gradle/internal/serialize/DefaultSerializerRegistry$InstanceBasedSerializerFactory
instanceKlass org/gradle/internal/snapshot/impl/AbstractScalarValueSnapshot
instanceKlass org/gradle/internal/snapshot/ValueSnapshot
instanceKlass org/gradle/internal/snapshot/impl/AbstractMapSnapshot
instanceKlass org/gradle/internal/isolation/Isolatable
instanceKlass org/gradle/internal/hash/Hashable
instanceKlass  @bci org/eclipse/jdt/internal/core/search/indexing/IndexManager saveIndex (Lorg/eclipse/jdt/internal/core/index/Index;)V 95 <appendix> member <vmtarget> ; # org/eclipse/jdt/internal/core/search/indexing/IndexManager$$Lambda+0x00000222906399a8
instanceKlass org/gradle/internal/snapshot/impl/IsolatableSerializerRegistry$IsolatableSerializer
instanceKlass  @bci org/eclipse/jdt/internal/core/search/processing/JobManager isJobWaiting (Lorg/eclipse/jdt/internal/core/search/processing/IJob;)Z 22 <appendix> member <vmtarget> ; # org/eclipse/jdt/internal/core/search/processing/JobManager$$Lambda+0x0000022290639750
instanceKlass org/gradle/internal/serialize/DefaultSerializerRegistry$HierarchySerializerMatcher
instanceKlass org/gradle/internal/serialize/DefaultSerializerRegistry$StrictSerializerMatcher
instanceKlass org/eclipse/jdt/internal/core/search/indexing/IndexManager$MetaIndexUpdateRequest
instanceKlass org/gradle/internal/serialize/DefaultSerializerRegistry$SerializerClassMatcherStrategy
instanceKlass org/gradle/internal/serialize/DefaultSerializerRegistry$1
instanceKlass org/gradle/internal/serialize/Encoder
instanceKlass org/gradle/internal/serialize/Decoder
instanceKlass org/gradle/internal/serialize/DefaultSerializerRegistry$SerializerFactory
# instanceKlass java/lang/invoke/LambdaForm$MH+0x00000222906bc000
instanceKlass sun/nio/fs/WindowsFileCopy
# instanceKlass java/lang/invoke/LambdaForm$MH+0x00000222906b3400
instanceKlass com/google/common/cache/LocalCache$StrongValueReference
instanceKlass org/gradle/api/internal/provider/ManagedFactories$ProviderManagedFactory
instanceKlass org/gradle/api/internal/provider/ManagedFactories$PropertyManagedFactory
instanceKlass org/gradle/api/provider/MapProperty
instanceKlass org/gradle/api/internal/provider/ManagedFactories$MapPropertyManagedFactory
instanceKlass org/gradle/api/provider/ListProperty
instanceKlass org/gradle/api/internal/provider/ManagedFactories$ListPropertyManagedFactory
instanceKlass org/gradle/api/internal/provider/AbstractMinimalProvider
instanceKlass org/gradle/api/internal/provider/CollectionPropertyInternal
instanceKlass org/gradle/api/internal/provider/CollectionProviderInternal
instanceKlass org/gradle/api/internal/provider/PropertyInternal
instanceKlass org/gradle/api/internal/provider/support/LazyGroovySupport
instanceKlass org/gradle/internal/state/OwnerAware
instanceKlass org/gradle/api/internal/provider/HasConfigurableValueInternal
instanceKlass org/gradle/api/internal/provider/ProviderInternal
instanceKlass org/gradle/internal/evaluation/EvaluationOwner
instanceKlass org/gradle/api/internal/provider/ValueSupplier
instanceKlass org/gradle/api/provider/SetProperty
instanceKlass org/gradle/api/provider/HasMultipleValues
instanceKlass org/gradle/api/internal/provider/ManagedFactories$SetPropertyManagedFactory
instanceKlass org/gradle/api/internal/file/ManagedFactories$DirectoryPropertyManagedFactory
instanceKlass org/gradle/api/internal/file/ManagedFactories$DirectoryManagedFactory
instanceKlass org/gradle/api/internal/file/ManagedFactories$RegularFilePropertyManagedFactory
instanceKlass org/gradle/api/internal/file/ManagedFactories$RegularFileManagedFactory
instanceKlass org/gradle/api/internal/file/collections/ManagedFactories$ConfigurableFileCollectionManagedFactory
instanceKlass org/gradle/internal/state/DefaultManagedFactoryRegistry
# instanceKlass java/lang/invoke/LambdaForm$MH+0x00000222906b3000
# instanceKlass java/lang/invoke/LambdaForm$MH+0x00000222906b2c00
# instanceKlass java/lang/invoke/LambdaForm$MH+0x00000222906b2800
# instanceKlass java/lang/invoke/LambdaForm$MH+0x00000222906b2400
# instanceKlass java/lang/invoke/LambdaForm$MH+0x00000222906b2000
# instanceKlass java/lang/invoke/LambdaForm$MH+0x00000222906b1c00
# instanceKlass java/lang/invoke/LambdaForm$MH+0x00000222906b1800
# instanceKlass java/lang/invoke/LambdaForm$MH+0x00000222906b1400
# instanceKlass java/lang/invoke/LambdaForm$DMH+0x00000222906b1000
instanceKlass org/gradle/api/file/DirectoryProperty
instanceKlass org/gradle/api/file/RegularFileProperty
instanceKlass org/gradle/api/file/FileSystemLocationProperty
instanceKlass org/gradle/api/provider/Property
instanceKlass org/gradle/api/provider/Provider
instanceKlass org/gradle/api/file/Directory
instanceKlass org/gradle/api/file/RegularFile
instanceKlass org/gradle/api/file/FileSystemLocation
# instanceKlass java/lang/invoke/LambdaForm$MH+0x00000222906b0c00
# instanceKlass java/lang/invoke/LambdaForm$MH+0x00000222906b0800
# instanceKlass java/lang/invoke/LambdaForm$MH+0x00000222906b0400
# instanceKlass java/lang/invoke/LambdaForm$MH+0x00000222906b0000
instanceKlass org/gradle/api/internal/provider/DefaultPropertyFactory
instanceKlass org/gradle/internal/instantiation/generator/DefaultInstantiationScheme$DefaultDeserializationInstantiator
instanceKlass org/gradle/internal/instantiation/InstanceFactory
instanceKlass org/gradle/internal/instantiation/generator/DependencyInjectingInstantiator
instanceKlass org/gradle/internal/instantiation/DeserializationInstantiator
instanceKlass org/gradle/internal/instantiation/generator/DefaultInstantiationScheme
instanceKlass org/gradle/internal/instantiation/generator/ParamsMatchingConstructorSelector
instanceKlass org/gradle/internal/instantiation/generator/Jsr330ConstructorSelector
instanceKlass com/google/common/collect/AbstractMapEntry
instanceKlass com/google/common/collect/BiMap
instanceKlass com/google/common/collect/ImmutableMap
instanceKlass org/eclipse/jdt/internal/core/index/DiskIndex$IntList
instanceKlass com/google/common/collect/ImmutableMultimap$Builder
instanceKlass com/google/common/collect/Multiset
instanceKlass org/gradle/api/tasks/Nested
instanceKlass org/gradle/internal/instantiation/generator/AbstractClassGenerator$InstantiationStrategy
instanceKlass org/eclipse/jdt/internal/compiler/env/AutomaticModuleNaming
instanceKlass org/gradle/internal/instantiation/generator/AbstractClassGenerator$ClassInspectionVisitor
instanceKlass org/gradle/internal/instantiation/generator/AbstractClassGenerator$UnclaimedPropertyHandler
instanceKlass com/google/common/reflect/TypeCapture
instanceKlass com/google/common/collect/ListMultimap
instanceKlass com/google/common/collect/AbstractMultimap
instanceKlass com/google/common/collect/Multimap
instanceKlass org/gradle/internal/instantiation/generator/AbstractClassGenerator
instanceKlass org/gradle/internal/instantiation/generator/ClassGenerator
instanceKlass org/gradle/internal/service/ServiceRegistryBuilder$1
instanceKlass  @bci org/gradle/internal/instantiation/generator/DefaultInstantiatorFactory defaultServiceRegistry ()Lorg/gradle/internal/service/ServiceRegistry; 9 <appendix> member <vmtarget> ; # org/gradle/internal/instantiation/generator/DefaultInstantiatorFactory$$Lambda+0x00000222906a1830
instanceKlass org/gradle/internal/service/ServiceRegistrationAction
instanceKlass com/google/common/collect/ImmutableCollection$Builder
instanceKlass com/google/common/collect/CollectPreconditions
instanceKlass com/google/common/collect/ImmutableSet$SetBuilderImpl
instanceKlass org/gradle/api/internal/tasks/properties/annotations/OutputPropertyRoleAnnotationHandler
instanceKlass org/gradle/internal/instantiation/generator/DefaultInstantiatorFactory$ManagedTypeFactory
instanceKlass org/gradle/internal/instantiation/InstantiationScheme
instanceKlass org/gradle/internal/instantiation/generator/ConstructorSelector
instanceKlass org/gradle/internal/instantiation/generator/DefaultInstantiatorFactory
# instanceKlass java/lang/invoke/LambdaForm$MH+0x0000022290698800
instanceKlass org/gradle/cache/internal/DefaultCrossBuildInMemoryCacheFactory$AbstractCrossBuildInMemoryCache
instanceKlass org/gradle/internal/session/BuildSessionLifecycleListener
instanceKlass org/gradle/model/internal/asm/ClassGeneratorSuffixRegistry
instanceKlass  @bci org/gradle/api/internal/model/NamedObjectInstantiator <init> (Lorg/gradle/cache/internal/ClassCacheFactory;)V 6 <appendix> member <vmtarget> ; # org/gradle/api/internal/model/NamedObjectInstantiator$$Lambda+0x000002229069ac78
instanceKlass org/gradle/internal/state/Managed
instanceKlass org/objectweb/asm/Type
instanceKlass com/google/common/base/ExtraObjectsMethodsForWeb
instanceKlass org/gradle/api/Named
instanceKlass org/objectweb/asm/ClassVisitor
instanceKlass org/gradle/model/internal/inspect/ValidationProblemCollector
instanceKlass org/gradle/cache/internal/CrossBuildInMemoryCache
instanceKlass org/gradle/cache/Cache
instanceKlass org/gradle/cache/internal/DefaultCrossBuildInMemoryCacheFactory
instanceKlass org/gradle/tooling/internal/provider/ConnectionScopeServices$1
instanceKlass org/gradle/jvm/toolchain/internal/DefaultToolchainConfiguration
instanceKlass org/gradle/process/internal/JvmDebugSpec$DefaultJvmDebugSpec
instanceKlass org/gradle/process/internal/JvmDebugSpec
instanceKlass org/gradle/process/internal/JvmOptions
instanceKlass org/gradle/launcher/daemon/toolchain/DaemonJvmCriteria$LauncherJvm
instanceKlass org/gradle/launcher/cli/converter/BuildLayoutConverter$Result
instanceKlass org/gradle/internal/buildoption/CommandLineOptionConfiguration
instanceKlass org/gradle/internal/buildoption/AbstractBuildOption
instanceKlass org/gradle/internal/buildoption/BuildOption
instanceKlass org/gradle/internal/buildoption/Option
instanceKlass org/gradle/internal/buildoption/BuildOptionSet
instanceKlass org/gradle/cli/AbstractCommandLineConverter
instanceKlass org/gradle/launcher/configuration/BuildLayoutResult
instanceKlass org/gradle/cli/CommandLineConverter
instanceKlass org/gradle/launcher/cli/converter/BuildLayoutConverter
instanceKlass org/gradle/jvm/toolchain/internal/ToolchainConfiguration
instanceKlass org/gradle/launcher/daemon/toolchain/DaemonJvmCriteria
instanceKlass org/gradle/launcher/daemon/configuration/DaemonParameters
instanceKlass  @bci org/gradle/api/internal/file/DefaultFileCollectionFactory <init> (Lorg/gradle/internal/file/PathToFileResolver;Lorg/gradle/api/internal/tasks/TaskDependencyFactory;Lorg/gradle/api/internal/file/collections/DirectoryFileTreeFactory;Lorg/gradle/api/tasks/util/internal/PatternSetFactory;Lorg/gradle/api/internal/provider/PropertyHost;Lorg/gradle/internal/nativeintegration/filesystem/FileSystem;)V 10 <appendix> argL0 ; # org/gradle/api/internal/file/DefaultFileCollectionFactory$$Lambda+0x0000022290696820
instanceKlass org/gradle/api/internal/file/collections/FileCollectionObservationListener
instanceKlass org/gradle/api/internal/tasks/DefaultTaskDependencyFactory
instanceKlass org/gradle/api/file/ConfigurableFileCollection
instanceKlass org/gradle/api/provider/SupportsConvention
instanceKlass org/gradle/api/provider/HasConfigurableValue
instanceKlass org/gradle/api/file/ConfigurableFileTree
instanceKlass org/gradle/api/file/DirectoryTree
instanceKlass org/gradle/api/internal/file/collections/MinimalFileTree
instanceKlass org/gradle/api/internal/file/collections/MinimalFileCollection
instanceKlass org/gradle/api/internal/file/FileTreeInternal
instanceKlass org/gradle/api/file/FileTree
instanceKlass org/gradle/api/internal/file/FileCollectionInternal
instanceKlass org/gradle/api/internal/tasks/TaskDependencyContainer
instanceKlass org/gradle/api/file/FileCollection
instanceKlass org/gradle/api/Buildable
instanceKlass org/gradle/api/internal/file/DefaultFileCollectionFactory
# instanceKlass java/lang/invoke/LambdaForm$MH+0x0000022290698400
# instanceKlass java/lang/invoke/LambdaForm$MH+0x0000022290698000
# instanceKlass java/lang/invoke/LambdaForm$MH+0x0000022290693c00
# instanceKlass java/lang/invoke/LambdaForm$MH+0x0000022290693800
# instanceKlass java/lang/invoke/LambdaForm$MH+0x0000022290693400
# instanceKlass java/lang/invoke/LambdaForm$MH+0x0000022290693000
# instanceKlass java/lang/invoke/LambdaForm$MH+0x0000022290692c00
# instanceKlass java/lang/invoke/LambdaForm$DMH+0x0000022290692800
instanceKlass  @bci org/gradle/api/internal/provider/PropertyHost <clinit> ()V 0 <appendix> argL0 ; # org/gradle/api/internal/provider/PropertyHost$$Lambda+0x0000022290694440
instanceKlass org/gradle/internal/state/ModelObject
instanceKlass org/gradle/api/internal/file/collections/DefaultDirectoryFileTreeFactory
# instanceKlass java/lang/invoke/LambdaForm$MH+0x0000022290692400
# instanceKlass java/lang/invoke/LambdaForm$MH+0x0000022290692000
# instanceKlass java/lang/invoke/LambdaForm$MH+0x0000022290691c00
instanceKlass org/gradle/internal/nativeintegration/filesystem/services/FallbackStat
instanceKlass org/gradle/internal/nativeintegration/filesystem/services/EmptyChmod
instanceKlass org/gradle/internal/nativeintegration/filesystem/jdk7/Jdk7Symlink
# instanceKlass java/lang/invoke/LambdaForm$MH+0x0000022290691800
# instanceKlass java/lang/invoke/LambdaForm$MH+0x0000022290691400
# instanceKlass java/lang/invoke/LambdaForm$MH+0x0000022290691000
# instanceKlass java/lang/invoke/LambdaForm$MH+0x0000022290690c00
# instanceKlass java/lang/invoke/LambdaForm$MH+0x0000022290690800
# instanceKlass java/lang/invoke/LambdaForm$MH+0x0000022290690400
# instanceKlass java/lang/invoke/LambdaForm$DMH+0x0000022290690000
instanceKlass org/gradle/internal/nativeintegration/services/NativeServices$2
instanceKlass org/gradle/internal/file/nio/NioFileMetadataAccessor
instanceKlass org/gradle/api/tasks/util/PatternSet
instanceKlass org/gradle/api/tasks/util/PatternFilterable
instanceKlass org/gradle/api/tasks/AntBuilderAware
instanceKlass org/gradle/api/tasks/util/internal/DefaultPatternSetFactory
instanceKlass org/gradle/internal/reflect/JavaReflectionUtil
instanceKlass org/gradle/internal/service/scopes/ParallelListener
instanceKlass org/gradle/internal/event/DefaultListenerManager$ListenerDetails
instanceKlass com/google/common/cache/LocalCache$AbstractReferenceEntry
instanceKlass com/google/common/cache/LocalCache$LoadingValueReference
instanceKlass com/google/common/cache/RemovalListener
instanceKlass com/google/common/cache/Weigher
instanceKlass org/eclipse/jdt/internal/compiler/env/ClassSignature
instanceKlass com/google/common/base/Predicate
instanceKlass org/eclipse/jdt/internal/compiler/env/EnumConstantSignature
instanceKlass com/google/common/base/Equivalence
instanceKlass com/google/common/base/MoreObjects
instanceKlass org/eclipse/jdt/internal/compiler/impl/Constant
instanceKlass com/google/common/cache/LocalCache$1
instanceKlass com/google/common/cache/ReferenceEntry
instanceKlass com/google/common/cache/LocalCache$ValueReference
instanceKlass com/google/common/cache/CacheLoader
instanceKlass com/google/common/cache/LocalCache$LocalManualCache
instanceKlass com/google/common/cache/CacheBuilder$2
instanceKlass com/google/common/cache/CacheStats
instanceKlass com/google/common/base/Suppliers$SupplierOfInstance
instanceKlass com/google/common/base/Suppliers
instanceKlass com/google/common/cache/CacheBuilder$1
instanceKlass com/google/common/cache/AbstractCache$StatsCounter
instanceKlass com/google/common/cache/LoadingCache
instanceKlass com/google/common/base/Function
instanceKlass com/google/common/cache/Cache
instanceKlass com/google/common/base/Ticker
instanceKlass com/google/common/base/Supplier
instanceKlass com/google/common/cache/CacheBuilder
instanceKlass org/gradle/cache/internal/HeapProportionalCacheSizer
instanceKlass org/gradle/api/specs/Spec
instanceKlass org/gradle/internal/collect/ArrayIterator
instanceKlass com/google/errorprone/annotations/DoNotMock
instanceKlass org/gradle/internal/service/scopes/EventScope
instanceKlass com/google/common/collect/PeekingIterator
instanceKlass com/google/common/collect/Iterators
instanceKlass org/gradle/internal/collect/PersistentList$Cons$PersistentListIterator
instanceKlass com/google/common/collect/ObjectArrays
instanceKlass com/google/common/collect/UnmodifiableIterator
instanceKlass org/gradle/internal/service/scopes/ListenerService
instanceKlass org/gradle/internal/service/scopes/StatefulListener
instanceKlass org/gradle/internal/event/DefaultListenerManager$EventBroadcast
instanceKlass org/gradle/internal/event/DefaultListenerManager
instanceKlass org/gradle/internal/typeconversion/CompositeNotationConverter
instanceKlass  @bci org/gradle/api/internal/file/AbstractFileResolver <init> ()V 47 <appendix> member <vmtarget> ; # org/gradle/api/internal/file/AbstractFileResolver$$Lambda+0x0000022290675ab8
instanceKlass org/gradle/api/Transformer
instanceKlass org/gradle/internal/typeconversion/TransformingConverter
instanceKlass org/gradle/api/internal/file/UriNotationConverter
instanceKlass org/gradle/internal/exceptions/DiagnosticsVisitor
instanceKlass org/gradle/internal/typeconversion/ErrorHandlingNotationParser
instanceKlass org/gradle/internal/typeconversion/NotationConvertResult
instanceKlass org/gradle/internal/typeconversion/NotationConverterToNotationParserAdapter
instanceKlass org/gradle/internal/typeconversion/TypeInfo
instanceKlass org/gradle/internal/typeconversion/NotationParserBuilder
instanceKlass org/gradle/api/internal/file/FileNotationConverter
instanceKlass org/gradle/internal/typeconversion/NotationParser
instanceKlass org/gradle/internal/typeconversion/NotationConverter
instanceKlass org/gradle/api/internal/file/AbstractFileResolver
instanceKlass org/gradle/internal/scripts/ScriptingLanguages$1
instanceKlass org/gradle/scripts/ScriptingLanguage
instanceKlass org/gradle/internal/scripts/ScriptingLanguages
instanceKlass org/gradle/internal/scripts/ScriptFileUtil
instanceKlass org/gradle/internal/scripts/ScriptFileResolvedListener
instanceKlass  @bci org/gradle/internal/service/DefaultServiceRegistry$ManagedObjectServiceProvider instanceRealized (Ljava/lang/Object;)V 12 <appendix> member <vmtarget> ; # org/gradle/internal/service/DefaultServiceRegistry$ManagedObjectServiceProvider$$Lambda+0x0000022290673340
# instanceKlass java/lang/invoke/LambdaForm$MH+0x0000022290674000
instanceKlass org/gradle/internal/service/DefaultServiceRegistry$CollectionService
instanceKlass org/gradle/internal/service/DefaultServiceRegistry$CollectingVisitor
instanceKlass org/gradle/internal/collect/ChampLookup
instanceKlass  @bci org/gradle/internal/collect/PersistentMapTrie getOrDefault (Ljava/lang/Object;Ljava/lang/Object;)Ljava/lang/Object; 7 <appendix> argL0 ; # org/gradle/internal/collect/PersistentMapTrie$$Lambda+0x0000022290672a98
instanceKlass org/gradle/internal/collect/ChampLookup$LookupResult
instanceKlass org/gradle/internal/invocation/BuildAction
instanceKlass org/gradle/launcher/daemon/client/DaemonGreeter
instanceKlass org/gradle/internal/serialize/Serializer
instanceKlass org/gradle/launcher/daemon/client/DaemonClientGlobalServices
instanceKlass org/eclipse/jdt/internal/compiler/codegen/ConstantPool
instanceKlass org/gradle/tooling/internal/provider/ProviderConnection
instanceKlass org/gradle/tooling/internal/provider/ShutdownCoordinator
instanceKlass org/gradle/launcher/daemon/client/DaemonStartListener
instanceKlass org/gradle/launcher/daemon/client/DaemonStopClientExecuter
instanceKlass org/gradle/launcher/daemon/client/NotifyDaemonClientExecuter
instanceKlass org/gradle/launcher/daemon/client/DaemonClientFactory
instanceKlass org/gradle/internal/serialize/DefaultSerializerRegistry
instanceKlass org/gradle/internal/serialize/SerializerRegistry
instanceKlass org/gradle/api/problems/internal/IsolatableToBytesSerializer
instanceKlass org/eclipse/jdt/internal/compiler/classfmt/ElementValuePairInfo
instanceKlass org/eclipse/jdt/internal/compiler/env/IBinaryElementValuePair
instanceKlass org/gradle/execution/DefaultWorkValidationWarningRecorder
instanceKlass org/gradle/execution/WorkValidationWarningReporter
instanceKlass org/gradle/internal/execution/steps/ValidateStep$ValidationWarningRecorder
instanceKlass org/gradle/process/internal/ClientExecHandleBuilderFactory
instanceKlass org/gradle/process/internal/services/ProcessBasicGlobalScopeServices
instanceKlass org/eclipse/jdt/core/Flags
instanceKlass org/gradle/internal/id/UUIDGenerator
instanceKlass org/gradle/internal/remote/MessagingServer
instanceKlass org/gradle/internal/remote/internal/OutgoingConnector
instanceKlass org/gradle/internal/remote/internal/IncomingConnector
instanceKlass org/gradle/internal/remote/MessagingClient
instanceKlass org/gradle/internal/id/IdGenerator
instanceKlass org/gradle/internal/remote/services/MessagingServices
instanceKlass javax/inject/Inject
instanceKlass org/gradle/internal/scripts/DefaultScriptFileResolver
instanceKlass org/gradle/internal/scripts/DefaultScriptFileResolverListeners
instanceKlass org/gradle/internal/scripts/ScriptFileResolverListeners
instanceKlass org/eclipse/jdt/internal/compiler/classfmt/JavaBinaryNames
instanceKlass org/gradle/api/internal/file/DefaultFileLookup
instanceKlass org/gradle/internal/service/scopes/Scope$Settings
instanceKlass org/eclipse/jdt/internal/compiler/ExtraFlags
instanceKlass org/gradle/internal/instantiation/managed/ManagedObjectProvider
instanceKlass org/eclipse/jdt/internal/compiler/flow/FlowContext
instanceKlass org/jspecify/annotations/NullMarked
instanceKlass org/gradle/internal/service/scopes/Scope$Project
instanceKlass org/gradle/internal/service/scopes/Scope$Build
instanceKlass org/gradle/internal/service/scopes/Scope$BuildTree
instanceKlass org/gradle/internal/service/scopes/Scope$BuildSession
instanceKlass org/gradle/internal/service/scopes/Scope$CrossBuildSession
instanceKlass org/gradle/internal/service/scopes/Scope$UserHome
instanceKlass org/gradle/internal/service/ServiceScopeValidatorWorkarounds
instanceKlass org/gradle/initialization/layout/BuildLayoutFactory
instanceKlass org/gradle/internal/scripts/ScriptFileResolver
instanceKlass org/eclipse/jdt/internal/compiler/codegen/AttributeNamesConstants
instanceKlass org/gradle/internal/remote/internal/inet/InetAddressFactory
instanceKlass org/gradle/api/internal/file/FileLookup
instanceKlass org/gradle/api/internal/file/DefaultFilePropertyFactory
instanceKlass org/gradle/api/internal/file/FileResolver
instanceKlass org/gradle/internal/file/PathToFileResolver
instanceKlass org/gradle/internal/file/RelativeFilePathResolver
instanceKlass org/gradle/api/internal/provider/PropertyHost
instanceKlass org/gradle/internal/operations/BuildOperationListener
instanceKlass org/gradle/internal/state/ManagedFactoryRegistry
instanceKlass org/gradle/api/internal/file/FileFactory
instanceKlass org/gradle/cache/GlobalCache
instanceKlass org/gradle/internal/properties/annotations/AbstractAnnotationHandler
instanceKlass org/gradle/internal/properties/annotations/PropertyAnnotationHandler
instanceKlass org/gradle/internal/properties/annotations/AnnotationHandler
instanceKlass org/gradle/internal/instantiation/InjectAnnotationHandler
instanceKlass org/eclipse/jdt/internal/compiler/env/IBinaryNestedType
instanceKlass org/gradle/model/internal/manage/schema/extract/ModelSchemaExtractionStrategy
instanceKlass org/eclipse/jdt/internal/compiler/env/IBinaryModule
instanceKlass org/gradle/model/internal/inspect/MethodModelRuleExtractor
instanceKlass org/gradle/model/internal/manage/schema/extract/ModelSchemaAspectExtractionStrategy
instanceKlass org/eclipse/jdt/internal/compiler/env/IBinaryTypeAnnotation
instanceKlass org/gradle/api/internal/plugins/PluginInspector
instanceKlass org/eclipse/jdt/internal/compiler/env/IBinaryAnnotation
instanceKlass org/gradle/internal/instrumentation/agent/AgentInitializer
instanceKlass org/eclipse/jdt/internal/compiler/env/IRecordComponent
instanceKlass org/eclipse/jdt/internal/compiler/env/IBinaryMethod
instanceKlass org/eclipse/jdt/internal/compiler/env/IGenericMethod
instanceKlass org/gradle/api/internal/cache/StringInterner
instanceKlass com/google/common/collect/Interner
instanceKlass org/gradle/model/internal/inspect/ModelRuleExtractor
instanceKlass org/eclipse/jdt/internal/compiler/env/IBinaryField
instanceKlass org/eclipse/jdt/internal/compiler/env/IGenericField
instanceKlass org/gradle/model/internal/manage/instance/ManagedProxyFactory
instanceKlass org/gradle/api/internal/model/NamedObjectInstantiator
instanceKlass org/gradle/internal/state/ManagedFactory
instanceKlass org/eclipse/jdt/internal/compiler/classfmt/ClassFileStruct
instanceKlass org/gradle/api/internal/collections/DomainObjectCollectionFactory
instanceKlass org/gradle/api/internal/tasks/TaskDependencyFactory
instanceKlass org/gradle/api/internal/file/FilePropertyFactory
instanceKlass org/gradle/api/internal/classpath/RuntimeApiInfo
instanceKlass org/gradle/internal/operations/CurrentBuildOperationRef
instanceKlass org/gradle/internal/logging/LoggingManagerInternal
instanceKlass org/gradle/internal/logging/StandardOutputCapture
instanceKlass org/gradle/api/logging/LoggingManager
instanceKlass org/gradle/model/internal/inspect/ModelRuleSourceDetector
instanceKlass org/gradle/internal/service/CachingServiceLocator
instanceKlass org/gradle/model/internal/manage/schema/extract/ModelSchemaAspectExtractor
instanceKlass org/gradle/internal/instantiation/InstanceGenerator
instanceKlass org/gradle/internal/service/DefaultServiceRegistry$RegistrationWrapper
instanceKlass org/gradle/internal/collect/SingletonIterator
instanceKlass  @bci org/gradle/internal/service/DefaultServiceRegistry$OwnServices annotationHandlerCreated (Lorg/gradle/internal/service/AnnotatedServiceLifecycleHandler;)V 5 <appendix> member <vmtarget> ; # org/gradle/internal/service/DefaultServiceRegistry$OwnServices$$Lambda+0x000002229065e790
instanceKlass  @bci org/gradle/internal/service/DefaultServiceRegistry$FixedInstanceService instanceRealized (Ljava/lang/Object;)V 13 <appendix> member <vmtarget> ; # org/gradle/internal/service/DefaultServiceRegistry$FixedInstanceService$$Lambda+0x000002229065e568
instanceKlass org/gradle/internal/service/scopes/ServiceScope
instanceKlass org/gradle/internal/service/ServiceScopeValidator
instanceKlass org/gradle/internal/service/DefaultServiceRegistry$CompositeServiceProvider
instanceKlass org/gradle/internal/service/DefaultServiceRegistry$ParentServices
instanceKlass org/gradle/internal/isolation/IsolatableFactory
instanceKlass org/eclipse/jdt/internal/core/search/indexing/AbstractIndexer
instanceKlass org/gradle/tooling/internal/provider/serialization/PayloadClassLoaderRegistry
instanceKlass org/gradle/tooling/internal/provider/serialization/PayloadClassLoaderFactory
instanceKlass org/gradle/internal/classloader/ClassLoaderHierarchy
instanceKlass org/gradle/internal/hash/ClassLoaderHierarchyHasher
instanceKlass org/gradle/tooling/internal/provider/ConnectionScopeServices
instanceKlass  @bci org/gradle/internal/service/scopes/GlobalScopeServices <init> (ZLorg/gradle/internal/instrumentation/agent/AgentStatus;Lorg/gradle/internal/installation/CurrentGradleInstallation;)V 12 <appendix> member <vmtarget> ; # org/gradle/internal/service/scopes/GlobalScopeServices$$Lambda+0x000002229065c6e8
instanceKlass org/gradle/internal/environment/GradleBuildEnvironment
instanceKlass org/gradle/internal/instrumentation/agent/DisabledAgentStatus
instanceKlass org/gradle/internal/instrumentation/agent/AgentStatus
instanceKlass org/gradle/groovy/scripts/internal/ScriptSourceHasher
instanceKlass org/gradle/api/internal/classpath/PluginModuleRegistry
instanceKlass org/gradle/initialization/ClassLoaderRegistry
instanceKlass org/gradle/internal/problems/failure/FailureFactory
instanceKlass org/gradle/api/tasks/util/internal/PatternSpecFactory
instanceKlass org/gradle/internal/file/excludes/FileSystemDefaultExcludesListener
instanceKlass org/gradle/api/internal/ClassPathRegistry
instanceKlass org/gradle/process/internal/health/memory/JvmMemoryInfo
instanceKlass org/gradle/internal/instantiation/InstantiatorFactory
instanceKlass org/gradle/internal/instantiation/PropertyRoleAnnotationHandler
instanceKlass org/gradle/model/internal/manage/schema/extract/ModelSchemaExtractor
instanceKlass org/gradle/initialization/JdkToolsInitializer
instanceKlass org/gradle/model/internal/manage/binding/StructBindingsStore
instanceKlass org/gradle/api/model/ObjectFactory
instanceKlass org/gradle/internal/reflect/Instantiator
instanceKlass org/gradle/configuration/ImportsReader
instanceKlass org/gradle/model/internal/manage/schema/ModelSchemaStore
instanceKlass org/gradle/internal/service/scopes/GradleUserHomeScopeServiceRegistry
instanceKlass org/gradle/internal/operations/BuildOperationProgressEventEmitter
instanceKlass org/gradle/cache/CacheCleanupStrategyFactory
instanceKlass org/gradle/cache/internal/InMemoryCacheDecoratorFactory
instanceKlass org/gradle/internal/service/ServiceLocator
instanceKlass org/gradle/internal/execution/history/changes/ExecutionStateChangeDetector
instanceKlass org/gradle/internal/execution/history/OverlappingOutputDetector
instanceKlass org/gradle/process/internal/health/memory/OsMemoryInfo
instanceKlass org/gradle/process/internal/health/memory/MemoryManager
instanceKlass org/gradle/api/internal/provider/PropertyFactory
instanceKlass org/gradle/internal/operations/BuildOperationRunner
instanceKlass org/gradle/initialization/LegacyTypesSupport
instanceKlass org/gradle/api/internal/classpath/ModuleRegistry
instanceKlass org/gradle/internal/classloader/ClassLoaderFactory
instanceKlass org/gradle/internal/operations/DefaultBuildOperationRunner$BuildOperationExecutionListener
instanceKlass org/gradle/internal/operations/BuildOperationListenerManager
instanceKlass org/gradle/cache/internal/CrossBuildInMemoryCacheFactory
instanceKlass org/gradle/internal/logging/progress/ProgressLoggerFactory
instanceKlass org/gradle/internal/logging/progress/ProgressListener
instanceKlass org/gradle/cache/internal/ClassCacheFactory
instanceKlass org/gradle/internal/operations/BuildOperationIdFactory
instanceKlass org/gradle/cache/internal/CacheFactory
instanceKlass org/gradle/internal/file/Deleter
instanceKlass org/gradle/internal/hash/StreamHasher
instanceKlass org/gradle/cache/FileLockManager
instanceKlass org/gradle/cache/internal/ProcessMetaDataProvider
instanceKlass org/gradle/api/tasks/util/internal/PatternSetFactory
instanceKlass org/gradle/internal/event/ScopedListenerManager
instanceKlass org/gradle/internal/event/ListenerManager
instanceKlass org/gradle/internal/instantiation/managed/ManagedObjectRegistry
instanceKlass org/gradle/internal/service/AnnotatedServiceLifecycleHandler
instanceKlass org/gradle/cache/internal/locklistener/FileLockContentionHandler
instanceKlass org/gradle/cache/internal/locklistener/InetAddressProvider
instanceKlass org/gradle/api/internal/file/FileCollectionFactory
instanceKlass org/gradle/api/internal/file/collections/DirectoryFileTreeFactory
instanceKlass org/gradle/internal/concurrent/ExecutorFactory
instanceKlass org/gradle/internal/service/scopes/BasicGlobalScopeServices
instanceKlass  @bci org/eclipse/lsp4j/jsonrpc/json/adapters/CollectionTypeAdapter$Factory getConstructor (Ljava/lang/Class;)Ljava/util/function/Supplier; 10 <appendix> member <vmtarget> ; # org/eclipse/lsp4j/jsonrpc/json/adapters/CollectionTypeAdapter$Factory$$Lambda+0x00000222904c2318
instanceKlass org/gradle/internal/service/scopes/Scope$Global
instanceKlass org/gradle/internal/service/scopes/Scope
instanceKlass org/gradle/tooling/internal/provider/InternalCancellationTokenAdapter
instanceKlass org/gradle/internal/featurelifecycle/LoggingIncubatingFeatureHandler
instanceKlass org/gradle/util/internal/IncubationLogger
instanceKlass org/gradle/internal/problems/NoOpProblemDiagnosticsFactory$2
instanceKlass org/gradle/internal/problems/NoOpProblemDiagnosticsFactory$1
instanceKlass org/gradle/problems/buildtree/ProblemStream
instanceKlass org/gradle/problems/ProblemDiagnostics
instanceKlass org/gradle/internal/problems/NoOpProblemDiagnosticsFactory
instanceKlass org/gradle/problems/buildtree/ProblemDiagnosticsFactory
instanceKlass org/gradle/api/internal/DocumentationRegistry
instanceKlass org/gradle/api/problems/Problem
instanceKlass org/gradle/problems/buildtree/ProblemStream$StackTraceTransformer
instanceKlass org/gradle/internal/featurelifecycle/LoggingDeprecatedFeatureHandler
instanceKlass org/gradle/internal/featurelifecycle/FeatureHandler
instanceKlass  @bci org/gradle/internal/deprecation/DeprecationLogger <clinit> ()V 0 <appendix> argL0 ; # org/gradle/internal/deprecation/DeprecationLogger$$Lambda+0x0000022290654ec0
instanceKlass org/gradle/internal/deprecation/DeprecationMessageBuilder
instanceKlass org/gradle/internal/deprecation/DeprecationLogger
instanceKlass org/gradle/tooling/internal/adapter/ProtocolToModelAdapter$ChainedMethodInvoker
instanceKlass org/gradle/tooling/internal/adapter/ProtocolToModelAdapter$ClassMixInMethodInvoker
instanceKlass org/gradle/tooling/internal/protocol/InternalLaunchable
instanceKlass org/gradle/tooling/internal/gradle/GradleProjectIdentity
instanceKlass org/gradle/tooling/internal/gradle/GradleBuildIdentity
instanceKlass org/gradle/tooling/internal/adapter/ProtocolToModelAdapter$MixInMappingAction
instanceKlass org/gradle/tooling/internal/adapter/ProtocolToModelAdapter$TypeSpecificMappingAction
instanceKlass org/gradle/tooling/internal/provider/connection/BuildLogLevelMixIn
instanceKlass org/gradle/tooling/internal/adapter/ProtocolToModelAdapter$DefaultViewBuilder
instanceKlass org/gradle/tooling/internal/provider/connection/ProviderOperationParameters
instanceKlass org/gradle/tooling/internal/consumer/parameters/BuildCancellationTokenAdapter
instanceKlass org/gradle/tooling/internal/consumer/versioning/ModelMapping$DefaultModelIdentifier
instanceKlass org/gradle/internal/impldep/com/google/common/cache/LocalCache$StrongValueReference
instanceKlass org/gradle/internal/impldep/com/google/common/util/concurrent/AbstractFuture$Failure
instanceKlass org/gradle/internal/impldep/com/google/common/util/concurrent/AbstractFuture$Cancellation
instanceKlass org/gradle/internal/impldep/com/google/common/util/concurrent/AbstractFuture$SetFuture
instanceKlass org/gradle/internal/impldep/com/google/common/util/concurrent/Uninterruptibles
instanceKlass org/gradle/tooling/internal/consumer/connection/ParameterValidatingConsumerConnection
instanceKlass org/gradle/internal/logging/services/TextStreamOutputEventListener
instanceKlass org/gradle/internal/logging/sink/OutputEventListenerManager$1
instanceKlass org/gradle/internal/logging/sink/OutputEventListenerManager
instanceKlass  @bci org/gradle/internal/logging/services/LoggingServiceRegistry makeOutputEventRenderer ()Lorg/gradle/internal/logging/sink/OutputEventRenderer; 4 <appendix> argL0 ; # org/gradle/internal/logging/services/LoggingServiceRegistry$$Lambda+0x000002229064e7e0
instanceKlass org/eclipse/jdt/internal/compiler/classfmt/ClassFileConstants
instanceKlass org/gradle/internal/logging/services/LoggingServiceRegistry$1
instanceKlass org/gradle/internal/logging/text/StyledTextOutputFactory
instanceKlass org/gradle/internal/logging/LoggingManagerFactory
instanceKlass org/gradle/internal/logging/config/LoggingConfigurer
instanceKlass org/gradle/internal/logging/config/LoggingSourceSystem
instanceKlass org/gradle/internal/logging/services/LoggingServiceRegistry
instanceKlass java/lang/Class$EnclosingMethodInfo
instanceKlass net/rubygrapefruit/platform/SystemInfo
instanceKlass net/rubygrapefruit/platform/file/FileSystems
instanceKlass net/rubygrapefruit/platform/memory/Memory
instanceKlass org/gradle/internal/jvm/Jvm
instanceKlass org/gradle/internal/jvm/JavaInfo
instanceKlass net/rubygrapefruit/platform/WindowsRegistry
instanceKlass org/gradle/internal/file/StatStatistics
instanceKlass org/gradle/internal/file/StatStatistics$Collector
instanceKlass org/gradle/internal/nativeintegration/filesystem/services/GenericFileSystem
instanceKlass org/gradle/internal/service/InjectUtil
# instanceKlass java/lang/invoke/LambdaForm$MH+0x0000022290650c00
# instanceKlass java/lang/invoke/LambdaForm$MH+0x0000022290650800
# instanceKlass java/lang/invoke/LambdaForm$MH+0x0000022290650400
# instanceKlass java/lang/invoke/LambdaForm$MH+0x0000022290650000
instanceKlass org/gradle/internal/service/DefaultServiceRegistry$1
instanceKlass org/gradle/internal/collect/PersistentArraySmall
instanceKlass org/gradle/internal/collect/PersistentMapTrie$1
instanceKlass org/gradle/internal/collect/ArrayCopy
instanceKlass org/gradle/internal/collect/ChampNode
instanceKlass org/gradle/internal/collect/Modification
instanceKlass org/gradle/internal/collect/PersistentMapTrie
instanceKlass  @bci org/gradle/internal/service/DefaultServiceRegistry$ServicesSnapshot collectProvidersForClassHierarchyOf (Lorg/gradle/internal/service/DefaultServiceRegistry$SingletonService;Lorg/gradle/internal/service/DefaultServiceRegistry$ClassInspector;Lorg/gradle/internal/collect/PersistentMap;)Lorg/gradle/internal/collect/PersistentMap; 128 <appendix> member <vmtarget> ; # org/gradle/internal/service/DefaultServiceRegistry$ServicesSnapshot$$Lambda+0x000002229064aa60
instanceKlass org/gradle/internal/service/DefaultServiceRegistry$ClassInspector$ClassDetails
instanceKlass  @bci org/gradle/internal/service/DefaultServiceRegistry$OwnServices add (Lorg/gradle/internal/service/DefaultServiceRegistry$SingletonService;)V 22 <appendix> member <vmtarget> ; # org/gradle/internal/service/DefaultServiceRegistry$OwnServices$$Lambda+0x000002229064a5e8
instanceKlass org/gradle/util/internal/CollectionUtils
instanceKlass  @bci org/gradle/internal/service/DefaultServiceRegistry$SingletonService <init> (Lorg/gradle/internal/service/DefaultServiceRegistry;Lorg/gradle/internal/service/ServiceAccessScope;Ljava/util/List;)V 43 <appendix> argL0 ; # org/gradle/internal/service/DefaultServiceRegistry$SingletonService$$Lambda+0x000002229064a1a0
instanceKlass org/gradle/internal/service/PrivateService
instanceKlass org/gradle/internal/reflect/JavaMethod
instanceKlass org/gradle/util/internal/ArrayUtils
instanceKlass com/google/errorprone/annotations/Keep
instanceKlass org/gradle/internal/service/Provides
instanceKlass org/gradle/internal/service/AbstractServiceMethod
instanceKlass org/gradle/internal/os/OperatingSystem
instanceKlass org/gradle/internal/nativeintegration/filesystem/services/GenericFileSystem$Factory
instanceKlass org/gradle/internal/service/RelevantMethods$RelevantMethodsBuilder
instanceKlass org/gradle/internal/Cast
instanceKlass org/gradle/internal/service/ServiceMethod
instanceKlass org/gradle/internal/service/MethodHandleBasedServiceMethodFactory
instanceKlass org/gradle/internal/service/DefaultServiceMethodFactory
instanceKlass org/gradle/internal/service/ServiceMethodFactory
instanceKlass org/gradle/internal/service/RelevantMethods
instanceKlass org/gradle/internal/service/DefaultServiceAccessToken
instanceKlass org/gradle/internal/service/TypeStringFormatter
instanceKlass org/gradle/internal/service/DefaultServiceRegistry$ClassInspector
instanceKlass org/gradle/internal/collect/PersistentArray0
instanceKlass org/gradle/internal/collect/PersistentList
instanceKlass org/gradle/internal/service/DefaultServiceRegistry$ServicesSnapshot
instanceKlass org/gradle/internal/collect/PersistentMap1
instanceKlass org/gradle/internal/collect/Preconditions
instanceKlass org/gradle/internal/collect/PersistentMap
instanceKlass org/gradle/internal/collect/PersistentArray1
instanceKlass org/gradle/internal/collect/PersistentArray
instanceKlass org/gradle/internal/service/ServiceAccess$1
instanceKlass org/gradle/internal/service/ServiceAccessToken
instanceKlass org/gradle/internal/service/ServiceAccessScope
instanceKlass org/gradle/internal/service/ServiceAccess
instanceKlass org/gradle/internal/service/DefaultServiceRegistry$ThisAsService
instanceKlass org/gradle/internal/concurrent/CompositeStoppable
instanceKlass org/gradle/internal/service/AnnotatedServiceLifecycleHandler$Registration
instanceKlass org/gradle/internal/service/DefaultServiceRegistry$OwnServices
instanceKlass org/gradle/internal/service/ServiceRegistration
instanceKlass org/gradle/internal/service/ServiceProvider$Visitor
instanceKlass org/gradle/internal/service/DefaultServiceRegistry$ManagedObjectServiceProvider
instanceKlass org/gradle/internal/service/Service
instanceKlass org/gradle/internal/service/ServiceProvider
instanceKlass org/gradle/internal/concurrent/Stoppable
instanceKlass org/gradle/internal/nativeintegration/jansi/JansiStorage
instanceKlass org/fusesource/jansi/Ansi
instanceKlass org/fusesource/jansi/internal/OSInfo
instanceKlass org/gradle/internal/nativeintegration/jansi/JansiLibrary
instanceKlass org/gradle/internal/nativeintegration/services/NativeServices$FileEventFunctionsProvider
instanceKlass org/gradle/internal/nativeintegration/services/NativeServices$NativeFeatures$1$2
instanceKlass org/gradle/internal/nativeintegration/services/NativeServices$1
instanceKlass org/gradle/internal/nativeintegration/filesystem/FileSystem
instanceKlass org/gradle/internal/file/FileSystem
instanceKlass org/gradle/internal/file/Stat
instanceKlass org/gradle/internal/file/Chmod
instanceKlass org/gradle/internal/file/FileModeMutator
instanceKlass org/gradle/internal/file/FileModeAccessor
instanceKlass org/eclipse/jdt/internal/compiler/flow/FlowInfo
instanceKlass org/gradle/internal/nativeintegration/filesystem/Symlink
instanceKlass org/gradle/internal/file/FileCanonicalizer
instanceKlass org/gradle/internal/nativeintegration/filesystem/services/FileSystemServices
instanceKlass org/gradle/internal/service/AbstractServiceRegistry
instanceKlass org/gradle/internal/service/CloseableServiceRegistry
instanceKlass net/rubygrapefruit/platform/internal/jni/NativeLibraryFunctions
instanceKlass net/rubygrapefruit/platform/internal/LibraryDef
instanceKlass net/rubygrapefruit/platform/internal/NativeLibraryLocator
instanceKlass net/rubygrapefruit/platform/internal/NativeLibraryLoader
instanceKlass net/rubygrapefruit/platform/Process
instanceKlass org/eclipse/jdt/internal/compiler/SourceElementNotifier
instanceKlass net/rubygrapefruit/platform/internal/Platform
instanceKlass net/rubygrapefruit/platform/Native
instanceKlass org/gradle/internal/service/ServiceRegistryBuilder
instanceKlass org/gradle/internal/nativeintegration/jansi/JansiLibraryFactory
instanceKlass org/gradle/internal/nativeintegration/jansi/JansiStorageLocator
instanceKlass org/gradle/internal/nativeintegration/jansi/JansiBootPathConfigurer
instanceKlass org/gradle/internal/nativeintegration/network/HostnameLookup
instanceKlass net/rubygrapefruit/platform/ProcessLauncher
instanceKlass net/rubygrapefruit/platform/NativeIntegration
instanceKlass org/gradle/internal/nativeintegration/NativeCapabilities
instanceKlass org/gradle/internal/file/FileMetadataAccessor
instanceKlass org/gradle/internal/nativeintegration/console/ConsoleDetector
instanceKlass org/gradle/internal/nativeintegration/ProcessEnvironment
instanceKlass org/gradle/internal/nativeintegration/services/NativeServices
instanceKlass org/gradle/internal/FileUtils$1
instanceKlass org/gradle/internal/FileUtils
instanceKlass lombok/patcher/scripts/WrapMethodCallScript$1
instanceKlass org/eclipse/jdt/internal/compiler/util/HashtableOfObjectToInt
instanceKlass org/eclipse/jdt/internal/compiler/ast/IJavadocTypeReference
instanceKlass  @bci org/eclipse/jdt/internal/compiler/util/CharDeduplication <clinit> ()V 44 <appendix> argL0 ; # org/eclipse/jdt/internal/compiler/util/CharDeduplication$$Lambda+0x00000222905de850
instanceKlass org/eclipse/jdt/internal/compiler/util/CharDeduplication
instanceKlass org/gradle/internal/installation/GradleInstallation$1
instanceKlass org/gradle/internal/installation/GradleInstallation
instanceKlass org/gradle/internal/classloader/ClasspathUtil
instanceKlass org/gradle/internal/installation/beacon/InstallationBeacon
instanceKlass org/gradle/internal/installation/CurrentGradleInstallationLocator
instanceKlass org/gradle/internal/installation/CurrentGradleInstallation
instanceKlass org/gradle/internal/SystemProperties
instanceKlass org/gradle/initialization/BuildLayoutParameters
instanceKlass com/google/common/base/Preconditions
instanceKlass org/eclipse/jdt/internal/compiler/parser/Scanner
instanceKlass com/google/common/base/Optional
instanceKlass org/gradle/tooling/internal/adapter/ProtocolToModelAdapter$MethodInvocationCache$MethodInvocationKey
instanceKlass org/gradle/tooling/internal/adapter/MethodInvocation
instanceKlass  @bci org/gradle/tooling/internal/adapter/WeakIdentityHashMap computeIfAbsent (Ljava/lang/Object;Lorg/gradle/tooling/internal/adapter/WeakIdentityHashMap$AbsentValueProvider;)Ljava/lang/Object; 23 <appendix> member <vmtarget> ; # org/gradle/tooling/internal/adapter/WeakIdentityHashMap$$Lambda+0x0000022290628d30
instanceKlass org/gradle/tooling/internal/adapter/ProtocolToModelAdapter$ViewGraphDetails$1
instanceKlass org/gradle/tooling/internal/adapter/ProtocolToModelAdapter$AdaptingMethodInvoker
instanceKlass org/gradle/tooling/internal/adapter/ProtocolToModelAdapter$PropertyCachingMethodInvoker
instanceKlass org/gradle/tooling/internal/adapter/ProtocolToModelAdapter$SafeMethodInvoker
instanceKlass org/gradle/tooling/internal/adapter/ProtocolToModelAdapter$SupportedPropertyInvoker
instanceKlass org/gradle/tooling/internal/adapter/ProtocolToModelAdapter$InvocationHandlerImpl
instanceKlass org/gradle/tooling/internal/adapter/ProtocolToModelAdapter$ViewKey
instanceKlass org/gradle/tooling/internal/adapter/WeakIdentityHashMap
instanceKlass org/gradle/tooling/internal/adapter/WeakIdentityHashMap$AbsentValueProvider
instanceKlass org/gradle/tooling/internal/adapter/ProtocolToModelAdapter$ViewGraphDetails
instanceKlass org/gradle/tooling/internal/provider/connection/ProviderConnectionParameters
instanceKlass org/gradle/tooling/internal/protocol/InternalBuildAction
instanceKlass  @bci java/util/Map$Entry comparingByKey ()Ljava/util/Comparator; 0 <appendix> argL0 ; # java/util/Map$Entry$$Lambda+0x00000222903e1af8
instanceKlass sun/nio/cs/Surrogate
instanceKlass org/gradle/tooling/internal/consumer/connection/CancellableActionRunner
instanceKlass sun/nio/cs/Surrogate$Parser
instanceKlass org/gradle/tooling/internal/consumer/connection/PluginClasspathInjectionSupportedCheckModelProducer
instanceKlass org/gradle/tooling/internal/consumer/connection/CancellationExceptionTransformer
instanceKlass org/gradle/tooling/internal/consumer/versioning/VersionDetails
instanceKlass org/gradle/tooling/internal/provider/DefaultConnectionMetaData
instanceKlass org/gradle/tooling/internal/protocol/InternalBuildActionVersion2
instanceKlass org/gradle/tooling/internal/protocol/InternalPhasedAction
instanceKlass org/gradle/tooling/internal/protocol/PhasedActionResultListener
instanceKlass org/gradle/tooling/internal/protocol/test/InternalTestExecutionRequest
instanceKlass org/gradle/tooling/internal/protocol/InternalCancellationToken
instanceKlass org/gradle/tooling/internal/protocol/ShutdownParameters
instanceKlass org/gradle/tooling/internal/consumer/connection/ModelProducer
instanceKlass org/gradle/tooling/internal/consumer/connection/ActionRunner
instanceKlass org/gradle/tooling/model/gradle/ProjectPublications
instanceKlass org/gradle/tooling/model/gradle/GradleBuild
instanceKlass org/gradle/tooling/model/idea/BasicIdeaProject
instanceKlass org/gradle/tooling/model/GradleProject
instanceKlass org/gradle/tooling/model/BuildableElement
instanceKlass org/gradle/tooling/model/idea/IdeaProject
instanceKlass org/gradle/tooling/model/eclipse/EclipseProject
instanceKlass org/gradle/tooling/model/eclipse/HierarchicalEclipseProject
instanceKlass org/gradle/tooling/model/HasGradleProject
instanceKlass org/gradle/tooling/model/ProjectModel
instanceKlass org/gradle/tooling/model/HierarchicalElement
instanceKlass org/gradle/tooling/model/Element
instanceKlass org/gradle/tooling/internal/protocol/ModelIdentifier
instanceKlass org/gradle/tooling/internal/consumer/versioning/ModelMapping
instanceKlass org/gradle/tooling/internal/consumer/converters/BackwardsCompatibleIdeaModuleDependency
instanceKlass org/gradle/tooling/model/idea/IdeaModuleDependency
instanceKlass org/gradle/tooling/model/idea/IdeaSingleEntryLibraryDependency
instanceKlass org/gradle/tooling/model/ExternalDependency
instanceKlass org/gradle/tooling/model/idea/IdeaDependency
instanceKlass org/gradle/tooling/model/Dependency
instanceKlass org/gradle/tooling/internal/consumer/converters/ConsumerTargetTypeProvider
instanceKlass org/gradle/tooling/internal/adapter/CollectionMapper
instanceKlass org/gradle/tooling/internal/adapter/TypeInspector
instanceKlass org/gradle/internal/time/DefaultTimer
instanceKlass org/gradle/tooling/internal/adapter/ProtocolToModelAdapter$MethodInvocationCache
instanceKlass org/gradle/tooling/internal/adapter/ProtocolToModelAdapter$ReflectionMethodInvoker
instanceKlass org/gradle/tooling/internal/adapter/MethodInvoker
instanceKlass org/gradle/tooling/internal/adapter/ProtocolToModelAdapter$1
instanceKlass org/gradle/tooling/internal/adapter/ProtocolToModelAdapter$NoOpDecoration
instanceKlass org/gradle/tooling/internal/adapter/ViewBuilder
instanceKlass org/gradle/tooling/internal/adapter/ProtocolToModelAdapter$ViewDecoration
instanceKlass org/gradle/tooling/internal/adapter/ProtocolToModelAdapter
instanceKlass org/gradle/tooling/internal/adapter/ObjectGraphAdapter
instanceKlass org/gradle/tooling/internal/adapter/CollectionMapper
instanceKlass org/gradle/tooling/internal/adapter/TypeInspector
instanceKlass org/gradle/internal/time/DefaultTimer
instanceKlass org/gradle/tooling/internal/adapter/ProtocolToModelAdapter$MethodInvocationCache
instanceKlass org/gradle/tooling/internal/adapter/ProtocolToModelAdapter$ReflectionMethodInvoker
instanceKlass org/gradle/tooling/internal/adapter/MethodInvoker
instanceKlass org/gradle/tooling/internal/adapter/ProtocolToModelAdapter$1
instanceKlass org/gradle/tooling/internal/adapter/ProtocolToModelAdapter$NoOpDecoration
instanceKlass org/gradle/tooling/internal/adapter/ViewBuilder
instanceKlass org/gradle/tooling/internal/adapter/TargetTypeProvider
instanceKlass org/gradle/tooling/internal/adapter/ProtocolToModelAdapter$ViewDecoration
instanceKlass org/gradle/tooling/internal/adapter/ProtocolToModelAdapter
instanceKlass org/gradle/tooling/internal/adapter/ObjectGraphAdapter
instanceKlass org/gradle/api/Action
instanceKlass org/gradle/internal/IoActions
instanceKlass org/gradle/util/GradleVersion
instanceKlass org/gradle/tooling/internal/consumer/ConnectionParameters
instanceKlass org/gradle/tooling/GradleConnector
instanceKlass org/gradle/tooling/internal/consumer/ProjectConnectionCloseListener
instanceKlass org/gradle/internal/logging/events/operations/LogEventBuildOperationProgressDetails
instanceKlass org/gradle/internal/operations/logging/LogEventBuildOperationProgressDetails
instanceKlass org/gradle/internal/logging/slf4j/BuildOperationAwareLogger
instanceKlass org/slf4j/helpers/Reporter
instanceKlass org/gradle/internal/logging/sink/OutputEventRenderer$2
instanceKlass org/gradle/internal/dispatch/ReflectionDispatch
instanceKlass org/gradle/internal/logging/sink/OutputEventRenderer$1
instanceKlass org/gradle/internal/logging/sink/OutputEventRenderer$LazyListener
instanceKlass org/gradle/internal/dispatch/ProxyDispatchAdapter$DispatchingInvocationHandler
instanceKlass org/gradle/internal/dispatch/ProxyDispatchAdapter
instanceKlass org/gradle/internal/logging/events/operations/ProgressStartBuildOperationProgressDetails
instanceKlass org/gradle/internal/operations/logging/ProgressStartBuildOperationProgressDetails
instanceKlass org/gradle/internal/logging/sink/OutputEventTransformer
instanceKlass org/gradle/internal/exceptions/NonGradleCauseExceptionsHolder
instanceKlass org/gradle/internal/exceptions/MultiCauseException
instanceKlass org/gradle/internal/exceptions/ResolutionProvider
instanceKlass org/gradle/internal/event/AbstractBroadcastDispatch
instanceKlass org/gradle/internal/event/ListenerBroadcast
instanceKlass org/gradle/internal/dispatch/Dispatch
instanceKlass org/gradle/api/internal/file/temp/GradleUserHomeTemporaryFileProvider$1
instanceKlass  @bci org/gradle/internal/logging/slf4j/OutputEventListenerBackedLoggerContext reset ()V 28 <appendix> argL0 ; # org/gradle/internal/logging/slf4j/OutputEventListenerBackedLoggerContext$$Lambda+0x0000022290611108
instanceKlass org/gradle/wrapper/GradleUserHomeLookup
instanceKlass org/gradle/initialization/GradleUserHomeDirProvider
instanceKlass org/gradle/api/internal/file/temp/DefaultTemporaryFileProvider
instanceKlass org/gradle/internal/logging/format/LogHeaderFormatter
instanceKlass org/gradle/internal/Factory
instanceKlass org/gradle/internal/logging/console/ColorMap
instanceKlass org/gradle/internal/nativeintegration/console/ConsoleMetaData
instanceKlass org/gradle/internal/logging/text/StyledTextOutput
instanceKlass org/gradle/api/logging/StandardOutputListener
instanceKlass org/gradle/internal/logging/config/LoggingSystem$Snapshot
instanceKlass org/gradle/internal/logging/events/InteractiveEvent
instanceKlass org/gradle/internal/logging/events/OutputEvent
instanceKlass org/gradle/internal/logging/sink/OutputEventRenderer
instanceKlass org/gradle/internal/logging/config/LoggingRouter
instanceKlass org/gradle/internal/logging/LoggingOutputInternal
instanceKlass org/gradle/api/logging/LoggingOutput
instanceKlass org/gradle/internal/logging/config/LoggingSystem
instanceKlass org/gradle/internal/logging/console/UserInputReceiver$Normalizer
instanceKlass org/gradle/internal/logging/console/DefaultUserInputReceiver
instanceKlass org/slf4j/spi/LoggingEventBuilder
instanceKlass org/gradle/internal/logging/slf4j/OutputEventListenerBackedLoggerContext$NoOpLogger
instanceKlass org/gradle/api/logging/Logger
instanceKlass org/gradle/internal/time/TimeSource$1
instanceKlass org/gradle/internal/time/TimeSource
instanceKlass org/gradle/internal/time/MonotonicClock
instanceKlass org/gradle/internal/time/CountdownTimer
instanceKlass org/gradle/internal/time/Timer
instanceKlass org/gradle/internal/time/Clock
instanceKlass org/gradle/internal/time/Time
instanceKlass org/gradle/internal/logging/events/OutputEventListener
instanceKlass org/gradle/internal/logging/console/GlobalUserInputReceiver
instanceKlass org/gradle/api/internal/file/temp/TemporaryFileProvider
instanceKlass org/gradle/internal/logging/slf4j/OutputEventListenerBackedLoggerContext
instanceKlass org/slf4j/MDC
instanceKlass org/gradle/internal/logging/slf4j/StaticLoggerProvider
instanceKlass org/slf4j/helpers/Util
instanceKlass org/slf4j/helpers/NOPMDCAdapter
instanceKlass org/slf4j/helpers/NOPLoggerFactory
instanceKlass org/slf4j/helpers/NOP_FallbackServiceProvider
instanceKlass org/slf4j/helpers/ThreadLocalMapOfStacks
instanceKlass org/slf4j/helpers/BasicMDCAdapter
instanceKlass org/slf4j/Marker
instanceKlass org/slf4j/helpers/BasicMarkerFactory
instanceKlass org/slf4j/Logger
instanceKlass org/slf4j/helpers/SubstituteLoggerFactory
instanceKlass org/slf4j/ILoggerFactory
instanceKlass org/slf4j/spi/MDCAdapter
instanceKlass org/slf4j/IMarkerFactory
instanceKlass org/slf4j/helpers/SubstituteServiceProvider
instanceKlass org/slf4j/event/LoggingEvent
instanceKlass org/slf4j/spi/SLF4JServiceProvider
instanceKlass org/slf4j/LoggerFactory
instanceKlass org/gradle/tooling/internal/protocol/ConnectionMetaDataVersion1
instanceKlass org/gradle/internal/service/ServiceRegistry
instanceKlass org/gradle/internal/service/ServiceLookup
instanceKlass org/gradle/internal/service/ServiceRegistrationProvider
instanceKlass org/gradle/tooling/internal/protocol/BuildResult
instanceKlass org/gradle/initialization/BuildCancellationToken
instanceKlass org/gradle/internal/reflect/ReflectionCache$CacheEntry
instanceKlass org/gradle/internal/reflect/CachedInvokable
instanceKlass org/gradle/internal/reflect/ReflectionCache
instanceKlass org/gradle/internal/reflect/DirectInstantiator
instanceKlass org/gradle/internal/reflect/Instantiator
instanceKlass org/gradle/internal/service/DefaultServiceLocator$ServiceFactory
instanceKlass org/eclipse/jdt/internal/compiler/DefaultErrorHandlingPolicies$1
instanceKlass org/eclipse/jdt/internal/compiler/IErrorHandlingPolicy
instanceKlass org/eclipse/jdt/internal/compiler/DefaultErrorHandlingPolicies
instanceKlass org/gradle/tooling/internal/provider/DefaultConnection
instanceKlass org/gradle/tooling/internal/protocol/InternalStopWhenIdleConnection
instanceKlass org/gradle/tooling/internal/protocol/InternalInvalidatableVirtualFileSystemConnection
instanceKlass org/gradle/tooling/internal/protocol/InternalPhasedActionConnection
instanceKlass org/gradle/tooling/internal/protocol/test/InternalTestExecutionConnection
instanceKlass org/gradle/tooling/internal/protocol/StoppableConnection
instanceKlass org/gradle/tooling/internal/protocol/InternalParameterAcceptingConnection
instanceKlass org/gradle/tooling/internal/protocol/InternalCancellableConnection
instanceKlass org/gradle/tooling/internal/protocol/ConfigurableConnection
instanceKlass org/eclipse/jdt/internal/compiler/util/HashtableOfInt
instanceKlass org/eclipse/jdt/core/compiler/CategorizedProblem
instanceKlass org/eclipse/jdt/internal/compiler/problem/DefaultProblemFactory
instanceKlass lombok/permit/Permit$Fake
instanceKlass lombok/permit/Permit
instanceKlass org/gradle/tooling/internal/protocol/ConnectionVersion4
instanceKlass org/gradle/internal/service/DefaultServiceLocator
instanceKlass lombok/launch/PatchFixesHider$Util
instanceKlass lombok/launch/PatchFixesHider$ModuleClassLoading
instanceKlass org/gradle/internal/classpath/TransformedClassPath
instanceKlass org/gradle/internal/agents/InstrumentingClassLoader
instanceKlass org/gradle/internal/util/Trie$Builder
instanceKlass org/gradle/internal/util/Trie
instanceKlass org/gradle/internal/classloader/FilteringClassLoader$TrieSet
instanceKlass  @bci java/lang/ClassLoader definePackage (Ljava/lang/String;Ljava/lang/Module;)Ljava/lang/Package; 73 <appendix> member <vmtarget> ; # java/lang/ClassLoader$$Lambda+0x00000222903e1208
instanceKlass  @bci jdk/internal/loader/BootLoader$PackageHelper findModule (Ljava/lang/String;)Ljava/lang/Module; 90 <appendix> member <vmtarget> ; # jdk/internal/loader/BootLoader$PackageHelper$$Lambda+0x00000222903e0fe0
instanceKlass jdk/internal/loader/BootLoader$PackageHelper
instanceKlass  @bci java/lang/ClassLoader getPackages ()[Ljava/lang/Package; 38 <appendix> argL0 ; # java/lang/ClassLoader$$Lambda+0x00000222903e0bb8
instanceKlass  @bci jdk/internal/loader/BootLoader packages ()Ljava/util/stream/Stream; 6 <appendix> argL0 ; # jdk/internal/loader/BootLoader$$Lambda+0x00000222903e0978
instanceKlass  @bci java/lang/ClassLoader packages ()Ljava/util/stream/Stream; 13 <appendix> member <vmtarget> ; # java/lang/ClassLoader$$Lambda+0x00000222903e0730
instanceKlass org/gradle/internal/classloader/ClassLoaderUtils$Java9PackagesFetcher
instanceKlass org/gradle/internal/classloader/ClassLoaderUtils$AbstractClassLoaderLookuper
instanceKlass org/gradle/api/internal/jvm/JavaVersionParser
instanceKlass org/gradle/internal/classloader/ClassLoaderUtils$ClassLoaderPackagesFetcher
instanceKlass org/gradle/internal/classloader/ClassLoaderUtils$ClassDefiner
instanceKlass org/gradle/internal/classloader/ClassLoaderUtils
instanceKlass org/gradle/internal/classloader/ClassLoaderSpec
instanceKlass org/gradle/internal/impldep/com/google/common/base/Stopwatch
instanceKlass org/gradle/internal/impldep/com/google/common/util/concurrent/AbstractFuture$Waiter
instanceKlass org/gradle/internal/impldep/com/google/common/util/concurrent/AbstractFuture$Listener
instanceKlass org/gradle/internal/impldep/com/google/common/util/concurrent/AbstractFuture$UnsafeAtomicHelper$1
instanceKlass org/gradle/internal/impldep/com/google/common/util/concurrent/AbstractFuture$AtomicHelper
instanceKlass org/gradle/internal/impldep/com/google/common/util/concurrent/internal/InternalFutureFailureAccess
instanceKlass org/gradle/internal/impldep/com/google/common/util/concurrent/AbstractFuture$Trusted
instanceKlass org/gradle/internal/impldep/com/google/common/util/concurrent/ListenableFuture
instanceKlass org/gradle/tooling/internal/consumer/loader/CachingToolingImplementationLoader$ConsumerConnectionCreator
instanceKlass org/gradle/internal/classpath/DefaultClassPath$ImmutableUniqueList$Builder
instanceKlass org/gradle/tooling/internal/consumer/DistributionFactory$InstalledDistribution$1
instanceKlass java/io/FileFilter
instanceKlass org/gradle/tooling/internal/consumer/DistributionFactory$InstalledDistribution
instanceKlass org/gradle/wrapper/Install$InstallCheck
instanceKlass org/gradle/wrapper/BootstrapMainStarter$1
instanceKlass org/gradle/wrapper/BootstrapMainStarter
instanceKlass org/gradle/wrapper/Install$1
instanceKlass org/gradle/wrapper/PathAssembler$LocalDistribution
instanceKlass org/gradle/wrapper/DownloadProgressListener
instanceKlass org/gradle/wrapper/Download
instanceKlass org/gradle/internal/file/locking/ExclusiveFileAccessManager
instanceKlass org/gradle/wrapper/PathAssembler
instanceKlass org/gradle/tooling/internal/consumer/DistributionInstaller$AsyncDownload
instanceKlass org/gradle/wrapper/Logger
instanceKlass org/gradle/wrapper/Install
instanceKlass org/gradle/wrapper/SystemPropertiesHandler
instanceKlass org/gradle/wrapper/GradleUserHomeLookup
instanceKlass org/gradle/tooling/internal/consumer/DistributionFactory$ZippedDistribution$1
instanceKlass org/gradle/tooling/internal/consumer/DistributionInstaller$NoOpListener
instanceKlass org/gradle/wrapper/IDownload
instanceKlass org/gradle/tooling/internal/consumer/DistributionInstaller
instanceKlass org/gradle/tooling/internal/consumer/parameters/ProgressListenerAdapter$1
instanceKlass org/gradle/internal/dispatch/MethodInvocation
instanceKlass org/gradle/internal/operations/BuildOperationMetadata
instanceKlass org/gradle/internal/InternalTransformer
instanceKlass org/gradle/util/internal/GUtil
instanceKlass org/gradle/internal/operations/OperationIdentifier
instanceKlass org/gradle/internal/logging/progress/DefaultProgressLoggerFactory$ProgressLoggerImpl
instanceKlass org/gradle/internal/dispatch/ReflectionDispatch
instanceKlass org/gradle/internal/event/DefaultListenerManager$ListenerDetails
instanceKlass org/gradle/tooling/internal/consumer/SynchronizedLogging$ThreadLoggingServices
instanceKlass org/gradle/internal/operations/CurrentBuildOperationRef
instanceKlass org/gradle/internal/logging/events/OutputEvent
instanceKlass org/gradle/internal/logging/events/operations/ProgressStartBuildOperationProgressDetails
instanceKlass org/gradle/internal/operations/logging/ProgressStartBuildOperationProgressDetails
instanceKlass org/gradle/internal/dispatch/ProxyDispatchAdapter$DispatchingInvocationHandler
instanceKlass org/gradle/internal/dispatch/ProxyDispatchAdapter
instanceKlass org/gradle/internal/event/DefaultListenerManager$EventBroadcast
instanceKlass org/gradle/internal/service/scopes/EventScope
instanceKlass org/gradle/internal/logging/progress/ProgressLogger
instanceKlass org/gradle/internal/logging/progress/DefaultProgressLoggerFactory
instanceKlass org/gradle/internal/service/scopes/Scope$Global
instanceKlass org/gradle/internal/service/scopes/Scope
instanceKlass org/gradle/internal/impldep/com/google/common/collect/ObjectArrays
instanceKlass org/gradle/internal/impldep/com/google/common/collect/UnmodifiableIterator
instanceKlass org/gradle/internal/service/scopes/ListenerService
instanceKlass org/gradle/internal/service/scopes/StatefulListener
instanceKlass org/gradle/internal/event/DefaultListenerManager
instanceKlass org/gradle/internal/event/ScopedListenerManager
instanceKlass org/gradle/tooling/internal/consumer/connection/ProgressLoggingConsumerActionExecutor$ProgressListenerAdapter
instanceKlass org/gradle/internal/logging/progress/ProgressListener
instanceKlass org/gradle/internal/concurrent/AbstractManagedExecutor$1
instanceKlass org/gradle/tooling/internal/consumer/async/DefaultAsyncConsumerActionExecutor$1$1
instanceKlass org/gradle/tooling/internal/consumer/async/ServiceLifecycle$1
instanceKlass org/gradle/tooling/internal/consumer/async/DefaultAsyncConsumerActionExecutor$1
instanceKlass org/gradle/tooling/internal/consumer/DefaultModelBuilder$ResultHandlerAdapter$1
instanceKlass org/gradle/tooling/internal/consumer/ConnectionExceptionTransformer
instanceKlass org/gradle/tooling/internal/consumer/ResultHandlerAdapter
instanceKlass org/gradle/tooling/internal/consumer/DefaultModelBuilder$1
instanceKlass org/gradle/tooling/events/download/FileDownloadResult
instanceKlass org/gradle/tooling/events/work/WorkItemOperationDescriptor
instanceKlass org/gradle/tooling/events/test/TestOutputDescriptor
instanceKlass org/gradle/tooling/events/download/FileDownloadStartEvent
instanceKlass org/gradle/tooling/events/transform/TransformFinishEvent
instanceKlass org/gradle/tooling/events/download/FileDownloadFinishEvent
instanceKlass org/gradle/tooling/events/problems/DocumentationLink
instanceKlass org/gradle/tooling/events/work/WorkItemStartEvent
instanceKlass org/gradle/tooling/events/download/FileDownloadOperationDescriptor
instanceKlass org/gradle/tooling/events/transform/TransformOperationDescriptor
instanceKlass org/gradle/tooling/events/problems/ProblemDefinition
instanceKlass org/gradle/tooling/events/lifecycle/BuildPhaseFinishEvent
instanceKlass org/gradle/tooling/events/test/TestOutputEvent
instanceKlass org/gradle/tooling/events/work/WorkItemFinishEvent
instanceKlass org/gradle/tooling/events/lifecycle/BuildPhaseStartEvent
instanceKlass org/gradle/tooling/events/work/WorkItemProgressEvent
instanceKlass org/gradle/tooling/events/transform/TransformStartEvent
instanceKlass org/gradle/tooling/events/transform/TransformProgressEvent
instanceKlass org/gradle/tooling/events/configuration/ProjectConfigurationOperationResult
instanceKlass org/gradle/tooling/events/task/java/JavaCompileTaskOperationResult$AnnotationProcessorResult
instanceKlass org/gradle/tooling/events/configuration/ProjectConfigurationFinishEvent
instanceKlass org/gradle/tooling/events/configuration/ProjectConfigurationOperationDescriptor
instanceKlass org/gradle/tooling/events/configuration/ProjectConfigurationStartEvent
instanceKlass org/gradle/tooling/events/download/FileDownloadProgressEvent
instanceKlass org/gradle/tooling/events/configuration/ProjectConfigurationProgressEvent
instanceKlass org/gradle/tooling/Failure
instanceKlass org/gradle/tooling/events/lifecycle/BuildPhaseProgressEvent
instanceKlass org/gradle/tooling/events/task/TaskStartEvent
instanceKlass org/gradle/tooling/events/problems/ProblemId
instanceKlass org/gradle/tooling/events/task/TaskOperationDescriptor
instanceKlass org/gradle/tooling/events/problems/FailureContainer
instanceKlass org/gradle/tooling/events/PluginIdentifier
instanceKlass org/gradle/tooling/events/test/TestOperationResult
instanceKlass org/gradle/tooling/events/work/WorkItemOperationResult
instanceKlass org/gradle/tooling/events/test/TestOperationDescriptor
instanceKlass org/gradle/tooling/events/problems/AdditionalData
instanceKlass org/gradle/tooling/events/test/TestFinishEvent
instanceKlass org/gradle/tooling/events/task/TaskFinishEvent
instanceKlass org/gradle/tooling/events/FinishEvent
instanceKlass org/gradle/tooling/events/task/TaskProgressEvent
instanceKlass org/gradle/tooling/events/problems/Details
instanceKlass org/gradle/tooling/events/problems/ProblemGroup
instanceKlass org/gradle/tooling/events/task/TaskOperationResult
instanceKlass org/gradle/tooling/events/problems/ContextualLabel
instanceKlass org/gradle/tooling/events/problems/ProblemAggregation
instanceKlass org/gradle/tooling/events/problems/ProblemEvent
instanceKlass org/gradle/tooling/events/transform/TransformOperationResult
instanceKlass org/gradle/tooling/events/OperationResult
instanceKlass org/gradle/tooling/events/test/TestStartEvent
instanceKlass org/gradle/tooling/events/StartEvent
instanceKlass org/gradle/tooling/events/test/TestProgressEvent
instanceKlass org/gradle/tooling/events/ProgressEvent
instanceKlass org/gradle/tooling/internal/protocol/events/InternalOperationDescriptor
instanceKlass org/gradle/tooling/events/OperationDescriptor
instanceKlass org/gradle/tooling/internal/consumer/parameters/BuildProgressListenerAdapter
instanceKlass org/gradle/tooling/internal/consumer/parameters/FailsafeBuildProgressListenerAdapter
instanceKlass org/gradle/internal/event/AbstractBroadcastDispatch
instanceKlass org/gradle/internal/event/ListenerBroadcast
instanceKlass org/gradle/internal/dispatch/Dispatch
instanceKlass org/gradle/tooling/ProgressEvent
instanceKlass org/gradle/tooling/internal/consumer/parameters/ProgressListenerAdapter
instanceKlass org/gradle/tooling/internal/consumer/parameters/FailsafeStreamedValueListener
instanceKlass org/gradle/tooling/StreamedValueListener
instanceKlass org/gradle/tooling/internal/consumer/BlockingResultHandler
instanceKlass org/gradle/api/specs/Spec
instanceKlass org/gradle/internal/classpath/DefaultClassPath
instanceKlass org/gradle/internal/classpath/ClassPath
instanceKlass org/gradle/tooling/internal/consumer/parameters/ConsumerOperationParameters$Builder
instanceKlass org/gradle/tooling/internal/protocol/ProgressListenerVersion1
instanceKlass org/gradle/tooling/internal/consumer/parameters/ConsumerOperationParameters
instanceKlass org/gradle/tooling/internal/protocol/BuildParameters
instanceKlass org/gradle/tooling/internal/consumer/AbstractLongRunningOperation
instanceKlass org/eclipse/buildship/core/internal/util/gradle/CompatProjectConnection$CompatModelBuilder
instanceKlass org/eclipse/buildship/core/internal/util/progress/CancellationForwardingListener
instanceKlass org/gradle/tooling/events/ProgressListener
instanceKlass org/eclipse/buildship/core/internal/util/progress/DelegatingProgressListener
instanceKlass org/gradle/tooling/ProgressListener
instanceKlass org/eclipse/buildship/core/internal/gradle/GradleProgressAttributes$GradleProgressAttributesBuilder
instanceKlass org/eclipse/buildship/core/internal/gradle/GradleProgressAttributes
instanceKlass org/gradle/tooling/BuildLauncher
instanceKlass org/gradle/tooling/TestLauncher
instanceKlass org/gradle/tooling/internal/protocol/ResultHandlerVersion1
instanceKlass org/gradle/tooling/internal/consumer/ConnectionExceptionTransformer$ConnectionFailureMessageProvider
instanceKlass org/gradle/tooling/internal/consumer/DefaultProjectConnection
instanceKlass org/gradle/tooling/internal/consumer/async/ServiceLifecycle
instanceKlass org/gradle/internal/concurrent/ExecutorPolicy$CatchAndRecordFailures
instanceKlass org/gradle/internal/concurrent/ThreadFactoryImpl
instanceKlass org/gradle/tooling/internal/consumer/async/DefaultAsyncConsumerActionExecutor
instanceKlass org/gradle/tooling/internal/consumer/connection/RethrowingErrorsConsumerActionExecutor
instanceKlass org/gradle/tooling/internal/consumer/connection/ProgressLoggingConsumerActionExecutor
instanceKlass org/gradle/tooling/internal/consumer/connection/CancellableConsumerActionExecutor
instanceKlass org/gradle/tooling/internal/consumer/connection/ConsumerAction
instanceKlass org/gradle/tooling/internal/protocol/InternalBuildProgressListener
instanceKlass org/gradle/tooling/internal/consumer/connection/LazyConsumerActionExecutor
instanceKlass org/gradle/tooling/internal/consumer/DistributionFactory$ZippedDistribution
instanceKlass org/gradle/util/internal/WrapperDistributionUrlConverter
instanceKlass org/gradle/wrapper/WrapperConfiguration
instanceKlass org/gradle/wrapper/WrapperExecutor
instanceKlass org/gradle/internal/FileUtils$1
instanceKlass org/gradle/internal/FileUtils
instanceKlass org/gradle/initialization/SettingsLocation
instanceKlass org/gradle/internal/scripts/ScriptingLanguages$1
instanceKlass org/gradle/scripts/ScriptingLanguage
instanceKlass org/gradle/internal/scripts/ScriptingLanguages
instanceKlass org/gradle/internal/scripts/ScriptFileUtil
instanceKlass org/gradle/internal/scripts/DefaultScriptFileResolver
instanceKlass org/gradle/internal/scripts/ScriptFileResolver
instanceKlass org/gradle/initialization/layout/BuildLayoutFactory
instanceKlass org/gradle/tooling/ResultHandler
instanceKlass org/gradle/tooling/ModelBuilder
instanceKlass org/gradle/tooling/BuildActionExecuter
instanceKlass org/gradle/tooling/ConfigurableLauncher
instanceKlass org/eclipse/buildship/core/internal/util/gradle/CompatProjectConnection
instanceKlass org/gradle/tooling/internal/consumer/DefaultConnectionParameters$Builder
instanceKlass org/gradle/tooling/internal/consumer/DefaultConnectionParameters
instanceKlass org/gradle/api/Action
instanceKlass org/gradle/internal/IoActions
instanceKlass org/eclipse/jdt/internal/compiler/parser/AbstractCommentParser
instanceKlass org/gradle/util/GradleVersion
instanceKlass org/eclipse/jdt/internal/compiler/parser/JavadocTagConstants
instanceKlass org/gradle/tooling/internal/consumer/ConnectionParameters
instanceKlass org/gradle/tooling/internal/protocol/ConnectionParameters
instanceKlass org/gradle/tooling/internal/protocol/InternalProtocolInterface
instanceKlass org/gradle/internal/Cast
instanceKlass org/gradle/tooling/internal/consumer/ConnectorServices$ConnectorServiceRegistry$1
# instanceKlass java/lang/invoke/LambdaForm$MH+0x00000222905d8c00
# instanceKlass java/lang/invoke/LambdaForm$MH+0x00000222905d8800
# instanceKlass java/lang/invoke/LambdaForm$MH+0x00000222905d8400
instanceKlass org/gradle/tooling/internal/consumer/Distribution
instanceKlass org/gradle/tooling/internal/consumer/async/AsyncConsumerActionExecutor
instanceKlass org/gradle/tooling/internal/consumer/connection/ConsumerActionExecutor
# instanceKlass java/lang/invoke/LambdaForm$MH+0x00000222905d8000
# instanceKlass java/lang/invoke/LambdaForm$MH+0x00000222905d5c00
# instanceKlass java/lang/invoke/LambdaForm$MH+0x00000222905d5800
# instanceKlass java/lang/invoke/LambdaForm$MH+0x00000222905d5400
# instanceKlass java/lang/invoke/LambdaForm$DMH+0x00000222905d5000
instanceKlass org/gradle/internal/event/ListenerManager
instanceKlass org/gradle/internal/logging/progress/ProgressLoggerFactory
instanceKlass org/gradle/tooling/internal/consumer/SynchronizedLogging
# instanceKlass java/lang/invoke/LambdaForm$MH+0x00000222905d4c00
# instanceKlass java/lang/invoke/LambdaForm$MH+0x00000222905d4800
# instanceKlass java/lang/invoke/LambdaForm$MH+0x00000222905d4400
# instanceKlass java/lang/invoke/LambdaForm$DMH+0x00000222905d4000
instanceKlass org/gradle/internal/operations/DefaultBuildOperationIdFactory
instanceKlass org/gradle/internal/time/TimeSource$1
instanceKlass org/gradle/internal/time/TimeSource
instanceKlass org/gradle/internal/time/MonotonicClock
instanceKlass org/gradle/internal/time/CountdownTimer
instanceKlass org/gradle/internal/time/Timer
instanceKlass org/gradle/internal/time/Time
instanceKlass org/gradle/internal/concurrent/ManagedScheduledExecutor
instanceKlass org/gradle/internal/concurrent/ManagedThreadPoolExecutor
instanceKlass org/gradle/internal/concurrent/ManagedExecutor
instanceKlass org/gradle/internal/concurrent/AsyncStoppable
instanceKlass org/gradle/internal/concurrent/ExecutorPolicy
instanceKlass org/gradle/internal/concurrent/DefaultExecutorFactory
instanceKlass org/gradle/internal/service/AnnotatedServiceLifecycleHandler
instanceKlass org/gradle/internal/impldep/com/google/common/cache/LocalCache$AbstractReferenceEntry
instanceKlass org/gradle/internal/impldep/com/google/common/cache/LocalCache$LoadingValueReference
instanceKlass org/gradle/internal/impldep/com/google/common/cache/RemovalListener
instanceKlass org/gradle/internal/impldep/com/google/common/cache/Weigher
instanceKlass org/gradle/internal/impldep/com/google/common/base/Predicate
instanceKlass org/gradle/internal/impldep/com/google/common/base/Equivalence
instanceKlass org/gradle/internal/impldep/com/google/common/base/MoreObjects
instanceKlass org/gradle/internal/impldep/com/google/common/cache/LocalCache$1
instanceKlass org/gradle/internal/impldep/com/google/common/cache/ReferenceEntry
instanceKlass org/gradle/internal/impldep/com/google/common/cache/LocalCache$ValueReference
instanceKlass org/gradle/internal/impldep/com/google/common/cache/CacheLoader
instanceKlass org/gradle/internal/impldep/com/google/common/cache/LocalCache$LocalManualCache
instanceKlass org/gradle/internal/impldep/com/google/common/cache/CacheBuilder$2
instanceKlass org/gradle/internal/impldep/com/google/common/base/Preconditions
instanceKlass org/gradle/internal/impldep/com/google/common/cache/CacheStats
instanceKlass org/gradle/internal/impldep/com/google/common/base/Suppliers$SupplierOfInstance
instanceKlass org/gradle/internal/impldep/com/google/common/base/Suppliers
instanceKlass org/gradle/internal/impldep/com/google/common/cache/CacheBuilder$1
instanceKlass org/gradle/internal/impldep/com/google/common/cache/AbstractCache$StatsCounter
instanceKlass org/gradle/internal/impldep/com/google/common/cache/LoadingCache
instanceKlass org/gradle/internal/impldep/com/google/common/base/Function
instanceKlass org/gradle/internal/impldep/com/google/common/cache/Cache
instanceKlass org/gradle/internal/impldep/com/google/common/base/Ticker
instanceKlass org/gradle/internal/impldep/com/google/common/base/Supplier
instanceKlass org/gradle/internal/impldep/com/google/common/cache/CacheBuilder
instanceKlass org/gradle/internal/classloader/ClassLoaderHierarchy
instanceKlass org/gradle/tooling/internal/consumer/connection/HasCompatibilityMapping
instanceKlass org/gradle/tooling/internal/adapter/TargetTypeProvider
instanceKlass org/gradle/tooling/internal/consumer/connection/ConsumerConnection
instanceKlass org/gradle/internal/service/ServiceLocator
instanceKlass org/gradle/tooling/internal/consumer/loader/DefaultToolingImplementationLoader
instanceKlass org/gradle/tooling/internal/consumer/loader/CachingToolingImplementationLoader
instanceKlass org/gradle/tooling/internal/consumer/loader/SynchronizedToolingImplementationLoader
instanceKlass org/gradle/tooling/LongRunningOperation
instanceKlass org/gradle/tooling/BuildActionExecuter$Builder
instanceKlass org/eclipse/buildship/core/internal/util/gradle/IdeAttachedProjectConnection
instanceKlass org/eclipse/buildship/core/internal/configuration/GradleArguments
instanceKlass org/eclipse/buildship/core/internal/operation/DefaultToolingApiOperationManager$WorkspaceRunnableAdapter
instanceKlass java/util/Timer$ThreadReaper
instanceKlass java/util/TaskQueue
instanceKlass java/util/Timer
instanceKlass java/util/TimerTask
instanceKlass org/eclipse/buildship/core/internal/operation/BaseToolingApiOperation
instanceKlass org/gradle/internal/exceptions/NonGradleCauseExceptionsHolder
instanceKlass org/gradle/internal/exceptions/MultiCauseException
instanceKlass org/gradle/internal/exceptions/ResolutionProvider
instanceKlass org/gradle/initialization/DefaultBuildCancellationToken
instanceKlass org/gradle/initialization/BuildCancellationToken
instanceKlass org/gradle/tooling/internal/consumer/DefaultCancellationTokenSource$CancellationTokenImpl
instanceKlass org/gradle/tooling/internal/consumer/CancellationTokenInternal
instanceKlass org/gradle/tooling/CancellationToken
instanceKlass org/gradle/tooling/internal/consumer/DefaultCancellationTokenSource
instanceKlass org/gradle/internal/service/DefaultServiceRegistry$ClassInspector$ClassDetails
instanceKlass org/gradle/internal/reflect/JavaMethod
instanceKlass org/gradle/internal/service/AbstractServiceMethod
instanceKlass org/gradle/util/internal/ArrayUtils
instanceKlass org/gradle/internal/impldep/com/google/errorprone/annotations/Keep
instanceKlass org/gradle/internal/service/Provides
instanceKlass org/gradle/internal/time/Clock
instanceKlass org/gradle/tooling/internal/consumer/DistributionFactory
instanceKlass org/gradle/tooling/internal/consumer/ConnectionFactory
instanceKlass org/gradle/internal/service/RelevantMethods$RelevantMethodsBuilder
instanceKlass org/gradle/internal/service/ServiceMethod
instanceKlass org/gradle/internal/service/ReflectionBasedServiceMethodFactory
instanceKlass org/gradle/internal/service/DefaultServiceMethodFactory
instanceKlass org/gradle/internal/service/ServiceMethodFactory
instanceKlass org/gradle/internal/service/RelevantMethods
instanceKlass org/gradle/internal/service/DefaultServiceRegistry$ClassInspector
instanceKlass org/gradle/internal/service/DefaultServiceRegistry$ThisAsService
instanceKlass org/gradle/internal/concurrent/CompositeStoppable$1
instanceKlass org/gradle/internal/concurrent/CompositeStoppable
instanceKlass org/gradle/internal/service/AnnotatedServiceLifecycleHandler$Registration
instanceKlass org/gradle/internal/service/DefaultServiceRegistry$OwnServices
instanceKlass org/gradle/tooling/internal/consumer/LoggingProvider
instanceKlass org/gradle/internal/concurrent/ExecutorFactory
instanceKlass org/gradle/internal/operations/BuildOperationIdFactory
instanceKlass org/gradle/tooling/internal/consumer/loader/ToolingImplementationLoader
instanceKlass org/gradle/tooling/internal/consumer/ExecutorServiceFactory
instanceKlass org/gradle/internal/Factory
instanceKlass org/gradle/internal/service/ServiceRegistration
instanceKlass org/eclipse/jdt/internal/compiler/ast/IGenerateTypeCheck
instanceKlass org/gradle/internal/service/ServiceProvider$Visitor
instanceKlass org/gradle/internal/service/DefaultServiceRegistry$ManagedObjectServiceProvider
instanceKlass org/gradle/internal/service/Service
instanceKlass org/gradle/internal/service/ServiceProvider
instanceKlass org/gradle/internal/concurrent/Stoppable
instanceKlass org/gradle/tooling/CancellationTokenSource
instanceKlass org/gradle/internal/service/DefaultServiceRegistry
instanceKlass org/gradle/internal/service/ServiceRegistrationProvider
instanceKlass org/gradle/internal/service/ContainsServices
instanceKlass org/gradle/internal/service/ServiceRegistry
instanceKlass org/gradle/internal/service/ServiceLookup
instanceKlass org/gradle/tooling/internal/consumer/ConnectorServices
instanceKlass org/gradle/tooling/internal/consumer/ProjectConnectionCloseListener
instanceKlass org/gradle/tooling/GradleConnector
instanceKlass  @bci org/eclipse/jdt/ls/core/internal/managers/GradleUtils getGradleVersion (Ljava/nio/file/Path;Lorg/eclipse/core/runtime/IProgressMonitor;)Lorg/eclipse/buildship/core/internal/util/gradle/GradleVersion; 17 <appendix> argL0 ; # org/eclipse/jdt/ls/core/internal/managers/GradleUtils$$Lambda+0x00000222905a11a0
instanceKlass org/gradle/tooling/model/build/BuildEnvironment
instanceKlass org/gradle/tooling/model/BuildModel
instanceKlass org/gradle/tooling/model/Model
instanceKlass org/gradle/tooling/ProjectConnection
instanceKlass org/eclipse/buildship/core/internal/workspace/DefaultModelProvider
instanceKlass org/eclipse/buildship/core/internal/operation/ToolingApiOperation
instanceKlass org/eclipse/buildship/core/SynchronizationResult
instanceKlass org/eclipse/buildship/core/internal/workspace/ModelProvider
instanceKlass org/eclipse/buildship/core/internal/DefaultGradleBuild
instanceKlass org/eclipse/buildship/core/GradleCore
instanceKlass org/eclipse/buildship/core/BuildConfiguration$BuildConfigurationBuilder
instanceKlass org/eclipse/buildship/core/BuildConfiguration
instanceKlass  @bci org/eclipse/jdt/internal/launching/StandardVMType readReleaseVersion (Ljava/io/File;)Ljava/lang/String; 63 <appendix> argL0 ; # org/eclipse/jdt/internal/launching/StandardVMType$$Lambda+0x00000222905a6450
instanceKlass java/nio/file/FileChannelLinesSpliterator$1
instanceKlass  @bci org/eclipse/jdt/internal/launching/StandardVMType readReleaseVersion (Ljava/io/File;)Ljava/lang/String; 48 <appendix> argL0 ; # org/eclipse/jdt/internal/launching/StandardVMType$$Lambda+0x00000222905a6200
instanceKlass java/util/stream/Streams$1
instanceKlass  @bci java/nio/file/Files createFileChannelLinesStream (Ljava/nio/channels/FileChannel;Ljava/nio/charset/Charset;)Ljava/util/stream/Stream; 53 <appendix> member <vmtarget> ; # java/nio/file/Files$$Lambda+0x00000222903de058
instanceKlass  @bci java/nio/file/Files asUncheckedRunnable (Ljava/io/Closeable;)Ljava/lang/Runnable; 1 <appendix> member <vmtarget> ; # java/nio/file/Files$$Lambda+0x00000222903dde30
instanceKlass java/nio/file/FileChannelLinesSpliterator
instanceKlass org/eclipse/jdt/internal/launching/IProcessTempFileCreator
instanceKlass org/eclipse/jdt/launching/AbstractVMRunner
instanceKlass sun/nio/fs/WindowsFileSystem$2
instanceKlass java/nio/file/PathMatcher
instanceKlass sun/nio/fs/Globs
instanceKlass java/nio/file/Files$3
instanceKlass java/nio/file/FileTreeWalker$Event
instanceKlass java/nio/file/FileTreeWalker$DirectoryNode
instanceKlass java/nio/file/FileTreeWalker$1
instanceKlass java/util/RegularEnumSet$EnumSetIterator
instanceKlass java/nio/file/FileTreeWalker
instanceKlass java/nio/file/SimpleFileVisitor
instanceKlass  @bci org/eclipse/jdt/ls/core/internal/managers/BasicFileDetector scanDir (Ljava/nio/file/Path;Lorg/eclipse/core/runtime/IProgressMonitor;)V 9 <appendix> argL0 ; # org/eclipse/jdt/ls/core/internal/managers/BasicFileDetector$$Lambda+0x00000222905a0cd8
instanceKlass org/eclipse/jdt/ls/core/internal/managers/BasicFileDetector
# instanceKlass com/google/gson/internal/reflect/ReflectionHelper$RecordSupportedHelper$$InjectedInvoker+0x00000222905a4800
# instanceKlass java/lang/invoke/LambdaForm$MH+0x00000222905a4400
# instanceKlass java/lang/invoke/LambdaForm$MH+0x00000222905a4000
instanceKlass  @bci org/eclipse/jdt/ls/core/internal/ProjectUtils getGradleProjects ()Ljava/util/List; 6 <appendix> argL0 ; # org/eclipse/jdt/ls/core/internal/ProjectUtils$$Lambda+0x00000222905a0850
instanceKlass  @bci org/eclipse/jdt/ls/core/internal/managers/ProjectsManager importers ()Ljava/util/Collection; 176 <appendix> argL0 ; # org/eclipse/jdt/ls/core/internal/managers/ProjectsManager$$Lambda+0x00000222905a0610
instanceKlass org/eclipse/jdt/ls/core/internal/managers/GradleUtils
instanceKlass org/eclipse/jdt/ls/core/internal/AbstractProjectImporter
instanceKlass org/eclipse/jdt/ls/core/internal/IProjectImporter
instanceKlass org/eclipse/jdt/ls/core/internal/JobHelpers$InitializeJobMatcher
instanceKlass  @bci org/eclipse/jdt/ls/core/internal/managers/ProgressiveProjectReporter start ()V 18 <appendix> member <vmtarget> ; # org/eclipse/jdt/ls/core/internal/managers/ProgressiveProjectReporter$$Lambda+0x000002229059ab60
instanceKlass java/util/concurrent/Executors$DelegatedExecutorService
instanceKlass  @bci org/eclipse/jdt/ls/core/internal/managers/ProgressiveProjectReporter start ()V 1 <appendix> argL0 ; # org/eclipse/jdt/ls/core/internal/managers/ProgressiveProjectReporter$$Lambda+0x000002229059a940
instanceKlass org/eclipse/jdt/ls/core/internal/managers/ProgressiveProjectReporter
instanceKlass  @bci org/eclipse/jdt/ls/core/internal/managers/GradleBuildSupport deleteInvalidProjects (Ljava/util/Collection;Ljava/util/ArrayList;Lorg/eclipse/core/runtime/IProgressMonitor;)V 108 <appendix> member <vmtarget> ; # org/eclipse/jdt/ls/core/internal/managers/GradleBuildSupport$$Lambda+0x000002229059a4e8
instanceKlass  @bci org/eclipse/jdt/ls/core/internal/managers/GradleBuildSupport findUnrelatedGradleProjects (Ljava/util/List;Ljava/util/List;)Ljava/util/List; 1 <appendix> argL0 ; # org/eclipse/jdt/ls/core/internal/managers/GradleBuildSupport$$Lambda+0x000002229059a250
instanceKlass  @bci org/eclipse/jdt/ls/core/internal/managers/StandardProjectsManager deleteInvalidProjects (Ljava/util/Collection;Lorg/eclipse/core/runtime/IProgressMonitor;)V 263 <appendix> member <vmtarget> ; # org/eclipse/jdt/ls/core/internal/managers/StandardProjectsManager$$Lambda+0x0000022290593db8
instanceKlass  @bci org/eclipse/jdt/ls/core/internal/managers/StandardProjectsManager deleteInvalidProjects (Ljava/util/Collection;Lorg/eclipse/core/runtime/IProgressMonitor;)V 249 <appendix> argL0 ; # org/eclipse/jdt/ls/core/internal/managers/StandardProjectsManager$$Lambda+0x000002229059a000
instanceKlass  @cpi org/eclipse/jdt/ls/core/internal/managers/StandardProjectsManager 1373 form vmentry <vmtarget> ; # java/lang/invoke/LambdaForm$DMH+0x0000022290599800
instanceKlass com/microsoft/gradle/bs/importer/Utils
instanceKlass  @bci java/util/stream/Collectors toUnmodifiableList ()Ljava/util/stream/Collector; 19 <appendix> argL0 ; # java/util/stream/Collectors$$Lambda+0x00000222903dab38
instanceKlass  @bci java/util/stream/Collectors toUnmodifiableList ()Ljava/util/stream/Collector; 14 <appendix> argL0 ; # java/util/stream/Collectors$$Lambda+0x00000222903da8f0
instanceKlass  @bci java/util/stream/Collectors toUnmodifiableList ()Ljava/util/stream/Collector; 9 <appendix> argL0 ; # java/util/stream/Collectors$$Lambda+0x00000222903da6c0
instanceKlass  @bci java/util/stream/Collectors toUnmodifiableList ()Ljava/util/stream/Collector; 4 <appendix> argL0 ; # java/util/stream/Collectors$$Lambda+0x00000222903da4a0
instanceKlass java/util/TreeMap$TreeMapSpliterator
instanceKlass  @bci org/eclipse/lsp4j/jsonrpc/RemoteEndpoint handleRequest (Lorg/eclipse/lsp4j/jsonrpc/messages/RequestMessage;)V 158 <appendix> member <vmtarget> ; # org/eclipse/lsp4j/jsonrpc/RemoteEndpoint$$Lambda+0x00000222904c1e88
instanceKlass  @bci org/eclipse/lsp4j/jsonrpc/RemoteEndpoint handleRequest (Lorg/eclipse/lsp4j/jsonrpc/messages/RequestMessage;)V 148 <appendix> member <vmtarget> ; # org/eclipse/lsp4j/jsonrpc/RemoteEndpoint$$Lambda+0x00000222904c1c40
instanceKlass com/microsoft/java/builder/BuildStateManager
instanceKlass ch/epfl/scala/bsp4j/BuildServer
instanceKlass org/eclipse/lsp4j/DiagnosticServerCapabilities
instanceKlass com/microsoft/gradle/bs/importer/GradleBuildServerBuildSupport
instanceKlass org/eclipse/jdt/ls/core/internal/managers/InvisibleProjectPreferenceChangeListener
instanceKlass org/eclipse/jdt/ls/core/internal/managers/EclipseBuildSupport
# instanceKlass java/lang/invoke/LambdaForm$MH+0x0000022290590400
instanceKlass org/eclipse/lsp4j/FileOperationPatternOptions
instanceKlass org/eclipse/lsp4j/FileOperationPattern
instanceKlass org/eclipse/lsp4j/FileOperationFilter
instanceKlass org/eclipse/jdt/ls/core/internal/managers/MavenBuildSupport
instanceKlass org/eclipse/jdt/ls/core/internal/managers/GradlePreferenceChangeListener
instanceKlass org/eclipse/lsp4j/FileOperationOptions
instanceKlass org/eclipse/lsp4j/TextDocumentContentRegistrationOptions
instanceKlass org/eclipse/lsp4j/FileOperationsServerCapabilities
instanceKlass org/eclipse/jdt/ls/core/internal/managers/GradleBuildSupport
instanceKlass org/eclipse/jdt/ls/core/internal/ExtensionsExtractor
instanceKlass  @bci org/eclipse/jdt/ls/core/internal/managers/BuildSupportManager find (Lorg/eclipse/core/resources/IProject;)Ljava/util/Optional; 4 <appendix> member <vmtarget> ; # org/eclipse/jdt/ls/core/internal/managers/BuildSupportManager$$Lambda+0x0000022290592410
instanceKlass org/eclipse/jdt/ls/core/internal/managers/IBuildSupport
instanceKlass org/eclipse/jdt/ls/core/internal/managers/BuildSupportManager
instanceKlass org/eclipse/lsp4j/CodeActionKindDocumentation
instanceKlass  @bci org/eclipse/jdt/ls/core/internal/managers/StandardProjectsManager deleteInvalidProjects (Ljava/util/Collection;Lorg/eclipse/core/runtime/IProgressMonitor;)V 6 <appendix> argL0 ; # org/eclipse/jdt/ls/core/internal/managers/StandardProjectsManager$$Lambda+0x000002229057fd58
instanceKlass  @bci org/eclipse/jdt/ls/core/internal/managers/ProjectsManager interruptAutoBuild ()Ljava/lang/Runnable; 23 <appendix> argL0 ; # org/eclipse/jdt/ls/core/internal/managers/ProjectsManager$$Lambda+0x000002229057fb38
instanceKlass org/eclipse/jdt/ls/core/internal/JobHelpers$RepositoryRegistryUpdateJobMatcher
instanceKlass  @bci org/eclipse/jdt/ls/core/internal/handlers/InitHandler$1 runInWorkspace (Lorg/eclipse/core/runtime/IProgressMonitor;)Lorg/eclipse/core/runtime/IStatus; 77 <appendix> argL0 ; # org/eclipse/jdt/ls/core/internal/handlers/InitHandler$1$$Lambda+0x000002229057f6f0
instanceKlass org/eclipse/jdt/ls/internal/gradle/checksums/WrapperValidator
instanceKlass org/eclipse/lsp4j/CompletionItemOptions
instanceKlass org/eclipse/lsp4j/WorkDoneProgressReport
instanceKlass org/eclipse/lsp4j/adapters/WorkDoneProgressNotificationAdapter$1
instanceKlass org/eclipse/lsp4j/NotebookSelectorCell
instanceKlass org/eclipse/lsp4j/RelativePattern
instanceKlass org/eclipse/lsp4j/NotebookDocumentFilter
instanceKlass  @bci org/eclipse/lsp4j/adapters/ProgressNotificationAdapter create (Lcom/google/gson/Gson;Lcom/google/gson/reflect/TypeToken;)Lcom/google/gson/TypeAdapter; 63 <appendix> argL0 ; # org/eclipse/lsp4j/adapters/ProgressNotificationAdapter$$Lambda+0x0000022290587d70
instanceKlass  @bci java/util/function/Predicate or (Ljava/util/function/Predicate;)Ljava/util/function/Predicate; 7 <appendix> member <vmtarget> ; # java/util/function/Predicate$$Lambda+0x00000222903d9980
instanceKlass  @cpi java/util/function/Predicate 78 form vmentry <vmtarget> ; # java/lang/invoke/LambdaForm$DMH+0x0000022290590000
instanceKlass org/eclipse/lsp4j/jsonrpc/json/adapters/EitherTypeAdapter$PropertyChecker
instanceKlass com/google/gson/JsonDeserializer
instanceKlass com/google/gson/JsonSerializer
instanceKlass org/eclipse/lsp4j/adapters/ProgressNotificationAdapter
instanceKlass org/eclipse/lsp4j/WorkDoneProgressBegin
instanceKlass org/eclipse/lsp4j/NotebookSelector
instanceKlass org/eclipse/lsp4j/jsonrpc/RemoteEndpoint$PendingRequestInfo
instanceKlass org/eclipse/lsp4j/TextDocumentServerCapabilities
instanceKlass  @bci org/eclipse/lsp4j/jsonrpc/RemoteEndpoint request (Ljava/lang/String;Ljava/lang/Object;)Lorg/eclipse/lsp4j/jsonrpc/JsonRpcRequestFuture; 13 <appendix> member <vmtarget> ; # org/eclipse/lsp4j/jsonrpc/RemoteEndpoint$$Lambda+0x00000222904c15a0
instanceKlass org/eclipse/lsp4j/DocumentOnTypeFormattingOptions
instanceKlass jdk/internal/math/DoubleToDecimal
instanceKlass jdk/internal/math/FormattedFPDecimal
instanceKlass sun/nio/ch/WindowsAsynchronousFileChannelImpl$WriteTask
instanceKlass com/google/gson/annotations/Expose
instanceKlass org/eclipse/lsp4j/NotebookDocumentSyncRegistrationOptions
instanceKlass com/google/gson/internal/Streams
instanceKlass  @bci org/eclipse/lsp4j/jsonrpc/RemoteEndpoint handleRequest (Lorg/eclipse/lsp4j/jsonrpc/messages/RequestMessage;)V 137 <appendix> member <vmtarget> ; # org/eclipse/lsp4j/jsonrpc/RemoteEndpoint$$Lambda+0x00000222904c1368
instanceKlass org/eclipse/jdt/ls/core/internal/handlers/ProgressReporterManager$MulticastProgressReporter
instanceKlass  @bci org/eclipse/jdt/ls/core/internal/handlers/SemanticTokensHandler legend ()Lorg/eclipse/lsp4j/SemanticTokensLegend; 37 <appendix> argL0 ; # org/eclipse/jdt/ls/core/internal/handlers/SemanticTokensHandler$$Lambda+0x000002229057eaa8
instanceKlass  @bci org/eclipse/jdt/ls/core/internal/handlers/SemanticTokensHandler legend ()Lorg/eclipse/lsp4j/SemanticTokensLegend; 10 <appendix> argL0 ; # org/eclipse/jdt/ls/core/internal/handlers/SemanticTokensHandler$$Lambda+0x000002229057e420
instanceKlass org/eclipse/jdt/core/dom/IBinding
instanceKlass org/eclipse/lsp4j/SemanticTokensLegend
instanceKlass org/eclipse/jdt/ls/core/internal/handlers/SemanticTokensHandler
instanceKlass org/eclipse/lsp4j/DocumentFilter
instanceKlass org/eclipse/lsp4j/SemanticTokensServerFull
instanceKlass org/eclipse/lsp4j/TextDocumentRegistrationOptions
instanceKlass org/eclipse/lsp4j/WorkspaceFoldersOptions
instanceKlass org/eclipse/lsp4j/WorkspaceServerCapabilities
instanceKlass org/eclipse/lsp4j/SaveOptions
instanceKlass org/eclipse/lsp4j/TextDocumentSyncOptions
instanceKlass org/eclipse/lsp4j/AbstractWorkDoneProgressOptions
instanceKlass org/eclipse/lsp4j/WorkDoneProgressOptions
instanceKlass  @bci org/eclipse/jdt/ls/core/internal/handlers/WorkspaceExecuteCommandHandler$DelegateCommandHandlerDescriptor <init> (Lorg/eclipse/core/runtime/IConfigurationElement;)V 59 <appendix> member <vmtarget> ; # org/eclipse/jdt/ls/core/internal/handlers/WorkspaceExecuteCommandHandler$DelegateCommandHandlerDescriptor$$Lambda+0x000002229057d240
instanceKlass  @bci org/eclipse/jdt/ls/core/internal/handlers/WorkspaceExecuteCommandHandler getDelegateCommandHandlerDescriptors (Z)Ljava/util/Collection; 37 <appendix> argL0 ; # org/eclipse/jdt/ls/core/internal/handlers/WorkspaceExecuteCommandHandler$$Lambda+0x000002229057cff8
instanceKlass  @bci org/eclipse/jdt/ls/core/internal/handlers/WorkspaceExecuteCommandHandler getDelegateCommandHandlerDescriptors (Z)Ljava/util/Collection; 32 <appendix> argL0 ; # org/eclipse/jdt/ls/core/internal/handlers/WorkspaceExecuteCommandHandler$$Lambda+0x000002229057cdb8
instanceKlass  @bci org/eclipse/jdt/ls/core/internal/handlers/WorkspaceExecuteCommandHandler getDelegateCommandHandlerDescriptors (Z)Ljava/util/Collection; 27 <appendix> argL0 ; # org/eclipse/jdt/ls/core/internal/handlers/WorkspaceExecuteCommandHandler$$Lambda+0x000002229057cb78
instanceKlass org/eclipse/jdt/ls/core/internal/handlers/WorkspaceExecuteCommandHandler$DelegateCommandHandlerDescriptor
instanceKlass org/apache/commons/lang3/BooleanUtils
instanceKlass org/eclipse/lsp4j/ServerCapabilities
instanceKlass org/eclipse/jdt/internal/compiler/parser/RecoveredElement
instanceKlass org/eclipse/jdt/internal/core/JavaProject$3
instanceKlass org/eclipse/jdt/internal/core/JavaProject$2
instanceKlass  @bci java/util/stream/SortedOps$RefSortingSink end ()V 48 <appendix> member <vmtarget> ; # java/util/stream/SortedOps$RefSortingSink$$Lambda+0x00000222903d92c8
instanceKlass  @bci org/eclipse/jdt/ls/core/internal/handlers/BundleUtils getBundles (Ljava/lang/String;Lorg/osgi/framework/wiring/FrameworkWiring;)[Lorg/osgi/framework/Bundle; 152 <appendix> argL0 ; # org/eclipse/jdt/ls/core/internal/handlers/BundleUtils$$Lambda+0x000002229057c728
instanceKlass  @bci org/eclipse/jdt/ls/core/internal/handlers/BundleUtils getBundles (Ljava/lang/String;Lorg/osgi/framework/wiring/FrameworkWiring;)[Lorg/osgi/framework/Bundle; 142 <appendix> argL0 ; # org/eclipse/jdt/ls/core/internal/handlers/BundleUtils$$Lambda+0x000002229057c490
instanceKlass  @bci org/eclipse/jdt/ls/core/internal/handlers/BundleUtils getBundles (Ljava/lang/String;Lorg/osgi/framework/wiring/FrameworkWiring;)[Lorg/osgi/framework/Bundle; 132 <appendix> argL0 ; # org/eclipse/jdt/ls/core/internal/handlers/BundleUtils$$Lambda+0x000002229057c240
instanceKlass  @bci org/eclipse/jdt/ls/core/internal/handlers/BundleUtils getBundles (Ljava/lang/String;Lorg/osgi/framework/wiring/FrameworkWiring;)[Lorg/osgi/framework/Bundle; 122 <appendix> argL0 ; # org/eclipse/jdt/ls/core/internal/handlers/BundleUtils$$Lambda+0x000002229057c000
instanceKlass org/eclipse/jdt/ls/core/internal/handlers/BundleUtils$BundleInfo
instanceKlass  @bci org/eclipse/jdt/ls/core/internal/preferences/StandardPreferenceManager update (Lorg/eclipse/jdt/ls/core/internal/preferences/Preferences;)V 390 <appendix> argL0 ; # org/eclipse/jdt/ls/core/internal/preferences/StandardPreferenceManager$$Lambda+0x0000022290563ae8
instanceKlass  @bci org/eclipse/jdt/ls/core/internal/preferences/Preferences updateFrom (Lorg/eclipse/jdt/ls/core/internal/preferences/Preferences;Ljava/util/Map;)Lorg/eclipse/jdt/ls/core/internal/preferences/Preferences; 3615 <appendix> member <vmtarget> ; # org/eclipse/jdt/ls/core/internal/preferences/Preferences$$Lambda+0x00000222905638b0
instanceKlass com/google/common/base/Platform$JdkPatternCompiler
instanceKlass com/google/common/base/PatternCompiler
instanceKlass com/google/common/base/Platform
instanceKlass com/google/common/base/Strings
instanceKlass org/eclipse/jdt/internal/core/search/indexing/IndexAllProject$1
instanceKlass  @bci org/eclipse/jdt/ls/core/internal/preferences/Preferences updateFrom (Lorg/eclipse/jdt/ls/core/internal/preferences/Preferences;Ljava/util/Map;)Lorg/eclipse/jdt/ls/core/internal/preferences/Preferences; 2445 <appendix> member <vmtarget> ; # org/eclipse/jdt/ls/core/internal/preferences/Preferences$$Lambda+0x0000022290563678
instanceKlass org/eclipse/jdt/internal/compiler/util/SimpleSet
instanceKlass org/eclipse/jdt/ls/core/internal/RuntimeEnvironment
instanceKlass org/eclipse/jdt/internal/corext/util/TypeFilter
instanceKlass  @bci org/eclipse/jdt/ls/core/internal/preferences/Preferences setClasspathVariables (Ljava/util/List;)Lorg/eclipse/jdt/ls/core/internal/preferences/Preferences; 31 <appendix> argL0 ; # org/eclipse/jdt/ls/core/internal/preferences/Preferences$$Lambda+0x00000222905631b8
instanceKlass  @bci org/eclipse/jdt/ls/core/internal/preferences/Preferences setClasspathVariables (Ljava/util/List;)Lorg/eclipse/jdt/ls/core/internal/preferences/Preferences; 26 <appendix> argL0 ; # org/eclipse/jdt/ls/core/internal/preferences/Preferences$$Lambda+0x0000022290562f78
instanceKlass  @bci org/eclipse/jdt/ls/core/internal/preferences/Preferences setClasspathVariables (Ljava/util/List;)Lorg/eclipse/jdt/ls/core/internal/preferences/Preferences; 16 <appendix> argL0 ; # org/eclipse/jdt/ls/core/internal/preferences/Preferences$$Lambda+0x0000022290562d28
instanceKlass  @bci org/eclipse/jdt/ls/core/internal/preferences/Preferences setResourceFilters (Ljava/util/List;)Lorg/eclipse/jdt/ls/core/internal/preferences/Preferences; 11 <appendix> argL0 ; # org/eclipse/jdt/ls/core/internal/preferences/Preferences$$Lambda+0x0000022290562ad8
instanceKlass com/google/common/base/Ascii
instanceKlass org/eclipse/jdt/internal/core/JavaModelManager$ZipCache
instanceKlass org/eclipse/jdt/ls/core/internal/handlers/MapFlattener
instanceKlass org/eclipse/jdt/ls/core/internal/preferences/ClientPreferences
instanceKlass com/google/gson/internal/bind/ObjectTypeAdapter$2
instanceKlass com/google/gson/internal/LinkedTreeMap$LinkedTreeMapIterator
instanceKlass org/eclipse/jdt/ls/core/internal/JSONUtility
instanceKlass org/eclipse/jdt/internal/compiler/util/HashtableOfObject
instanceKlass org/eclipse/jdt/internal/compiler/util/HashtableOfIntValues
instanceKlass org/eclipse/jdt/internal/compiler/util/SimpleSetOfCharArray
instanceKlass org/eclipse/jdt/internal/core/index/DiskIndex
instanceKlass org/eclipse/jdt/internal/core/util/SimpleWordSet
instanceKlass org/eclipse/jdt/internal/core/index/MemoryIndex
instanceKlass org/eclipse/jdt/internal/core/search/indexing/ReadWriteMonitor
instanceKlass  @bci org/eclipse/core/runtime/ServiceCaller callOnce (Ljava/lang/Class;Ljava/lang/Class;Ljava/lang/String;Ljava/util/function/Consumer;)Z 14 <appendix> member <vmtarget> ; # org/eclipse/core/runtime/ServiceCaller$$Lambda+0x00000222901b93f0
instanceKlass  @bci org/eclipse/core/internal/content/ContentTypeManager$DebuggingHolder <clinit> ()V 9 <appendix> member <vmtarget> ; # org/eclipse/core/internal/content/ContentTypeManager$DebuggingHolder$$Lambda+0x0000022290574208
instanceKlass org/eclipse/core/internal/content/ContentTypeManager$DebuggingHolder
instanceKlass  @bci org/eclipse/core/internal/resources/MarkerManager visitorRemoveMarkers (Lorg/eclipse/core/runtime/IPath;Ljava/lang/String;Z)V 3 <adapter> ; # java/lang/invoke/LambdaForm$MH+0x0000022290570800
# instanceKlass java/lang/invoke/LambdaForm$DMH+0x0000022290570400
instanceKlass  @bci org/eclipse/core/internal/resources/MarkerManager visitorRemoveMarkers (Lorg/eclipse/core/runtime/IPath;Ljava/lang/String;Z)V 3 <appendix> form vmentry <vmtarget> ; # java/lang/invoke/LambdaForm$DMH+0x0000022290570000
instanceKlass  @bci org/eclipse/core/internal/content/ContentTypeBuilder applyPreferences (Lorg/eclipse/core/internal/content/ContentTypeCatalog;Lorg/eclipse/core/runtime/preferences/IEclipsePreferences;Z)V 4 <appendix> member <vmtarget> ; # org/eclipse/core/internal/content/ContentTypeBuilder$$Lambda+0x000002229017fc58
instanceKlass  @cpi org/eclipse/core/internal/content/ContentTypeBuilder 413 form vmentry <vmtarget> ; # java/lang/invoke/LambdaForm$DMH+0x0000022290560400
instanceKlass org/eclipse/core/runtime/preferences/IPreferenceNodeVisitor
instanceKlass org/eclipse/core/internal/content/FileSpec
instanceKlass org/eclipse/core/internal/content/ContentType
instanceKlass org/eclipse/core/internal/content/Util
instanceKlass  @bci org/eclipse/core/internal/content/ContentTypeCatalog <init> (Lorg/eclipse/core/internal/content/ContentTypeManager;I)V 118 <appendix> argL0 ; # org/eclipse/core/internal/content/ContentTypeCatalog$$Lambda+0x000002229017edb0
instanceKlass  @bci org/eclipse/core/internal/content/ContentTypeCatalog <init> (Lorg/eclipse/core/internal/content/ContentTypeManager;I)V 109 <appendix> argL0 ; # org/eclipse/core/internal/content/ContentTypeCatalog$$Lambda+0x000002229017eb18
instanceKlass  @bci org/eclipse/core/internal/content/ContentTypeCatalog <init> (Lorg/eclipse/core/internal/content/ContentTypeManager;I)V 100 <appendix> argL0 ; # org/eclipse/core/internal/content/ContentTypeCatalog$$Lambda+0x000002229017e880
instanceKlass  @bci org/eclipse/core/internal/content/ContentTypeCatalog <init> (Lorg/eclipse/core/internal/content/ContentTypeManager;I)V 91 <appendix> argL0 ; # org/eclipse/core/internal/content/ContentTypeCatalog$$Lambda+0x000002229017e5e8
instanceKlass  @bci org/eclipse/core/internal/content/ContentTypeCatalog <init> (Lorg/eclipse/core/internal/content/ContentTypeManager;I)V 82 <appendix> argL0 ; # org/eclipse/core/internal/content/ContentTypeCatalog$$Lambda+0x000002229017e350
instanceKlass org/eclipse/jdt/internal/core/index/Index
instanceKlass sun/nio/cs/ThreadLocalCoders$Cache
instanceKlass sun/nio/cs/ThreadLocalCoders
instanceKlass org/eclipse/jdt/core/search/SearchMatch
instanceKlass org/eclipse/jdt/internal/compiler/env/IBinaryType
instanceKlass org/eclipse/jdt/internal/compiler/lookup/IQualifiedTypeResolutionListener
instanceKlass org/eclipse/jdt/internal/core/search/matching/MatchLocator
instanceKlass org/eclipse/jdt/internal/core/search/IndexSelector
instanceKlass org/eclipse/jdt/core/search/SearchDocument
instanceKlass  @bci org/eclipse/jdt/internal/core/search/PatternSearchJob createExecutor (I)Ljava/util/concurrent/ForkJoinPool; 13 <appendix> argL0 ; # org/eclipse/jdt/internal/core/search/PatternSearchJob$$Lambda+0x0000022290561000
instanceKlass org/eclipse/jdt/internal/core/search/PatternSearchJob$1
instanceKlass org/eclipse/jdt/internal/core/search/PatternSearchJob
instanceKlass org/eclipse/jdt/internal/core/search/matching/TypeDeclarationPattern$PackageNameSet
instanceKlass org/eclipse/jdt/internal/core/search/TypeNameRequestorWrapper
instanceKlass org/eclipse/jdt/internal/core/search/AbstractSearchScope
instanceKlass org/eclipse/jdt/internal/core/search/IRestrictedAccessMethodRequestor
instanceKlass org/eclipse/jdt/core/search/ISearchPattern
instanceKlass org/eclipse/jdt/core/search/SearchEngine
instanceKlass org/eclipse/jdt/internal/launching/JREContainer$RuleEntry
instanceKlass org/eclipse/jdt/internal/launching/JREContainer$RuleKey
instanceKlass org/eclipse/jdt/ls/core/internal/javafx/FXVersionUtil
instanceKlass org/eclipse/jdt/ls/core/internal/javafx/FXAccessRuleParticipant
instanceKlass org/eclipse/jdt/internal/launching/environments/DefaultAccessRuleParticipant
instanceKlass org/eclipse/jdt/internal/launching/JREContainer$1
instanceKlass org/eclipse/jdt/internal/launching/JREContainer
instanceKlass  @bci org/eclipse/jdt/internal/core/JavaModelManager variableNames ()[Ljava/lang/String; 7 <appendix> argL0 ; # org/eclipse/jdt/internal/core/JavaModelManager$$Lambda+0x000002229038dc28
instanceKlass org/eclipse/jdt/launching/environments/CompatibleEnvironment
instanceKlass org/eclipse/jdt/internal/launching/environments/ExecutionEnvironmentAnalyzer
instanceKlass  @bci org/eclipse/jdt/launching/AbstractVMInstallType getVMInstalls ()[Lorg/eclipse/jdt/launching/IVMInstall; 4 <appendix> argL0 ; # org/eclipse/jdt/launching/AbstractVMInstallType$$Lambda+0x000002229055a0b0
instanceKlass  @bci org/eclipse/jdt/launching/VMStandin convertToRealVM ()Lorg/eclipse/jdt/launching/IVMInstall; 155 <appendix> member <vmtarget> ; # org/eclipse/jdt/launching/VMStandin$$Lambda+0x0000022290559908
instanceKlass  @cpi org/eclipse/jdt/launching/VMStandin 173 form vmentry <vmtarget> ; # java/lang/invoke/LambdaForm$DMH+0x0000022290560000
instanceKlass org/eclipse/jdt/launching/IVMRunner
instanceKlass org/eclipse/jdt/internal/launching/CompositeId
instanceKlass org/eclipse/jdt/launching/LibraryLocation
instanceKlass org/eclipse/osgi/internal/url/URLStreamHandlerProxy$1
instanceKlass org/eclipse/osgi/internal/url/URLStreamHandlerSetter
instanceKlass org/eclipse/osgi/internal/url/NullURLStreamHandlerService
instanceKlass org/osgi/service/url/URLStreamHandlerSetter
instanceKlass  @bci org/eclipse/osgi/internal/url/URLStreamHandlerFactoryImpl createInternalURLStreamHandler (Ljava/lang/String;)Ljava/net/URLStreamHandler; 18 <appendix> member <vmtarget> ; # org/eclipse/osgi/internal/url/URLStreamHandlerFactoryImpl$$Lambda+0x000002229055c480
instanceKlass  @bci org/eclipse/equinox/plurl/impl/PlurlImpl$PlurlFactoryHolder getHandler (Ljava/lang/String;)Ljava/lang/Object; 35 <appendix> member <vmtarget> ; # org/eclipse/equinox/plurl/impl/PlurlImpl$PlurlFactoryHolder$$Lambda+0x000002229055c238
instanceKlass org/eclipse/equinox/plurl/impl/PlurlImpl$4
instanceKlass org/eclipse/jdt/internal/launching/LibraryInfo
instanceKlass org/eclipse/jdt/launching/AbstractVMInstall
instanceKlass org/eclipse/jdt/launching/IVMInstall3
instanceKlass org/eclipse/jdt/launching/IVMInstall2
instanceKlass org/eclipse/jdt/internal/launching/VMDefinitionsContainer
instanceKlass  @bci org/eclipse/jdt/internal/launching/StandardVMType <clinit> ()V 78 <appendix> argL0 ; # org/eclipse/jdt/internal/launching/StandardVMType$$Lambda+0x0000022290553308
instanceKlass  @bci org/eclipse/jdt/internal/launching/StandardVMType <clinit> ()V 0 <appendix> argL0 ; # org/eclipse/jdt/internal/launching/StandardVMType$$Lambda+0x00000222905530e8
instanceKlass org/eclipse/jdt/launching/AbstractVMInstallType
instanceKlass org/eclipse/jdt/launching/IVMInstallType
instanceKlass org/eclipse/jdt/internal/launching/environments/Analyzer
instanceKlass org/eclipse/jdt/launching/environments/IExecutionEnvironmentAnalyzerDelegate
instanceKlass org/eclipse/jdt/internal/launching/environments/AccessRuleParticipant
instanceKlass org/eclipse/jdt/internal/launching/environments/ExecutionEnvironment$1
instanceKlass org/eclipse/jdt/launching/environments/IAccessRuleParticipant
instanceKlass org/eclipse/jdt/internal/launching/environments/ExecutionEnvironment
instanceKlass  @bci org/eclipse/jdt/internal/launching/environments/EnvironmentsManager initializeExtensions ()V 14 <appendix> argL0 ; # org/eclipse/jdt/internal/launching/environments/EnvironmentsManager$$Lambda+0x00000222904395f0
instanceKlass  @bci org/eclipse/jdt/internal/launching/environments/EnvironmentsManager initializeExtensions ()V 9 <appendix> member <vmtarget> ; # org/eclipse/jdt/internal/launching/environments/EnvironmentsManager$$Lambda+0x0000022290439350
instanceKlass org/eclipse/jdt/launching/environments/IExecutionEnvironment
instanceKlass org/eclipse/jdt/internal/launching/environments/EnvironmentsManager
instanceKlass org/eclipse/buildship/core/internal/workspace/GradleClasspathContainer
instanceKlass org/gradle/tooling/model/eclipse/EclipseClasspathEntry
instanceKlass org/eclipse/buildship/core/internal/workspace/GradleClasspathContainerUpdater
instanceKlass  @bci org/eclipse/m2e/core/internal/embedder/MavenImpl getMirror (Lorg/apache/maven/artifact/repository/ArtifactRepository;)Lorg/apache/maven/settings/Mirror; 6 <appendix> member <vmtarget> ; # org/eclipse/m2e/core/internal/embedder/MavenImpl$$Lambda+0x0000022290531ee8
instanceKlass org/eclipse/jdt/core/ClasspathContainerInitializer
instanceKlass  @bci org/eclipse/m2e/core/internal/embedder/MavenImpl addDefaultRepository (Ljava/util/List;)V 6 <appendix> argL0 ; # org/eclipse/m2e/core/internal/embedder/MavenImpl$$Lambda+0x0000022290531c98
instanceKlass org/eclipse/jdt/internal/core/JavaModelManager$10
instanceKlass org/apache/commons/codec/CharEncoding
instanceKlass org/apache/commons/codec/binary/Hex
instanceKlass org/apache/commons/codec/BinaryDecoder
instanceKlass org/apache/commons/codec/Decoder
instanceKlass org/apache/commons/codec/BinaryEncoder
instanceKlass org/apache/commons/codec/Encoder
instanceKlass org/eclipse/lsp4j/WorkDoneProgressNotification
instanceKlass sun/security/provider/ByteArrayAccess$LE
instanceKlass org/apache/commons/codec/binary/StringUtils
instanceKlass org/eclipse/m2e/core/internal/project/registry/ProjectProcessingTracker
instanceKlass org/apache/commons/codec/digest/DigestUtils
instanceKlass  @bci org/eclipse/m2e/core/internal/project/registry/ProjectRegistryManager refresh (Lorg/eclipse/m2e/core/internal/project/registry/MutableProjectRegistry;Lorg/eclipse/m2e/core/internal/project/registry/DependencyResolutionContext;Lorg/eclipse/core/runtime/IProgressMonitor;)V 446 <appendix> member <vmtarget> ; # org/eclipse/m2e/core/internal/project/registry/ProjectRegistryManager$$Lambda+0x0000022290531840
instanceKlass  @bci org/eclipse/m2e/core/internal/project/registry/ProjectRegistryManager refresh (Lorg/eclipse/m2e/core/internal/project/registry/MutableProjectRegistry;Lorg/eclipse/m2e/core/internal/project/registry/DependencyResolutionContext;Lorg/eclipse/core/runtime/IProgressMonitor;)V 61 <appendix> member <vmtarget> ; # org/eclipse/m2e/core/internal/project/registry/ProjectRegistryManager$$Lambda+0x00000222905315e8
instanceKlass  @bci org/eclipse/m2e/core/internal/project/registry/ProjectRegistryManager refresh (Lorg/eclipse/m2e/core/internal/project/registry/MutableProjectRegistry;Lorg/eclipse/m2e/core/internal/project/registry/DependencyResolutionContext;Lorg/eclipse/core/runtime/IProgressMonitor;)V 49 <appendix> member <vmtarget> ; # org/eclipse/m2e/core/internal/project/registry/ProjectRegistryManager$$Lambda+0x00000222905313b0
instanceKlass  @bci org/eclipse/m2e/core/internal/project/registry/ProjectRegistryManager refresh (Lorg/eclipse/m2e/core/internal/project/registry/MutableProjectRegistry;Ljava/util/Collection;Lorg/eclipse/core/runtime/IProgressMonitor;)Ljava/util/Map; 53 <appendix> member <vmtarget> ; # org/eclipse/m2e/core/internal/project/registry/ProjectRegistryManager$$Lambda+0x0000022290531188
instanceKlass  @cpi org/eclipse/m2e/core/internal/project/registry/ProjectRegistryManager 1803 form vmentry <vmtarget> ; # java/lang/invoke/LambdaForm$DMH+0x0000022290550000
instanceKlass org/eclipse/m2e/internal/maven/compat/ReadonlyMavenExecutionRequest
instanceKlass  @bci org/eclipse/m2e/core/internal/project/registry/ProjectRegistryRefreshJob lambda$0 (Lorg/eclipse/m2e/core/internal/project/registry/MutableProjectRegistry;Ljava/util/List;Lorg/eclipse/core/runtime/IProgressMonitor;Lorg/eclipse/m2e/core/embedder/IMavenExecutionContext;Lorg/eclipse/core/runtime/IProgressMonitor;)Ljava/lang/Object; 344 <appendix> member <vmtarget> ; # org/eclipse/m2e/core/internal/project/registry/ProjectRegistryRefreshJob$$Lambda+0x0000022290530f60
instanceKlass org/eclipse/m2e/core/internal/embedder/AbstractTransferListenerAdapter
instanceKlass org/apache/maven/session/scope/internal/SessionScope$CachingProvider
# instanceKlass org/apache/maven/session/scope/internal/SessionScope$$Lambda+0x000002229054bff0
instanceKlass  @bci org/apache/maven/session/scope/internal/SessionScope seed (Ljava/lang/Class;Ljava/lang/Object;)V 3 <appendix> member <vmtarget> ; # org/apache/maven/session/scope/internal/SessionScope$$Lambda+0x000002229054bdb0
instanceKlass org/apache/maven/settings/RuntimeInfo
instanceKlass org/apache/maven/execution/DefaultMavenExecutionResult
instanceKlass org/eclipse/aether/AbstractForwardingRepositorySystemSession
instanceKlass org/eclipse/aether/internal/impl/Utils
instanceKlass org/eclipse/aether/internal/impl/LocalPathPrefixComposerFactorySupport$LocalPathPrefixComposerSupport
instanceKlass org/eclipse/aether/internal/impl/SimpleLocalRepositoryManager
instanceKlass org/eclipse/aether/internal/impl/PrioritizedComponent
instanceKlass org/eclipse/sisu/wire/EntrySetAdapter$ValueIterator
instanceKlass org/eclipse/aether/internal/impl/PrioritizedComponents
# instanceKlass org/apache/maven/RepositoryUtils$$Lambda+0x0000022290549c88
instanceKlass  @bci org/apache/maven/RepositoryUtils toRepos (Ljava/util/List;)Ljava/util/List; 18 <appendix> argL0 ; # org/apache/maven/RepositoryUtils$$Lambda+0x0000022290549a48
instanceKlass org/eclipse/aether/repository/RemoteRepository$Builder
instanceKlass org/eclipse/aether/util/ConfigUtils
instanceKlass org/eclipse/aether/util/repository/DefaultAuthenticationSelector
instanceKlass org/eclipse/aether/util/repository/DefaultProxySelector
instanceKlass org/eclipse/aether/util/repository/DefaultMirrorSelector
instanceKlass org/apache/maven/settings/crypto/DefaultSettingsDecryptionResult
instanceKlass org/apache/maven/settings/crypto/DefaultSettingsDecryptionRequest
instanceKlass org/apache/maven/RepositoryUtils$MavenArtifactTypeRegistry
instanceKlass org/apache/maven/RepositoryUtils
instanceKlass org/eclipse/aether/util/repository/SimpleResolutionErrorPolicy
# instanceKlass java/util/stream/Collectors$$Lambda+0x00000222903d71e0
instanceKlass  @bci java/util/stream/Collectors mapMerger (Ljava/util/function/BinaryOperator;)Ljava/util/function/BinaryOperator; 1 <appendix> member <vmtarget> ; # java/util/stream/Collectors$$Lambda+0x00000222903d6f90
instanceKlass  @bci java/util/stream/Collectors toMap (Ljava/util/function/Function;Ljava/util/function/Function;Ljava/util/function/BinaryOperator;Ljava/util/function/Supplier;)Ljava/util/stream/Collector; 3 <appendix> member <vmtarget> ; # java/util/stream/Collectors$$Lambda+0x00000222903d6d58
# instanceKlass java/util/stream/Collectors$$Lambda+0x00000222903d6b20
# instanceKlass java/util/stream/Collectors$$Lambda+0x00000222903d6900
instanceKlass  @bci java/util/stream/Collectors toMap (Ljava/util/function/Function;Ljava/util/function/Function;Ljava/util/function/BinaryOperator;)Ljava/util/stream/Collector; 3 <appendix> argL0 ; # java/util/stream/Collectors$$Lambda+0x00000222903d66e0
# instanceKlass org/apache/maven/internal/aether/DefaultRepositorySystemSessionFactory$$Lambda+0x00000222905479f0
instanceKlass  @bci org/apache/maven/internal/aether/DefaultRepositorySystemSessionFactory getPropertiesFromRequestedProfiles (Lorg/apache/maven/execution/MavenExecutionRequest;)Ljava/util/Map; 59 <appendix> argL0 ; # org/apache/maven/internal/aether/DefaultRepositorySystemSessionFactory$$Lambda+0x00000222905477a8
# instanceKlass org/apache/maven/internal/aether/DefaultRepositorySystemSessionFactory$$Lambda+0x0000022290547568
instanceKlass  @bci org/apache/maven/internal/aether/DefaultRepositorySystemSessionFactory getPropertiesFromRequestedProfiles (Lorg/apache/maven/execution/MavenExecutionRequest;)Ljava/util/Map; 54 <appendix> argL0 ; # org/apache/maven/internal/aether/DefaultRepositorySystemSessionFactory$$Lambda+0x0000022290547328
# instanceKlass org/apache/maven/internal/aether/DefaultRepositorySystemSessionFactory$$Lambda+0x00000222905470e8
instanceKlass  @bci org/apache/maven/internal/aether/DefaultRepositorySystemSessionFactory getPropertiesFromRequestedProfiles (Lorg/apache/maven/execution/MavenExecutionRequest;)Ljava/util/Map; 49 <appendix> argL0 ; # org/apache/maven/internal/aether/DefaultRepositorySystemSessionFactory$$Lambda+0x0000022290546ea8
# instanceKlass org/apache/maven/internal/aether/DefaultRepositorySystemSessionFactory$$Lambda+0x0000022290546c68
instanceKlass  @bci org/apache/maven/internal/aether/DefaultRepositorySystemSessionFactory getPropertiesFromRequestedProfiles (Lorg/apache/maven/execution/MavenExecutionRequest;)Ljava/util/Map; 39 <appendix> argL0 ; # org/apache/maven/internal/aether/DefaultRepositorySystemSessionFactory$$Lambda+0x0000022290546a28
instanceKlass  @bci org/apache/maven/internal/aether/DefaultRepositorySystemSessionFactory getPropertiesFromRequestedProfiles (Lorg/apache/maven/execution/MavenExecutionRequest;)Ljava/util/Map; 29 <appendix> argL0 ; # org/apache/maven/internal/aether/DefaultRepositorySystemSessionFactory$$Lambda+0x00000222905467e8
# instanceKlass org/apache/maven/internal/aether/DefaultRepositorySystemSessionFactory$$Lambda+0x00000222905465a8
# instanceKlass org/apache/maven/internal/aether/DefaultRepositorySystemSessionFactory$$Lambda+0x0000022290546350
instanceKlass  @bci org/apache/maven/internal/aether/DefaultRepositorySystemSessionFactory getPropertiesFromRequestedProfiles (Lorg/apache/maven/execution/MavenExecutionRequest;)Ljava/util/Map; 19 <appendix> member <vmtarget> ; # org/apache/maven/internal/aether/DefaultRepositorySystemSessionFactory$$Lambda+0x00000222905460f8
instanceKlass org/eclipse/aether/util/repository/SimpleArtifactDescriptorPolicy
instanceKlass org/eclipse/aether/artifact/DefaultArtifactType
instanceKlass org/eclipse/aether/util/artifact/SimpleArtifactTypeRegistry
instanceKlass org/eclipse/aether/util/graph/transformer/JavaDependencyContextRefiner
instanceKlass org/eclipse/aether/util/graph/transformer/ChainedDependencyGraphTransformer
instanceKlass org/eclipse/aether/util/graph/transformer/ConflictResolver
instanceKlass org/eclipse/aether/graph/Exclusion
instanceKlass org/eclipse/aether/util/graph/selector/ExclusionDependencySelector
instanceKlass org/eclipse/aether/util/graph/selector/OptionalDependencySelector
instanceKlass org/eclipse/aether/util/graph/selector/ScopeDependencySelector
instanceKlass org/eclipse/aether/util/graph/selector/AndDependencySelector
instanceKlass org/eclipse/aether/util/graph/manager/ClassicDependencyManager
instanceKlass org/eclipse/aether/util/graph/traverser/FatArtifactTraverser
instanceKlass org/eclipse/aether/DefaultSessionData
instanceKlass org/eclipse/aether/DefaultRepositorySystemSession$NullFileTransformerManager
instanceKlass org/eclipse/aether/transform/FileTransformerManager
instanceKlass org/eclipse/aether/DefaultRepositorySystemSession$NullArtifactTypeRegistry
instanceKlass org/eclipse/aether/DefaultRepositorySystemSession$NullAuthenticationSelector
instanceKlass org/eclipse/aether/DefaultRepositorySystemSession$NullProxySelector
instanceKlass org/eclipse/aether/DefaultRepositorySystemSession$NullMirrorSelector
instanceKlass org/eclipse/aether/SessionData
instanceKlass org/eclipse/aether/artifact/ArtifactTypeRegistry
instanceKlass org/apache/maven/repository/internal/MavenRepositorySystemUtils
instanceKlass org/apache/maven/graph/DefaultGraphBuilder$$FastClassByGuice$$203399059
instanceKlass jdk/internal/math/MathUtils
instanceKlass jdk/internal/math/FloatToDecimal
instanceKlass org/apache/maven/plugin/prefix/internal/DefaultPluginPrefixResolver$$FastClassByGuice$$202243747
instanceKlass org/apache/maven/plugin/CompoundMojoExecutionListener
instanceKlass org/apache/maven/plugin/DefaultBuildPluginManager$$FastClassByGuice$$200680228
instanceKlass org/apache/maven/lifecycle/internal/DefaultLifecycleTaskSegmentCalculator$$FastClassByGuice$$199329844
instanceKlass org/apache/maven/lifecycle/internal/DefaultExecutionEventCatapult$$FastClassByGuice$$198914161
instanceKlass org/apache/maven/project/DefaultProjectDependenciesResolver$$FastClassByGuice$$198100819
instanceKlass org/apache/maven/project/RepositorySessionDecorator
instanceKlass com/google/inject/internal/DelegatingInvocationHandler
instanceKlass org/apache/maven/artifact/repository/metadata/io/DefaultMetadataReader$$FastClassByGuice$$196189297
instanceKlass org/apache/maven/plugin/version/internal/DefaultPluginVersionResolver$$FastClassByGuice$$195914412
instanceKlass org/apache/maven/rtinfo/internal/DefaultRuntimeInformation$$FastClassByGuice$$194323876
instanceKlass org/apache/maven/plugin/DefaultPluginDescriptorCache$$FastClassByGuice$$193444691
instanceKlass org/apache/maven/plugin/internal/DefaultMavenPluginManager$$FastClassByGuice$$192073657
instanceKlass org/codehaus/plexus/classworlds/realm/Entry
instanceKlass org/apache/maven/classrealm/DefaultClassRealmRequest
instanceKlass org/eclipse/sisu/wire/EntryListAdapter$ValueIterator
instanceKlass org/apache/maven/project/DefaultProjectBuildingHelper$$FastClassByGuice$$191812484
instanceKlass org/apache/maven/project/DefaultProjectBuilder$$FastClassByGuice$$190714366
instanceKlass org/apache/maven/DefaultMaven$$FastClassByGuice$$189177900
instanceKlass org/apache/maven/properties/internal/SystemProperties
instanceKlass org/codehaus/plexus/util/Os
instanceKlass org/apache/maven/properties/internal/EnvironmentUtils
instanceKlass org/apache/maven/artifact/repository/layout/ArtifactRepositoryLayout2
instanceKlass org/apache/maven/artifact/repository/layout/DefaultRepositoryLayout$$FastClassByGuice$$187880005
instanceKlass org/apache/maven/repository/DefaultMirrorSelector$$FastClassByGuice$$187384431
instanceKlass org/apache/maven/repository/legacy/repository/DefaultArtifactRepositoryFactory$$FastClassByGuice$$186592117
instanceKlass org/eclipse/aether/artifact/ArtifactType
instanceKlass org/apache/maven/lifecycle/internal/DefaultLifecyclePluginAnalyzer$$FastClassByGuice$$184943531
instanceKlass org/apache/maven/model/plugin/DefaultLifecycleBindingsInjector$$FastClassByGuice$$184255196
instanceKlass org/apache/maven/model/PatternSet
instanceKlass org/apache/maven/model/Contributor
instanceKlass org/apache/maven/model/merge/ModelMerger$KeyComputer
instanceKlass org/apache/maven/model/merge/ModelMerger$Remapping
instanceKlass  @bci org/eclipse/aether/internal/impl/synccontext/named/NamedLockFactoryAdapterFactoryImpl <init> (Ljava/util/Map;Ljava/lang/String;Ljava/util/Map;Ljava/lang/String;Lorg/eclipse/aether/impl/RepositorySystemLifecycle;)V 63 <appendix> member <vmtarget> ; # org/eclipse/aether/internal/impl/synccontext/named/NamedLockFactoryAdapterFactoryImpl$$Lambda+0x000002229053c0a8
instanceKlass org/eclipse/sisu/wire/NamedIterableAdapter
instanceKlass org/eclipse/aether/internal/impl/DefaultUpdateCheckManager$1
instanceKlass org/apache/maven/repository/legacy/DefaultUpdateCheckManager$$FastClassByGuice$$183240511
instanceKlass org/apache/maven/repository/legacy/DefaultWagonManager$$FastClassByGuice$$181972554
instanceKlass org/apache/maven/artifact/repository/metadata/DefaultRepositoryMetadataManager$$FastClassByGuice$$180555744
instanceKlass org/apache/maven/project/artifact/DefaultMetadataSource$$FastClassByGuice$$179604611
instanceKlass org/apache/maven/artifact/resolver/DefaultResolutionErrorHandler$$FastClassByGuice$$178375222
instanceKlass org/apache/maven/plugin/internal/DefaultLegacySupport$$FastClassByGuice$$177238578
instanceKlass org/apache/maven/repository/legacy/resolver/conflict/NearestConflictResolver$$FastClassByGuice$$176234900
instanceKlass org/apache/maven/artifact/resolver/DefaultArtifactCollector$$FastClassByGuice$$175388607
instanceKlass org/apache/maven/artifact/resolver/DefaultArtifactResolver$DaemonThreadCreator
instanceKlass org/apache/maven/artifact/resolver/DefaultArtifactResolver$$FastClassByGuice$$174088675
instanceKlass org/apache/maven/artifact/factory/DefaultArtifactFactory$$FastClassByGuice$$173431284
instanceKlass org/apache/maven/repository/legacy/LegacyRepositorySystem$$FastClassByGuice$$172560511
instanceKlass org/apache/maven/artifact/handler/manager/DefaultArtifactHandlerManager$$FastClassByGuice$$171589281
instanceKlass com/google/common/collect/LinkedHashMultimap$ValueSet$1
instanceKlass com/google/common/collect/AbstractMapBasedMultimap$WrappedCollection$WrappedIterator
instanceKlass com/google/common/collect/SortedSetMultimap
instanceKlass com/google/common/collect/Multimaps
instanceKlass com/google/common/collect/MultimapBuilder$ArrayListSupplier
instanceKlass com/google/common/collect/MultimapBuilder$MultimapBuilderWithKeys
instanceKlass com/google/common/collect/MultimapBuilder
instanceKlass org/eclipse/sisu/inject/Guice4$2
instanceKlass  @bci org/eclipse/m2e/core/internal/embedder/MavenImpl getMirrors ()Ljava/util/List; 4 <appendix> argL0 ; # org/eclipse/m2e/core/internal/embedder/MavenImpl$$Lambda+0x0000022290530478
instanceKlass  @bci org/eclipse/m2e/core/internal/embedder/MavenImpl getExecutionContext ()Lorg/eclipse/m2e/core/embedder/IMavenExecutionContext; 4 <appendix> member <vmtarget> ; # org/eclipse/m2e/core/internal/embedder/MavenImpl$$Lambda+0x0000022290530250
instanceKlass org/apache/maven/settings/building/DefaultSettingsBuildingResult
instanceKlass org/codehaus/plexus/util/xml/pull/EntityReplacementMap
instanceKlass org/apache/maven/settings/io/xpp3/SettingsXpp3Reader$1
instanceKlass org/apache/maven/settings/io/xpp3/SettingsXpp3Reader$ContentTransformer
instanceKlass org/apache/maven/settings/io/xpp3/SettingsXpp3Reader
instanceKlass org/codehaus/plexus/interpolation/SimpleRecursionInterceptor
instanceKlass org/apache/maven/settings/building/DefaultSettingsBuilder$1
instanceKlass org/codehaus/plexus/interpolation/os/OperatingSystemUtils$DefaultEnvVarSource
instanceKlass org/codehaus/plexus/interpolation/os/OperatingSystemUtils$EnvVarSource
instanceKlass org/codehaus/plexus/interpolation/os/OperatingSystemUtils
instanceKlass org/codehaus/plexus/interpolation/AbstractValueSource
instanceKlass org/codehaus/plexus/util/xml/pull/MXSerializer
instanceKlass org/codehaus/plexus/util/xml/pull/XmlSerializer
instanceKlass org/apache/maven/settings/io/xpp3/SettingsXpp3Writer
instanceKlass org/codehaus/plexus/util/StringUtils
instanceKlass org/eclipse/sisu/inject/LazyBeanEntry$JsrNamed
instanceKlass org/eclipse/sisu/inject/LazyBeanEntry
instanceKlass javax/annotation/Priority
instanceKlass org/eclipse/sisu/inject/Implementations
instanceKlass org/eclipse/sisu/plexus/LazyPlexusBean
instanceKlass org/eclipse/sisu/inject/RankedSequence$Itr
instanceKlass org/eclipse/sisu/inject/RankedBindings$Itr
instanceKlass org/eclipse/sisu/inject/LocatedBeans$Itr
instanceKlass org/eclipse/sisu/plexus/RealmFilteredBeans$FilteredItr
instanceKlass org/eclipse/sisu/plexus/DefaultPlexusBeans$Itr
instanceKlass org/eclipse/sisu/plexus/DefaultPlexusBeans
instanceKlass org/eclipse/sisu/plexus/RealmFilteredBeans
instanceKlass org/eclipse/sisu/inject/BeanCache
instanceKlass org/eclipse/sisu/inject/LocatedBeans
instanceKlass org/eclipse/sisu/inject/MildElements$Indexable
instanceKlass org/eclipse/m2e/core/internal/embedder/PlexusContainerManager$2
instanceKlass org/eclipse/m2e/core/internal/embedder/LifecycleManagerDisposer
instanceKlass com/google/inject/internal/ProviderInternalFactory$1
instanceKlass com/google/inject/internal/ConstructorInjector$1
instanceKlass org/eclipse/sisu/inject/WatchedBeans
instanceKlass org/eclipse/sisu/inject/MildValues$ValueItr
instanceKlass org/eclipse/sisu/inject/InjectorBindings
instanceKlass com/google/inject/spi/ProvisionListener$ProvisionInvocation
instanceKlass com/google/inject/internal/MembersInjectorImpl$1
instanceKlass com/google/inject/internal/InternalContext
instanceKlass com/google/inject/internal/Initializer$1
instanceKlass com/google/common/collect/AbstractMapBasedMultimap$AsMap$AsMapIterator
instanceKlass org/codehaus/plexus/DefaultPlexusContainer$$FastClassByGuice$$169896342
instanceKlass org/eclipse/sisu/wire/TypeConverterCache$$FastClassByGuice$$169078855
instanceKlass com/google/inject/internal/SingleMethodInjector$1
instanceKlass org/eclipse/sisu/inject/DefaultBeanLocator$$FastClassByGuice$$168119251
instanceKlass com/google/inject/internal/InjectorImpl$MethodInvoker
instanceKlass com/google/inject/internal/SingleMethodInjector
instanceKlass org/eclipse/sisu/plexus/PlexusXmlBeanConverter$$FastClassByGuice$$167740885
instanceKlass org/eclipse/m2e/core/internal/embedder/EclipseRepositoryListener$$FastClassByGuice$$166294484
instanceKlass org/eclipse/m2e/core/internal/embedder/EclipseClassRealmManagerDelegate$$FastClassByGuice$$165255598
instanceKlass org/eclipse/m2e/core/internal/embedder/EclipseBuildContext$$FastClassByGuice$$164506772
instanceKlass org/eclipse/m2e/core/internal/project/registry/EclipsePluginDependenciesResolver$$FastClassByGuice$$163179149
instanceKlass org/eclipse/m2e/core/internal/project/EclipsePluginArtifactsCache$$FastClassByGuice$$162183365
instanceKlass org/eclipse/m2e/core/internal/project/EclipsePluginRealmCache$$FastClassByGuice$$160467895
instanceKlass org/eclipse/m2e/core/internal/project/EclipseProjectRealmCache$$FastClassByGuice$$160045782
instanceKlass org/eclipse/m2e/core/internal/project/EclipseExtensionRealmCache$$FastClassByGuice$$158975495
instanceKlass org/eclipse/m2e/core/internal/project/EclipseMavenMetadataCache$$FastClassByGuice$$157788178
instanceKlass org/sonatype/plexus/components/sec/dispatcher/DefaultSecDispatcher$$FastClassByGuice$$156732047
instanceKlass org/sonatype/plexus/components/cipher/DefaultPlexusCipher$$FastClassByGuice$$155667945
instanceKlass org/codehaus/plexus/build/DefaultBuildContext$$FastClassByGuice$$155040266
instanceKlass org/codehaus/plexus/component/configurator/MapOrientedComponentConfigurator$$FastClassByGuice$$153780100
instanceKlass org/codehaus/plexus/component/configurator/BasicComponentConfigurator$$FastClassByGuice$$152567995
instanceKlass org/apache/maven/settings/validation/DefaultSettingsValidator$$FastClassByGuice$$151368963
instanceKlass org/apache/maven/settings/io/DefaultSettingsWriter$$FastClassByGuice$$150666959
instanceKlass org/apache/maven/settings/io/DefaultSettingsReader$$FastClassByGuice$$149047433
instanceKlass org/apache/maven/settings/crypto/DefaultSettingsDecrypter$$FastClassByGuice$$148005977
instanceKlass org/apache/maven/settings/building/DefaultSettingsBuilder$$FastClassByGuice$$147561461
instanceKlass org/eclipse/aether/transport/wagon/WagonTransporterFactory$$FastClassByGuice$$145882575
instanceKlass org/eclipse/aether/internal/transport/wagon/PlexusWagonProvider$$FastClassByGuice$$145037702
instanceKlass org/eclipse/aether/internal/transport/wagon/PlexusWagonConfigurator$$FastClassByGuice$$144327923
instanceKlass org/eclipse/aether/transport/http/XChecksumChecksumExtractor$$FastClassByGuice$$143045504
instanceKlass org/eclipse/aether/transport/http/Nexus2ChecksumExtractor$$FastClassByGuice$$141617005
instanceKlass org/eclipse/aether/transport/http/HttpTransporterFactory$$FastClassByGuice$$140652119
instanceKlass org/eclipse/aether/transport/file/FileTransporterFactory$$FastClassByGuice$$139468854
instanceKlass org/apache/maven/repository/internal/VersionsMetadataGeneratorFactory$$FastClassByGuice$$138479808
instanceKlass org/apache/maven/repository/internal/SnapshotMetadataGeneratorFactory$$FastClassByGuice$$138006014
instanceKlass org/apache/maven/repository/internal/PluginsMetadataGeneratorFactory$$FastClassByGuice$$137130869
instanceKlass org/apache/maven/repository/internal/DefaultVersionResolver$$FastClassByGuice$$136147242
instanceKlass org/apache/maven/repository/internal/DefaultVersionRangeResolver$$FastClassByGuice$$134752679
instanceKlass org/apache/maven/repository/internal/DefaultModelCacheFactory$$FastClassByGuice$$133892334
instanceKlass org/apache/maven/repository/internal/DefaultArtifactDescriptorReader$$FastClassByGuice$$132420808
instanceKlass org/eclipse/aether/named/providers/NoopNamedLockFactory$$FastClassByGuice$$131876300
instanceKlass org/eclipse/aether/named/providers/LocalSemaphoreNamedLockFactory$$FastClassByGuice$$130627081
instanceKlass org/eclipse/aether/named/providers/LocalReadWriteLockNamedLockFactory$$FastClassByGuice$$129189075
instanceKlass org/eclipse/aether/named/providers/FileLockNamedLockFactory$$FastClassByGuice$$128049177
instanceKlass org/eclipse/aether/internal/impl/synccontext/named/providers/StaticNameMapperProvider$$FastClassByGuice$$127587815
instanceKlass org/eclipse/aether/internal/impl/synccontext/named/providers/GAVNameMapperProvider$$FastClassByGuice$$126050076
instanceKlass org/eclipse/aether/internal/impl/synccontext/named/providers/GAECVNameMapperProvider$$FastClassByGuice$$125375045
instanceKlass org/eclipse/aether/internal/impl/synccontext/named/providers/FileStaticNameMapperProvider$$FastClassByGuice$$124321060
instanceKlass org/eclipse/aether/internal/impl/synccontext/named/providers/FileHashingGAVNameMapperProvider$$FastClassByGuice$$123140480
instanceKlass org/eclipse/aether/internal/impl/synccontext/named/providers/FileHashingGAECVNameMapperProvider$$FastClassByGuice$$122069258
instanceKlass org/eclipse/aether/internal/impl/synccontext/named/providers/FileGAVNameMapperProvider$$FastClassByGuice$$120883149
instanceKlass org/eclipse/aether/internal/impl/synccontext/named/providers/FileGAECVNameMapperProvider$$FastClassByGuice$$119598674
instanceKlass org/eclipse/aether/internal/impl/synccontext/named/providers/DiscriminatingNameMapperProvider$$FastClassByGuice$$118652538
instanceKlass org/eclipse/aether/internal/impl/synccontext/named/NamedLockFactoryAdapterFactoryImpl$$FastClassByGuice$$117936340
instanceKlass org/eclipse/aether/internal/impl/synccontext/legacy/DefaultSyncContextFactory$$FastClassByGuice$$117139216
instanceKlass org/eclipse/aether/internal/impl/synccontext/DefaultSyncContextFactory$$FastClassByGuice$$116311377
instanceKlass org/eclipse/aether/internal/impl/slf4j/Slf4jLoggerFactory$$FastClassByGuice$$115033431
instanceKlass org/eclipse/aether/internal/impl/resolution/TrustedChecksumsArtifactResolverPostProcessor$$FastClassByGuice$$113367913
instanceKlass org/eclipse/aether/internal/impl/filter/PrefixesRemoteRepositoryFilterSource$$FastClassByGuice$$113018087
instanceKlass org/eclipse/aether/internal/impl/filter/GroupIdRemoteRepositoryFilterSource$$FastClassByGuice$$111730551
instanceKlass org/eclipse/aether/internal/impl/filter/DefaultRemoteRepositoryFilterManager$$FastClassByGuice$$111076418
instanceKlass org/eclipse/aether/internal/impl/collect/df/DfDependencyCollector$$FastClassByGuice$$109756439
instanceKlass org/eclipse/aether/internal/impl/collect/bf/BfDependencyCollector$$FastClassByGuice$$108622523
instanceKlass org/eclipse/aether/internal/impl/collect/DefaultDependencyCollector$$FastClassByGuice$$107926598
instanceKlass org/eclipse/aether/internal/impl/checksum/TrustedToProvidedChecksumsSourceAdapter$$FastClassByGuice$$105947751
instanceKlass org/eclipse/aether/internal/impl/checksum/SummaryFileTrustedChecksumsSource$$FastClassByGuice$$105454814
instanceKlass org/eclipse/aether/internal/impl/checksum/SparseDirectoryTrustedChecksumsSource$$FastClassByGuice$$104316774
instanceKlass org/eclipse/aether/internal/impl/checksum/Sha512ChecksumAlgorithmFactory$$FastClassByGuice$$103211523
instanceKlass org/eclipse/aether/internal/impl/checksum/Sha256ChecksumAlgorithmFactory$$FastClassByGuice$$102211396
instanceKlass org/eclipse/aether/internal/impl/checksum/Sha1ChecksumAlgorithmFactory$$FastClassByGuice$$101391777
instanceKlass  @bci com/google/inject/internal/aop/ImmutableStringTrie buildTrie (Ljava/util/Collection;)Ljava/util/function/ToIntFunction; 38 <appendix> argL0 ; # com/google/inject/internal/aop/ImmutableStringTrie$$Lambda+0x000002229051a760
instanceKlass org/eclipse/aether/internal/impl/checksum/Md5ChecksumAlgorithmFactory$$FastClassByGuice$$100500557
instanceKlass org/eclipse/aether/internal/impl/checksum/DefaultChecksumAlgorithmFactorySelector$$FastClassByGuice$$99563708
instanceKlass org/eclipse/aether/internal/impl/SimpleLocalRepositoryManagerFactory$$FastClassByGuice$$98223810
instanceKlass org/eclipse/aether/internal/impl/Maven2RepositoryLayoutFactory$$FastClassByGuice$$96609771
instanceKlass org/eclipse/aether/internal/impl/LoggerFactoryProvider$$FastClassByGuice$$95819002
instanceKlass org/eclipse/aether/internal/impl/EnhancedLocalRepositoryManagerFactory$$FastClassByGuice$$94635910
instanceKlass org/eclipse/aether/internal/impl/DefaultUpdatePolicyAnalyzer$$FastClassByGuice$$94354095
instanceKlass org/eclipse/aether/internal/impl/DefaultUpdateCheckManager$$FastClassByGuice$$92648172
instanceKlass org/eclipse/aether/internal/impl/DefaultTransporterProvider$$FastClassByGuice$$92156780
instanceKlass org/eclipse/aether/internal/impl/DefaultTrackingFileManager$$FastClassByGuice$$90377006
instanceKlass org/eclipse/aether/internal/impl/DefaultRepositorySystemLifecycle$$FastClassByGuice$$89550054
instanceKlass org/eclipse/aether/internal/impl/DefaultRepositorySystem$$FastClassByGuice$$88332055
instanceKlass org/eclipse/aether/internal/impl/DefaultRepositoryLayoutProvider$$FastClassByGuice$$87849088
instanceKlass org/eclipse/aether/internal/impl/DefaultRepositoryEventDispatcher$$FastClassByGuice$$86934309
instanceKlass org/eclipse/aether/internal/impl/DefaultRepositoryConnectorProvider$$FastClassByGuice$$85781056
instanceKlass org/eclipse/aether/internal/impl/DefaultRemoteRepositoryManager$$FastClassByGuice$$84608974
instanceKlass org/eclipse/aether/internal/impl/DefaultOfflineController$$FastClassByGuice$$83374777
instanceKlass org/eclipse/aether/internal/impl/DefaultMetadataResolver$$FastClassByGuice$$82515556
instanceKlass org/eclipse/aether/internal/impl/DefaultLocalRepositoryProvider$$FastClassByGuice$$81213217
instanceKlass org/eclipse/aether/internal/impl/DefaultLocalPathPrefixComposerFactory$$FastClassByGuice$$80159321
instanceKlass org/eclipse/aether/internal/impl/DefaultLocalPathComposer$$FastClassByGuice$$78976927
instanceKlass org/eclipse/aether/internal/impl/DefaultInstaller$$FastClassByGuice$$78296088
instanceKlass org/eclipse/aether/internal/impl/DefaultFileProcessor$$FastClassByGuice$$77120836
instanceKlass org/eclipse/aether/internal/impl/DefaultDeployer$$FastClassByGuice$$76474478
instanceKlass org/eclipse/aether/internal/impl/DefaultChecksumPolicyProvider$$FastClassByGuice$$75142440
instanceKlass org/eclipse/aether/internal/impl/DefaultArtifactResolver$$FastClassByGuice$$73436123
instanceKlass org/eclipse/aether/connector/basic/BasicRepositoryConnectorFactory$$FastClassByGuice$$72885968
instanceKlass org/apache/maven/model/validation/DefaultModelValidator$$FastClassByGuice$$72099132
instanceKlass org/apache/maven/model/superpom/DefaultSuperPomProvider$$FastClassByGuice$$71275919
instanceKlass org/apache/maven/model/profile/activation/PropertyProfileActivator$$FastClassByGuice$$69616824
instanceKlass org/apache/maven/model/profile/activation/OperatingSystemProfileActivator$$FastClassByGuice$$68885872
instanceKlass org/apache/maven/model/profile/activation/JdkVersionProfileActivator$$FastClassByGuice$$67271589
instanceKlass org/apache/maven/model/profile/activation/FileProfileActivator$$FastClassByGuice$$66968823
instanceKlass org/apache/maven/model/profile/DefaultProfileSelector$$FastClassByGuice$$65464713
instanceKlass org/apache/maven/model/profile/DefaultProfileInjector$$FastClassByGuice$$64981005
instanceKlass org/apache/maven/model/plugin/DefaultReportingConverter$$FastClassByGuice$$63138623
instanceKlass org/apache/maven/model/plugin/DefaultReportConfigurationExpander$$FastClassByGuice$$62310100
instanceKlass org/apache/maven/model/plugin/DefaultPluginConfigurationExpander$$FastClassByGuice$$61798622
instanceKlass org/apache/maven/model/path/ProfileActivationFilePathInterpolator$$FastClassByGuice$$60381886
instanceKlass org/apache/maven/model/path/DefaultUrlNormalizer$$FastClassByGuice$$59633865
instanceKlass org/apache/maven/model/path/DefaultPathTranslator$$FastClassByGuice$$58165658
instanceKlass org/apache/maven/model/path/DefaultModelUrlNormalizer$$FastClassByGuice$$57336164
instanceKlass org/apache/maven/model/path/DefaultModelPathTranslator$$FastClassByGuice$$55638833
instanceKlass org/apache/maven/model/normalization/DefaultModelNormalizer$$FastClassByGuice$$54715691
instanceKlass org/apache/maven/model/management/DefaultPluginManagementInjector$$FastClassByGuice$$53947120
instanceKlass org/apache/maven/model/management/DefaultDependencyManagementInjector$$FastClassByGuice$$52590366
instanceKlass org/apache/maven/model/locator/DefaultModelLocator$$FastClassByGuice$$51573300
instanceKlass org/apache/maven/model/io/DefaultModelWriter$$FastClassByGuice$$51101160
instanceKlass org/apache/maven/model/io/DefaultModelReader$$FastClassByGuice$$49662510
instanceKlass org/apache/maven/model/interpolation/StringVisitorModelInterpolator$$FastClassByGuice$$48326353
instanceKlass org/apache/maven/model/interpolation/DefaultModelVersionProcessor$$FastClassByGuice$$48099616
instanceKlass org/apache/maven/model/inheritance/DefaultInheritanceAssembler$$FastClassByGuice$$46148347
instanceKlass org/apache/maven/model/composition/DefaultDependencyManagementImporter$$FastClassByGuice$$45224471
instanceKlass org/apache/maven/model/building/DefaultModelProcessor$$FastClassByGuice$$44755716
instanceKlass org/apache/maven/model/building/DefaultModelBuilder$$FastClassByGuice$$43801248
instanceKlass org/apache/maven/cli/internal/BootstrapCoreExtensionManager$$FastClassByGuice$$41970305
instanceKlass org/apache/maven/cli/configuration/SettingsXmlConfigurationProcessor$$FastClassByGuice$$41779481
instanceKlass org/apache/maven/toolchain/io/DefaultToolchainsWriter$$FastClassByGuice$$40504278
instanceKlass org/apache/maven/toolchain/io/DefaultToolchainsReader$$FastClassByGuice$$39591838
instanceKlass org/apache/maven/toolchain/building/DefaultToolchainsBuilder$$FastClassByGuice$$38296752
instanceKlass org/apache/maven/plugin/internal/ReadOnlyPluginParametersValidator$$FastClassByGuice$$37107920
instanceKlass org/apache/maven/plugin/internal/PlexusContainerDefaultDependenciesValidator$$FastClassByGuice$$36332708
instanceKlass org/apache/maven/plugin/internal/MavenScopeDependenciesValidator$$FastClassByGuice$$35472238
instanceKlass org/apache/maven/plugin/internal/MavenPluginMavenPrerequisiteChecker$$FastClassByGuice$$34315783
instanceKlass org/apache/maven/plugin/internal/MavenPluginJavaPrerequisiteChecker$$FastClassByGuice$$32890981
instanceKlass org/apache/maven/plugin/internal/MavenMixedDependenciesValidator$$FastClassByGuice$$31976472
instanceKlass org/apache/maven/plugin/internal/Maven3CompatDependenciesValidator$$FastClassByGuice$$30507087
instanceKlass org/apache/maven/plugin/internal/Maven2DependenciesValidator$$FastClassByGuice$$29496879
instanceKlass org/apache/maven/plugin/internal/DeprecatedPluginValidator$$FastClassByGuice$$28572289
instanceKlass org/apache/maven/plugin/internal/DeprecatedCoreExpressionValidator$$FastClassByGuice$$27333749
instanceKlass org/apache/maven/plugin/internal/DefaultPluginValidationManager$$FastClassByGuice$$27126908
instanceKlass org/apache/maven/plugin/DefaultMojosExecutionStrategy$$FastClassByGuice$$25542397
instanceKlass org/apache/maven/lifecycle/internal/LifecycleDependencyResolver$$FastClassByGuice$$24787322
instanceKlass org/apache/maven/lifecycle/internal/DefaultProjectArtifactFactory$$FastClassByGuice$$23758400
instanceKlass org/apache/maven/internal/secdispatcher/SecDispatcherProvider$$FastClassByGuice$$22384266
instanceKlass org/apache/maven/internal/aether/ResolverLifecycle$$FastClassByGuice$$21997671
instanceKlass com/google/inject/internal/InjectorImpl$SyntheticProviderBindingImpl$1
instanceKlass com/google/inject/internal/InjectorImpl$1
instanceKlass org/apache/maven/internal/aether/DefaultRepositorySystemSessionFactory$$FastClassByGuice$$20133085
instanceKlass com/google/inject/internal/SingleFieldInjector
instanceKlass org/apache/maven/extension/internal/CoreExportsProvider$$FastClassByGuice$$19396470
instanceKlass org/apache/maven/execution/DefaultMavenExecutionRequestPopulator$$FastClassByGuice$$18060305
instanceKlass org/apache/maven/classrealm/DefaultClassRealmManager$$FastClassByGuice$$17657818
instanceKlass org/apache/maven/ReactorReader$$FastClassByGuice$$16207053
instanceKlass org/apache/maven/DefaultArtifactFilterManager$$FastClassByGuice$$15539417
instanceKlass com/google/inject/internal/SingleParameterInjector
instanceKlass org/eclipse/m2e/internal/maven/listener/M2EMavenBuildDataBridge$$FastClassByGuice$$14240640
instanceKlass org/apache/maven/lifecycle/internal/MojoDescriptorCreator$$FastClassByGuice$$13622802
instanceKlass org/apache/maven/lifecycle/Lifecycle$$FastClassByGuice$$12084656
instanceKlass org/eclipse/sisu/plexus/PlexusConfigurations$ConfigurationProvider
instanceKlass org/apache/maven/lifecycle/DefaultLifecycles$$FastClassByGuice$$11050142
instanceKlass org/apache/maven/lifecycle/internal/LifecycleModuleBuilder$$FastClassByGuice$$9628257
instanceKlass org/apache/maven/lifecycle/internal/builder/BuilderCommon$$FastClassByGuice$$8500590
instanceKlass org/apache/maven/lifecycle/internal/BuildListCalculator$$FastClassByGuice$$7850563
instanceKlass org/apache/maven/lifecycle/internal/LifecycleStarter$$FastClassByGuice$$7018875
instanceKlass org/apache/maven/eventspy/internal/EventSpyDispatcher$$FastClassByGuice$$5248838
instanceKlass org/eclipse/sisu/bean/BeanPropertySetter
instanceKlass org/eclipse/sisu/PreDestroy
instanceKlass org/eclipse/sisu/PostConstruct
instanceKlass org/apache/maven/lifecycle/internal/LifecyclePluginResolver$$FastClassByGuice$$4410966
instanceKlass org/apache/maven/bridge/MavenRepositorySystem$$FastClassByGuice$$3845990
instanceKlass org/apache/maven/lifecycle/internal/MojoExecutor$$FastClassByGuice$$2735168
instanceKlass org/apache/maven/lifecycle/internal/LifecycleDebugLogger$$FastClassByGuice$$1770409
instanceKlass com/google/inject/internal/ProxyFactory
instanceKlass  @bci com/google/inject/internal/ConstructorInjectorStore createConstructor (Lcom/google/inject/spi/InjectionPoint;Lcom/google/inject/internal/Errors;)Lcom/google/inject/internal/ConstructorInjector; 62 <appendix> argL0 ; # com/google/inject/internal/ConstructorInjectorStore$$Lambda+0x000002229050b698
instanceKlass com/google/inject/spi/InterceptorBinding
instanceKlass com/google/inject/internal/MethodAspect
instanceKlass com/google/inject/internal/MembersInjectorImpl
instanceKlass org/eclipse/sisu/bean/BeanInjector
instanceKlass org/eclipse/sisu/plexus/PlexusLifecycleManager$2
instanceKlass org/eclipse/sisu/bean/PropertyBinder$1
instanceKlass org/eclipse/sisu/plexus/ProvidedPropertyBinding
instanceKlass org/eclipse/sisu/plexus/PlexusRequirements$AbstractRequirementProvider
instanceKlass org/eclipse/sisu/bean/BeanPropertyField
instanceKlass org/eclipse/sisu/bean/DeclaredMembers$MemberIterator
instanceKlass org/eclipse/sisu/bean/BeanPropertyIterator
instanceKlass org/eclipse/sisu/bean/DeclaredMembers
instanceKlass org/eclipse/sisu/bean/IgnoreSetters
instanceKlass org/eclipse/sisu/bean/BeanProperties
instanceKlass org/eclipse/sisu/plexus/PlexusRequirements
instanceKlass org/eclipse/sisu/plexus/PlexusConfigurations
instanceKlass org/eclipse/sisu/plexus/PlexusPropertyBinder
instanceKlass org/eclipse/sisu/bean/BeanLifecycle
instanceKlass com/google/inject/internal/EncounterImpl
instanceKlass  @bci com/google/inject/internal/AbstractBindingProcessor$Processor scheduleInitialization (Lcom/google/inject/internal/BindingImpl;)V 9 <appendix> member <vmtarget> ; # com/google/inject/internal/AbstractBindingProcessor$Processor$$Lambda+0x0000022290506a70
instanceKlass  @bci org/apache/maven/session/scope/internal/SessionScope scope (Lcom/google/inject/Key;Lcom/google/inject/Provider;)Lcom/google/inject/Provider; 3 <appendix> member <vmtarget> ; # org/apache/maven/session/scope/internal/SessionScope$$Lambda+0x0000022290506830
instanceKlass org/apache/maven/execution/scope/internal/MojoExecutionScope$2
instanceKlass com/google/inject/internal/ProviderInternalFactory
instanceKlass com/google/inject/internal/InternalProviderInstanceBindingImpl$Factory
instanceKlass com/google/inject/internal/FactoryProxy
instanceKlass com/google/inject/internal/InternalFactoryToProviderAdapter
instanceKlass com/google/inject/internal/ConstructionContext
instanceKlass com/google/inject/internal/SingletonScope$1
instanceKlass com/google/inject/internal/ProviderToInternalFactoryAdapter
instanceKlass com/google/inject/internal/CycleDetectingLock$CycleDetectingLockFactory$ReentrantCycleDetectingLock
instanceKlass com/google/inject/internal/Initializer$InjectableReference
instanceKlass com/google/inject/internal/ProvisionListenerStackCallback
instanceKlass com/google/inject/internal/ProvisionListenerCallbackStore$KeyBinding
instanceKlass com/google/inject/internal/util/Classes
instanceKlass com/google/inject/spi/ExposedBinding
instanceKlass com/google/inject/internal/CreationListener
instanceKlass com/google/inject/internal/InjectorShell$LoggerFactory
instanceKlass com/google/inject/internal/InjectorShell$InjectorFactory
instanceKlass com/google/inject/internal/Initializables$1
instanceKlass com/google/inject/internal/Initializables
instanceKlass com/google/inject/internal/ConstantFactory
instanceKlass com/google/inject/internal/InjectorShell
instanceKlass com/google/inject/internal/ProvisionListenerCallbackStore
instanceKlass com/google/inject/internal/SingleMemberInjector
instanceKlass com/google/inject/spi/TypeEncounter
instanceKlass com/google/inject/internal/MembersInjectorStore
instanceKlass com/google/inject/internal/TypeConverterBindingProcessor$4
instanceKlass com/google/inject/internal/TypeConverterBindingProcessor$2
instanceKlass com/google/inject/internal/TypeConverterBindingProcessor$1
instanceKlass com/google/inject/internal/TypeConverterBindingProcessor$5
instanceKlass com/google/inject/internal/FailableCache
instanceKlass com/google/inject/internal/ConstructorInjectorStore
instanceKlass com/google/inject/internal/DeferredLookups
instanceKlass com/google/inject/spi/ProviderBinding
instanceKlass com/google/inject/spi/ConvertedConstantBinding
instanceKlass com/google/inject/internal/InjectorImpl
instanceKlass com/google/inject/internal/Lookups
instanceKlass com/google/inject/internal/InjectorImpl$InjectorOptions
instanceKlass  @bci com/google/inject/internal/AbstractProcessor process (Lcom/google/inject/internal/InjectorImpl;Ljava/util/List;)V 13 <appendix> member <vmtarget> ; # com/google/inject/internal/AbstractProcessor$$Lambda+0x00000222904fd4d8
instanceKlass  @bci com/google/inject/spi/BindingSourceRestriction check (Lcom/google/inject/internal/GuiceInternal;Ljava/util/List;)Lcom/google/common/collect/ImmutableList; 11 <appendix> argL0 ; # com/google/inject/spi/BindingSourceRestriction$$Lambda+0x00000222904fcbf0
instanceKlass com/google/inject/internal/ProvisionListenerStackCallback$ProvisionCallback
instanceKlass com/google/inject/internal/ConstructorInjector
instanceKlass com/google/inject/internal/DefaultConstructionProxyFactory$FastClassProxy
instanceKlass  @bci com/google/inject/internal/aop/AbstractGlueGenerator lambda$bindSignaturesToInvokers$0 (Ljava/lang/invoke/MethodHandle;Ljava/util/function/ToIntFunction;Ljava/lang/String;)Ljava/util/function/BiFunction; 8 <adapter> ; # java/lang/invoke/LambdaForm$MH+0x00000222904fb400
instanceKlass  @bci com/google/inject/internal/aop/AbstractGlueGenerator bindSignaturesToInvokers (Ljava/util/function/ToIntFunction;Ljava/lang/invoke/MethodHandle;)Ljava/util/function/Function; 13 <appendix> member <vmtarget> ; # com/google/inject/internal/aop/AbstractGlueGenerator$$Lambda+0x00000222904f7cf8
instanceKlass com/google/inject/internal/aop/ImmutableStringTrie
instanceKlass org/apache/maven/plugin/internal/DefaultPluginDependenciesResolver$$FastClassByGuice$$596548
instanceKlass com/google/inject/internal/aop/GeneratedClassDefiner
# instanceKlass java/lang/ClassLoader$$DefineAccessByGuice$$+0x00000222904fb000
instanceKlass jdk/internal/org/objectweb/asm/ClassReader
# instanceKlass java/lang/invoke/LambdaForm$MH+0x00000222904fac00
# instanceKlass java/lang/invoke/LambdaForm$MH+0x00000222904fa800
# instanceKlass java/lang/invoke/LambdaForm$MH+0x00000222904fa400
# instanceKlass java/lang/invoke/LambdaForm$MH+0x00000222904fa000
# instanceKlass java/lang/invoke/LambdaForm$MH+0x00000222904f9c00
# instanceKlass java/lang/invoke/LambdaForm$MH+0x00000222904f9800
# instanceKlass java/lang/invoke/LambdaForm$MH+0x00000222904f9400
# instanceKlass java/lang/invoke/LambdaForm$DMH+0x00000222904f9000
instanceKlass  @bci com/google/inject/internal/aop/UnsafeClassDefiner$ClassLoaderDefineClassHolder <clinit> ()V 0 <appendix> argL0 ; # com/google/inject/internal/aop/UnsafeClassDefiner$ClassLoaderDefineClassHolder$$Lambda+0x00000222904f7458
instanceKlass com/google/inject/internal/aop/UnsafeClassDefiner$ClassLoaderDefineClassHolder
instanceKlass com/google/inject/internal/aop/BytecodeTasks
instanceKlass  @bci com/google/inject/internal/aop/AbstractGlueGenerator generateTrampoline (Lorg/objectweb/asm/ClassWriter;Ljava/util/Collection;)V 30 <appendix> argL0 ; # com/google/inject/internal/aop/AbstractGlueGenerator$$Lambda+0x00000222904f6e28
instanceKlass org/objectweb/asm/Handle
instanceKlass org/objectweb/asm/Label
instanceKlass com/google/inject/internal/aop/AbstractGlueGenerator
instanceKlass  @bci com/google/inject/internal/aop/ClassBuilding buildFastClass (Ljava/lang/Class;)Ljava/util/function/Function; 20 <appendix> member <vmtarget> ; # com/google/inject/internal/aop/ClassBuilding$$Lambda+0x00000222904f5f10
instanceKlass  @bci com/google/inject/internal/aop/ClassBuilding buildFastClass (Ljava/lang/Class;)Ljava/util/function/Function; 10 <appendix> member <vmtarget> ; # com/google/inject/internal/aop/ClassBuilding$$Lambda+0x00000222904f5cd8
instanceKlass org/objectweb/asm/Type
# instanceKlass java/lang/invoke/LambdaForm$MH+0x00000222904f8c00
# instanceKlass java/lang/invoke/LambdaForm$MH+0x00000222904f8800
# instanceKlass java/lang/invoke/LambdaForm$MH+0x00000222904f8400
instanceKlass  @bci com/google/inject/internal/aop/UnsafeClassDefiner <clinit> ()V 29 <appendix> argL0 ; # com/google/inject/internal/aop/UnsafeClassDefiner$$Lambda+0x00000222904f58a8
instanceKlass com/google/inject/internal/aop/HiddenClassDefiner
instanceKlass sun/misc/Unsafe
instanceKlass  @bci com/google/inject/internal/aop/UnsafeClassDefiner <clinit> ()V 11 <appendix> argL0 ; # com/google/inject/internal/aop/UnsafeClassDefiner$$Lambda+0x00000222904f5468
instanceKlass com/google/inject/internal/aop/AnonymousClassDefiner
instanceKlass com/google/inject/internal/aop/UnsafeClassDefiner
instanceKlass com/google/inject/internal/aop/ClassDefining$ClassDefinerHolder
instanceKlass com/google/inject/internal/aop/ClassDefiner
instanceKlass com/google/inject/internal/aop/ClassDefining
instanceKlass  @bci com/google/inject/internal/aop/ClassBuilding getOverridableObjectMethods ()[Ljava/lang/reflect/Method; 15 <appendix> member <vmtarget> ; # com/google/inject/internal/aop/ClassBuilding$$Lambda+0x00000222904f47e0
instanceKlass  @cpi org/eclipse/core/internal/content/ContentTypeManager$DebuggingHolder 59 form vmentry <vmtarget> ; # java/lang/invoke/LambdaForm$DMH+0x00000222904f8000
instanceKlass  @bci com/google/inject/internal/BytecodeGen <clinit> ()V 25 <appendix> argL0 ; # com/google/inject/internal/BytecodeGen$$Lambda+0x00000222904f4580
instanceKlass com/google/inject/internal/BytecodeGen$EnhancerBuilder
instanceKlass com/google/inject/internal/aop/ClassBuilding
instanceKlass com/google/common/collect/MapMakerInternalMap$StrongValueEntry
instanceKlass com/google/common/collect/MapMakerInternalMap$WeakKeyStrongValueEntry$Helper
instanceKlass com/google/common/collect/MapMakerInternalMap$InternalEntry
instanceKlass com/google/common/collect/MapMakerInternalMap$1
instanceKlass com/google/common/collect/MapMakerInternalMap$InternalEntryHelper
instanceKlass com/google/common/collect/MapMakerInternalMap$WeakValueReference
instanceKlass com/google/common/collect/MapMaker
instanceKlass com/google/inject/internal/BytecodeGen
instanceKlass com/google/inject/internal/ConstructionProxy
instanceKlass com/google/inject/internal/DefaultConstructionProxyFactory
instanceKlass com/google/inject/internal/ConstructionProxyFactory
instanceKlass com/google/inject/internal/ConstructorBindingImpl$Factory
instanceKlass org/eclipse/sisu/inject/TypeArguments$Implicit
instanceKlass org/eclipse/sisu/wire/BeanProviders$4
instanceKlass org/eclipse/sisu/wire/BeanProviders$6
instanceKlass org/eclipse/sisu/wire/BeanProviders$3
instanceKlass org/sonatype/inject/BeanEntry
instanceKlass org/eclipse/sisu/BeanEntry
instanceKlass org/eclipse/sisu/wire/PlaceholderBeanProvider
instanceKlass org/eclipse/sisu/wire/BeanProviders$7
instanceKlass org/eclipse/sisu/wire/BeanProviders$1
instanceKlass com/google/inject/spi/ProviderLookup$1
instanceKlass com/google/inject/spi/ProviderWithDependencies
instanceKlass com/google/inject/spi/ProviderLookup
instanceKlass org/eclipse/sisu/wire/BeanProviders
instanceKlass org/eclipse/sisu/inject/HiddenSource
instanceKlass org/eclipse/sisu/wire/LocatorWiring
instanceKlass com/google/inject/ProvidedBy
instanceKlass com/google/inject/ImplementedBy
instanceKlass org/eclipse/equinox/internal/app/EclipseAppHandle$1
instanceKlass  @bci org/eclipse/equinox/internal/app/EclipseAppHandle getStartupMonitors ()[Lorg/osgi/framework/ServiceReference; 34 <appendix> argL0 ; # org/eclipse/equinox/internal/app/EclipseAppHandle$$Lambda+0x0000022290184a50
instanceKlass org/sonatype/plexus/components/sec/dispatcher/model/SettingsSecurity
instanceKlass org/sonatype/plexus/components/cipher/PBECipher
instanceKlass org/codehaus/classworlds/ClassRealm
instanceKlass org/apache/maven/settings/crypto/SettingsDecryptionResult
instanceKlass org/apache/maven/settings/building/DefaultSettingsProblemCollector
instanceKlass org/apache/maven/settings/merge/MavenSettingsMerger
instanceKlass org/apache/maven/settings/building/SettingsBuildingResult
instanceKlass org/apache/maven/settings/building/SettingsProblemCollector
instanceKlass org/eclipse/aether/impl/MetadataGenerator
instanceKlass org/apache/maven/model/Relocation
instanceKlass org/apache/maven/repository/internal/ArtifactDescriptorReaderDelegate
instanceKlass org/eclipse/aether/named/support/AdaptedSemaphoreNamedLock$AdaptedSemaphore
instanceKlass org/eclipse/aether/named/support/NamedLockSupport
instanceKlass org/eclipse/aether/named/support/NamedLockFactorySupport$NamedLockHolder
instanceKlass org/eclipse/aether/named/NamedLock
instanceKlass org/eclipse/aether/internal/impl/synccontext/named/NamedLockFactoryAdapter
instanceKlass org/eclipse/aether/spi/log/Logger
instanceKlass org/eclipse/aether/internal/impl/filter/PrefixesRemoteRepositoryFilterSource$Node
instanceKlass org/eclipse/aether/spi/connector/filter/RemoteRepositoryFilter$Result
instanceKlass org/eclipse/aether/spi/connector/filter/RemoteRepositoryFilter
instanceKlass org/eclipse/aether/collection/DependencyTraverser
instanceKlass org/eclipse/aether/collection/DependencyManager
instanceKlass org/eclipse/aether/internal/impl/collect/df/DfDependencyCollector$Args
instanceKlass org/eclipse/aether/internal/impl/collect/bf/BfDependencyCollector$DescriptorResolutionResult
instanceKlass org/eclipse/aether/internal/impl/collect/bf/BfDependencyCollector$Args
instanceKlass org/eclipse/aether/internal/impl/collect/bf/DependencyProcessingContext
instanceKlass org/eclipse/aether/internal/impl/collect/bf/DependencyResolutionSkipper
instanceKlass org/eclipse/aether/collection/VersionFilter
instanceKlass org/eclipse/aether/internal/impl/collect/DependencyCollectorDelegate$Results
instanceKlass org/eclipse/aether/internal/impl/collect/DefaultVersionFilterContext
instanceKlass org/eclipse/aether/internal/impl/collect/DefaultDependencyCollectionContext
instanceKlass org/eclipse/aether/collection/DependencyCollectionContext
instanceKlass org/eclipse/aether/graph/DefaultDependencyNode
instanceKlass org/eclipse/aether/version/Version
instanceKlass org/eclipse/aether/internal/impl/collect/PremanagedDependency
instanceKlass org/eclipse/core/runtime/jobs/IJobStatus
instanceKlass org/eclipse/aether/internal/impl/collect/DataPool
instanceKlass  @bci org/eclipse/core/internal/jobs/JobManager reportBlocked (Lorg/eclipse/core/runtime/IProgressMonitor;Ljava/util/Collection;)V 6 <appendix> argL0 ; # org/eclipse/core/internal/jobs/JobManager$$Lambda+0x000002229022b5f0
instanceKlass org/eclipse/aether/collection/DependencyGraphTransformationContext
instanceKlass org/eclipse/aether/collection/VersionFilter$VersionFilterContext
instanceKlass org/eclipse/lsp4j/ServerInfo
instanceKlass org/eclipse/aether/spi/connector/Transfer
instanceKlass org/eclipse/jdt/ls/core/internal/handlers/BaseInitHandler
instanceKlass org/eclipse/aether/internal/impl/checksum/SummaryFileTrustedChecksumsSource$SummaryFileWriter
instanceKlass org/eclipse/aether/internal/impl/checksum/SparseDirectoryTrustedChecksumsSource$SparseDirectoryWriter
instanceKlass org/eclipse/aether/spi/checksums/TrustedChecksumsSource$Writer
instanceKlass org/eclipse/aether/spi/connector/checksum/ChecksumAlgorithm
instanceKlass com/google/gson/internal/bind/JsonElementTypeAdapter$1
instanceKlass org/eclipse/aether/impl/UpdateCheck
instanceKlass org/eclipse/lsp4j/jsonrpc/util/Preconditions
instanceKlass org/eclipse/aether/spi/connector/transport/Transporter
instanceKlass org/eclipse/aether/collection/CollectResult
instanceKlass org/eclipse/aether/collection/CollectRequest
instanceKlass org/eclipse/aether/resolution/DependencyResult
instanceKlass org/eclipse/aether/resolution/DependencyRequest
instanceKlass org/eclipse/aether/resolution/ArtifactDescriptorRequest
instanceKlass org/eclipse/aether/resolution/VersionRequest
instanceKlass org/eclipse/lsp4j/jsonrpc/json/adapters/JsonElementTypeAdapter$Factory
instanceKlass org/eclipse/lsp4j/StaleRequestCapabilities
instanceKlass org/eclipse/aether/resolution/VersionRangeResult
instanceKlass org/eclipse/lsp4j/MarkdownCapabilities
instanceKlass org/eclipse/aether/resolution/VersionRangeRequest
instanceKlass org/eclipse/lsp4j/RegularExpressionsCapabilities
instanceKlass org/eclipse/aether/spi/connector/layout/RepositoryLayout
instanceKlass  @bci org/eclipse/core/internal/jobs/JobManager wakeUp (Lorg/eclipse/core/internal/jobs/InternalJob;J)V 23 <appendix> member <vmtarget> ; # org/eclipse/core/internal/jobs/JobManager$$Lambda+0x000002229022af18
instanceKlass org/eclipse/lsp4j/WindowShowMessageRequestActionItemCapabilities
instanceKlass org/eclipse/jdt/ls/core/internal/JobHelpers$ProjectRegistryRefreshJobMatcher
instanceKlass org/eclipse/jdt/ls/core/internal/JobHelpers$IJobMatcher
instanceKlass org/eclipse/lsp4j/ShowDocumentCapabilities
instanceKlass org/eclipse/lsp4j/WindowShowMessageRequestCapabilities
instanceKlass org/eclipse/jdt/ls/core/internal/JobHelpers
instanceKlass org/eclipse/aether/repository/LocalRepository
instanceKlass org/eclipse/lsp4j/InlayHintResolveSupportCapabilities
instanceKlass org/eclipse/aether/internal/impl/LocalPathPrefixComposer
instanceKlass org/eclipse/aether/transform/FileTransformer
instanceKlass  @bci org/eclipse/buildship/core/internal/preferences/DefaultModelPersistence doLoadModel (Lorg/eclipse/core/resources/IProject;)Lorg/eclipse/buildship/core/internal/preferences/PersistentModel; 15 <appendix> member <vmtarget> ; # org/eclipse/buildship/core/internal/preferences/DefaultModelPersistence$$Lambda+0x000002229043fb78
instanceKlass org/eclipse/aether/installation/InstallResult
instanceKlass org/eclipse/lsp4j/SemanticTokensClientCapabilitiesRequestsFull
instanceKlass org/eclipse/buildship/core/internal/preferences/DefaultPersistentModel
instanceKlass org/eclipse/aether/installation/InstallRequest
instanceKlass org/eclipse/lsp4j/SemanticTokensClientCapabilitiesRequests
instanceKlass org/eclipse/aether/spi/io/FileProcessor$ProgressListener
instanceKlass  @bci java/util/regex/CharPredicates ctype (I)Ljava/util/regex/Pattern$CharPredicate; 1 <appendix> member <vmtarget> ; # java/util/regex/CharPredicates$$Lambda+0x00000222903d5920
instanceKlass org/eclipse/buildship/core/internal/util/gradle/GradleVersion
instanceKlass org/eclipse/lsp4j/FoldingRangeSupportCapabilities
instanceKlass org/eclipse/aether/repository/RepositoryPolicy
instanceKlass org/eclipse/lsp4j/FoldingRangeKindSupportCapabilities
instanceKlass org/eclipse/buildship/core/internal/preferences/PersistentModelConverter$18
instanceKlass org/eclipse/buildship/core/internal/preferences/PersistentModelConverter$17
instanceKlass org/eclipse/aether/internal/impl/DefaultDeployer$EventCatapult
instanceKlass org/eclipse/aether/deployment/DeployResult
instanceKlass org/eclipse/aether/deployment/DeployRequest
instanceKlass org/eclipse/buildship/core/internal/preferences/BuildCommandConverter
instanceKlass org/eclipse/lsp4j/jsonrpc/json/adapters/EitherTypeAdapter$EitherTypeArgument
instanceKlass org/eclipse/buildship/core/internal/preferences/PersistentModelConverter$16
instanceKlass org/eclipse/aether/transfer/TransferResource
instanceKlass com/google/common/base/Functions
instanceKlass org/eclipse/aether/spi/connector/checksum/ChecksumPolicy
instanceKlass org/eclipse/lsp4j/DiagnosticsTagSupport
instanceKlass org/eclipse/buildship/core/internal/preferences/PersistentModelConverter$15
instanceKlass org/eclipse/aether/resolution/VersionResult
instanceKlass org/eclipse/aether/repository/LocalArtifactResult
instanceKlass com/google/common/collect/NullnessCasts
instanceKlass org/eclipse/aether/resolution/ArtifactRequest
instanceKlass org/eclipse/buildship/core/internal/preferences/PersistentModelConverter$14
instanceKlass org/eclipse/aether/internal/impl/DefaultArtifactResolver$ResolutionGroup
instanceKlass org/eclipse/lsp4j/CodeLensResolveSupportCapabilities
instanceKlass org/eclipse/aether/SyncContext
instanceKlass org/eclipse/lsp4j/CodeActionKindCapabilities
instanceKlass org/eclipse/lsp4j/CodeActionTagSupportCapabilities
instanceKlass org/eclipse/aether/spi/locator/ServiceLocator
instanceKlass org/eclipse/lsp4j/CodeActionResolveSupportCapabilities
instanceKlass org/eclipse/aether/repository/RemoteRepository
instanceKlass org/eclipse/lsp4j/CodeActionLiteralSupportCapabilities
instanceKlass org/eclipse/aether/spi/connector/RepositoryConnector
instanceKlass org/apache/maven/model/validation/DefaultModelValidator$1ActivationFrame
instanceKlass org/apache/maven/model/profile/activation/JdkVersionProfileActivator$RangeValue
instanceKlass org/eclipse/lsp4j/ParameterInformationCapabilities
instanceKlass org/apache/maven/model/InputLocation
instanceKlass org/eclipse/lsp4j/SignatureInformationCapabilities
instanceKlass org/eclipse/lsp4j/CompletionItemInsertTextModeSupportCapabilities
instanceKlass org/eclipse/lsp4j/CompletionItemResolveSupportCapabilities
instanceKlass org/apache/maven/model/InputSource
instanceKlass org/eclipse/lsp4j/CompletionItemTagSupportCapabilities
instanceKlass org/apache/maven/model/interpolation/StringVisitorModelInterpolator$InnerInterpolator
instanceKlass org/eclipse/lsp4j/CompletionListCapabilities
instanceKlass org/apache/maven/model/building/ModelBuildingEventCatapult
instanceKlass org/apache/maven/model/building/ModelData
instanceKlass org/eclipse/lsp4j/CompletionItemCapabilities
instanceKlass org/apache/maven/model/ActivationOS
instanceKlass org/apache/maven/model/ActivationProperty
instanceKlass org/eclipse/lsp4j/CompletionItemKindCapabilities
instanceKlass org/apache/maven/model/ActivationFile
instanceKlass org/apache/maven/model/profile/DefaultProfileActivationContext
instanceKlass org/codehaus/plexus/interpolation/RegexBasedInterpolator
instanceKlass org/apache/maven/model/Activation
instanceKlass org/apache/maven/model/building/DefaultModelProblemCollector
instanceKlass org/apache/maven/model/building/ModelCacheTag
instanceKlass org/apache/maven/model/building/ModelBuildingEvent
instanceKlass org/eclipse/lsp4j/PublishDiagnosticsCapabilities
instanceKlass org/apache/maven/model/profile/ProfileActivationContext
instanceKlass org/apache/maven/model/building/ModelProblemCollectorExt
instanceKlass org/apache/maven/cli/internal/extension/model/CoreExtension
instanceKlass org/apache/maven/cli/CliRequest
instanceKlass org/apache/maven/building/ProblemCollector
instanceKlass org/apache/maven/toolchain/building/ToolchainsBuildingRequest
instanceKlass org/apache/maven/toolchain/merge/MavenToolchainMerger
instanceKlass org/codehaus/plexus/interpolation/InterpolationPostProcessor
instanceKlass org/apache/maven/toolchain/building/ToolchainsBuildingResult
instanceKlass org/eclipse/aether/graph/Dependency
instanceKlass org/eclipse/aether/resolution/ArtifactDescriptorResult
instanceKlass org/eclipse/lsp4j/FiltersCapabilities
instanceKlass org/apache/maven/plugin/internal/DefaultPluginValidationManager$PluginValidationIssues
instanceKlass org/eclipse/lsp4j/WorkspaceSymbolResolveSupportCapabilities
instanceKlass org/eclipse/lsp4j/SymbolTagSupportCapabilities
instanceKlass org/eclipse/lsp4j/SymbolKindCapabilities
instanceKlass org/sonatype/plexus/components/sec/dispatcher/PasswordDecryptor
instanceKlass com/google/inject/util/Types
instanceKlass  @bci org/eclipse/lsp4j/jsonrpc/json/adapters/CollectionTypeAdapter$Factory getConstructor (Ljava/lang/Class;)Ljava/util/function/Supplier; 62 <appendix> argL0 ; # org/eclipse/lsp4j/jsonrpc/json/adapters/CollectionTypeAdapter$Factory$$Lambda+0x00000222904c0ae0
instanceKlass org/eclipse/lsp4j/jsonrpc/json/adapters/TypeUtils$ParameterizedTypeImpl
instanceKlass org/eclipse/lsp4j/WorkspaceEditChangeAnnotationSupportCapabilities
instanceKlass org/eclipse/lsp4j/FoldingRangeWorkspaceCapabilities
instanceKlass org/eclipse/lsp4j/DiagnosticWorkspaceCapabilities
instanceKlass org/eclipse/lsp4j/InlineValueWorkspaceCapabilities
instanceKlass org/eclipse/sisu/Nullable
instanceKlass org/eclipse/lsp4j/InlayHintWorkspaceCapabilities
instanceKlass org/eclipse/aether/repository/AuthenticationSelector
instanceKlass org/eclipse/aether/repository/ProxySelector
instanceKlass org/eclipse/aether/repository/MirrorSelector
instanceKlass org/eclipse/aether/resolution/ResolutionErrorPolicy
instanceKlass org/eclipse/aether/repository/LocalRepositoryManager
instanceKlass org/apache/maven/classrealm/ClassRealmConstituent
instanceKlass org/eclipse/lsp4j/CodeLensWorkspaceCapabilities
instanceKlass org/eclipse/lsp4j/SemanticTokensWorkspaceCapabilities
instanceKlass org/eclipse/aether/repository/WorkspaceRepository
instanceKlass org/apache/maven/ArtifactFilterManagerDelegate
instanceKlass sun/reflect/generics/tree/VoidDescriptor
instanceKlass org/eclipse/lsp4j/DynamicRegistrationCapabilities
instanceKlass org/eclipse/m2e/internal/maven/listener/M2EMavenBuildDataBridge$MavenBuildConnection
instanceKlass org/eclipse/lsp4j/WorkspaceEditCapabilities
instanceKlass org/eclipse/m2e/internal/maven/listener/M2EMavenBuildDataBridge$MavenProjectBuildData
instanceKlass org/eclipse/lsp4j/GeneralClientCapabilities
instanceKlass org/eclipse/lsp4j/NotebookDocumentClientCapabilities
instanceKlass org/eclipse/lsp4j/WindowClientCapabilities
instanceKlass org/apache/maven/repository/legacy/resolver/conflict/OldestConflictResolver
instanceKlass org/eclipse/lsp4j/TextDocumentClientCapabilities
instanceKlass org/apache/maven/model/Reporting
instanceKlass org/eclipse/lsp4j/WorkspaceClientCapabilities
instanceKlass org/apache/maven/project/inheritance/DefaultModelInheritanceAssembler
instanceKlass org/eclipse/lsp4j/ClientCapabilities
instanceKlass com/google/gson/internal/bind/ReflectiveTypeAdapterFactory$FieldsData
instanceKlass org/apache/maven/lifecycle/internal/builder/singlethreaded/SingleThreadedBuilder
instanceKlass org/apache/maven/lifecycle/internal/builder/multithreaded/ConcurrencyDependencyGraph
instanceKlass org/eclipse/lsp4j/jsonrpc/validation/NonNull
instanceKlass com/google/gson/annotations/SerializedName
instanceKlass org/apache/maven/lifecycle/internal/builder/multithreaded/ThreadOutputMuxer
instanceKlass org/eclipse/lsp4j/ClientInfo
instanceKlass org/apache/maven/lifecycle/internal/ProjectSegment
instanceKlass com/google/gson/internal/Primitives
instanceKlass org/apache/maven/lifecycle/internal/ReactorBuildStatus
instanceKlass java/util/concurrent/CompletionService
instanceKlass org/apache/maven/lifecycle/internal/builder/multithreaded/MultiThreadedBuilder
instanceKlass  @bci com/google/gson/internal/ConstructorConstructor newDefaultConstructor (Ljava/lang/Class;Lcom/google/gson/ReflectionAccessFilter$FilterResult;)Lcom/google/gson/internal/ObjectConstructor; 134 <appendix> member <vmtarget> ; # com/google/gson/internal/ConstructorConstructor$$Lambda+0x00000222904aed90
instanceKlass org/apache/maven/artifact/repository/DefaultArtifactRepositoryFactory
instanceKlass org/eclipse/lsp4j/adapters/InitializeParamsTypeAdapter$Factory
instanceKlass com/google/gson/annotations/JsonAdapter
instanceKlass org/apache/maven/configuration/BeanConfigurationRequest
instanceKlass org/apache/maven/configuration/internal/DefaultBeanConfigurator
instanceKlass org/eclipse/lsp4j/jsonrpc/messages/Tuple$Two
instanceKlass org/eclipse/lsp4j/jsonrpc/messages/Tuple
instanceKlass org/apache/maven/project/path/DefaultPathTranslator
instanceKlass org/eclipse/lsp4j/jsonrpc/json/adapters/TypeUtils
instanceKlass  @bci java/util/regex/Pattern CIRange (II)Ljava/util/regex/Pattern$CharPredicate; 2 <appendix> member <vmtarget> ; # java/util/regex/Pattern$$Lambda+0x00000222903d48b0
instanceKlass  @bci java/util/regex/Pattern SingleI (II)Ljava/util/regex/Pattern$BmpCharPredicate; 2 <appendix> member <vmtarget> ; # java/util/regex/Pattern$$Lambda+0x00000222903d4620
instanceKlass java/time/format/Parsed
instanceKlass java/time/format/DateTimeParseContext
instanceKlass org/eclipse/jdt/ls/core/internal/LogReader$LogEntry
instanceKlass org/apache/maven/artifact/resolver/DefaultArtifactResolver
instanceKlass org/eclipse/jdt/ls/core/internal/LogReader$LogSession
instanceKlass org/apache/maven/execution/ExecutionEvent
instanceKlass org/apache/maven/lifecycle/internal/DefaultExecutionEventCatapult
instanceKlass sun/nio/ch/WindowsAsynchronousFileChannelImpl$ReadTask
instanceKlass sun/nio/ch/Iocp$ResultHandler
instanceKlass sun/nio/ch/PendingFuture
instanceKlass org/apache/maven/repository/legacy/resolver/DefaultLegacyArtifactCollector
instanceKlass org/eclipse/lsp4j/jsonrpc/json/StreamMessageProducer$Headers
instanceKlass org/apache/maven/plugin/version/internal/DefaultPluginVersionResolver$Versions
instanceKlass org/apache/maven/plugin/version/internal/DefaultPluginVersionResult
instanceKlass org/apache/maven/plugin/version/internal/DefaultPluginVersionResolver$Key
instanceKlass java/text/CalendarBuilder
instanceKlass org/apache/maven/plugin/version/PluginVersionResult
instanceKlass java/text/ParsePosition
instanceKlass org/apache/maven/plugin/version/internal/DefaultPluginVersionResolver
instanceKlass org/eclipse/jdt/ls/core/internal/LogReader
instanceKlass org/eclipse/lsp4j/jsonrpc/json/ConcurrentMessageProcessor$1
instanceKlass  @bci org/eclipse/jdt/ls/core/internal/handlers/WorkspaceEventsHandler <init> (Lorg/eclipse/jdt/ls/core/internal/managers/ProjectsManager;Lorg/eclipse/jdt/ls/core/internal/JavaClientConnection;Lorg/eclipse/jdt/ls/core/internal/handlers/BaseDocumentLifeCycleHandler;)V 35 <appendix> member <vmtarget> ; # org/eclipse/jdt/ls/core/internal/handlers/WorkspaceEventsHandler$$Lambda+0x00000222904b55c0
instanceKlass org/eclipse/jdt/ls/core/internal/handlers/WorkspaceEventsHandler
instanceKlass org/eclipse/jdt/core/manipulation/CoreASTProvider$WAIT_FLAG
instanceKlass org/apache/maven/project/validation/ModelValidationResult
instanceKlass org/eclipse/jdt/core/manipulation/CoreASTProvider
instanceKlass org/apache/maven/project/validation/DefaultModelValidator
instanceKlass org/eclipse/jdt/ls/core/internal/MovingAverage
instanceKlass org/apache/maven/repository/legacy/resolver/transform/DefaultArtifactTransformationManager
instanceKlass org/eclipse/jdt/ls/core/internal/handlers/BaseDiagnosticsHandler
instanceKlass org/apache/maven/exception/ExceptionSummary
instanceKlass org/apache/maven/exception/DefaultExceptionHandler
instanceKlass org/eclipse/jdt/core/IProblemRequestor
instanceKlass org/eclipse/lsp4j/jsonrpc/StandardLauncher
instanceKlass org/eclipse/lsp4j/jsonrpc/json/ConcurrentMessageProcessor
instanceKlass org/eclipse/lsp4j/jsonrpc/json/StreamMessageProducer
instanceKlass org/apache/maven/lifecycle/internal/DefaultLifecyclePluginAnalyzer$GoalSpec
instanceKlass org/apache/maven/lifecycle/mapping/LifecyclePhase
instanceKlass org/apache/maven/lifecycle/internal/DefaultLifecyclePluginAnalyzer
instanceKlass org/apache/maven/profiles/ProfilesRoot
instanceKlass org/apache/maven/repository/legacy/resolver/conflict/NewestConflictResolver
instanceKlass org/apache/maven/plugin/internal/DefaultLegacySupport
instanceKlass org/apache/maven/execution/ProjectDependencyGraph
instanceKlass org/apache/maven/graph/DefaultGraphBuilder
instanceKlass  @bci java/lang/reflect/Proxy getProxyConstructor (Ljava/lang/Class;Ljava/lang/ClassLoader;[Ljava/lang/Class;)Ljava/lang/reflect/Constructor; 80 <appendix> argL0 ; # java/lang/reflect/Proxy$$Lambda+0x00000222903d2fd0
instanceKlass  @bci org/eclipse/lsp4j/jsonrpc/services/EndpointProxy <init> (Lorg/eclipse/lsp4j/jsonrpc/Endpoint;Ljava/util/Collection;)V 197 <appendix> member <vmtarget> ; # org/eclipse/lsp4j/jsonrpc/services/EndpointProxy$$Lambda+0x00000222904aad10
instanceKlass  @bci org/eclipse/lsp4j/jsonrpc/services/EndpointProxy <init> (Lorg/eclipse/lsp4j/jsonrpc/Endpoint;Ljava/util/Collection;)V 178 <appendix> member <vmtarget> ; # org/eclipse/lsp4j/jsonrpc/services/EndpointProxy$$Lambda+0x00000222904aaad8
instanceKlass org/eclipse/lsp4j/jsonrpc/services/EndpointProxy
instanceKlass  @bci org/eclipse/lsp4j/jsonrpc/RemoteEndpoint <clinit> ()V 11 <appendix> argL0 ; # org/eclipse/lsp4j/jsonrpc/RemoteEndpoint$$Lambda+0x00000222904aa660
instanceKlass org/eclipse/lsp4j/jsonrpc/messages/ResponseError
instanceKlass org/apache/maven/execution/ProjectExecutionListener
instanceKlass org/apache/maven/artifact/repository/metadata/Versioning
instanceKlass com/google/gson/internal/LinkedTreeMap$Node
instanceKlass org/apache/maven/lifecycle/internal/TaskSegment
instanceKlass com/google/gson/internal/LinkedTreeMap$1
instanceKlass org/apache/maven/lifecycle/internal/ReactorContext
instanceKlass  @bci com/google/gson/internal/ConstructorConstructor newCollectionConstructor (Ljava/lang/Class;)Lcom/google/gson/internal/ObjectConstructor; 9 <appendix> argL0 ; # com/google/gson/internal/ConstructorConstructor$$Lambda+0x00000222904ae220
instanceKlass org/eclipse/lsp4j/jsonrpc/RemoteEndpoint
instanceKlass org/apache/maven/execution/BuildSummary
instanceKlass  @bci com/google/gson/internal/ConstructorConstructor newMapConstructor (Ljava/lang/reflect/Type;Ljava/lang/Class;)Lcom/google/gson/internal/ObjectConstructor; 16 <appendix> argL0 ; # com/google/gson/internal/ConstructorConstructor$$Lambda+0x00000222904ae000
instanceKlass org/apache/maven/DefaultProjectDependenciesResolver
instanceKlass  @bci java/lang/reflect/Executable sharedToString (IZ[Ljava/lang/Class;[Ljava/lang/Class;)Ljava/lang/String; 29 <appendix> argL0 ; # java/lang/reflect/Executable$$Lambda+0x00000222903d2d90
instanceKlass com/google/gson/internal/ReflectionAccessFilterHelper
instanceKlass  @bci org/eclipse/lsp4j/jsonrpc/services/GenericEndpoint recursiveFindRpcMethods (Ljava/lang/Object;Ljava/util/Set;Ljava/util/Set;)V 24 <appendix> member <vmtarget> ; # org/eclipse/lsp4j/jsonrpc/services/GenericEndpoint$$Lambda+0x00000222904a8dc0
instanceKlass  @cpi org/eclipse/lsp4j/jsonrpc/services/GenericEndpoint 383 form vmentry <vmtarget> ; # java/lang/invoke/LambdaForm$DMH+0x00000222904ac400
instanceKlass org/apache/maven/lifecycle/internal/DefaultLifecycleMappingDelegate
instanceKlass org/apache/maven/profiles/ProfileManager
instanceKlass org/apache/maven/project/DefaultMavenProjectBuilder
instanceKlass com/google/gson/internal/reflect/ReflectionHelper$RecordHelper
instanceKlass  @bci org/eclipse/lsp4j/jsonrpc/services/GenericEndpoint lambda$recursiveFindRpcMethods$1 (Ljava/lang/Object;Lorg/eclipse/lsp4j/jsonrpc/services/AnnotationUtil$MethodInfo;)V 3 <appendix> member <vmtarget> ; # org/eclipse/lsp4j/jsonrpc/services/GenericEndpoint$$Lambda+0x00000222904a8b78
# instanceKlass java/lang/invoke/LambdaForm$MH+0x00000222904ac000
instanceKlass com/google/gson/internal/reflect/ReflectionHelper
instanceKlass  @bci org/eclipse/lsp4j/jsonrpc/services/GenericEndpoint recursiveFindRpcMethods (Ljava/lang/Object;Ljava/util/Set;Ljava/util/Set;)V 7 <appendix> member <vmtarget> ; # org/eclipse/lsp4j/jsonrpc/services/GenericEndpoint$$Lambda+0x00000222904a8940
instanceKlass org/apache/maven/plugin/PluginDescriptorCache$PluginDescriptorSupplier
instanceKlass org/apache/maven/plugin/PluginDescriptorCache$Key
instanceKlass org/eclipse/lsp4j/jsonrpc/services/GenericEndpoint
instanceKlass org/apache/maven/plugin/DefaultPluginDescriptorCache
instanceKlass org/apache/maven/repository/metadata/MetadataGraphVertex
instanceKlass  @bci org/eclipse/jdt/ls/core/internal/ParentProcessWatcher apply (Lorg/eclipse/lsp4j/jsonrpc/MessageConsumer;)Lorg/eclipse/lsp4j/jsonrpc/MessageConsumer; 2 <appendix> member <vmtarget> ; # org/eclipse/jdt/ls/core/internal/ParentProcessWatcher$$Lambda+0x0000022290483da0
instanceKlass org/eclipse/lsp4j/jsonrpc/messages/Message
instanceKlass org/apache/maven/repository/metadata/DefaultGraphConflictResolver
instanceKlass org/eclipse/lsp4j/jsonrpc/json/StreamMessageConsumer
instanceKlass org/apache/maven/project/DefaultDependencyResolutionResult
instanceKlass org/eclipse/lsp4j/jsonrpc/json/MessageConstants
instanceKlass org/apache/maven/project/DefaultProjectDependenciesResolver
instanceKlass org/eclipse/lsp4j/jsonrpc/json/adapters/MessageTypeAdapter$Factory
instanceKlass org/apache/maven/repository/legacy/resolver/conflict/NearestConflictResolver
instanceKlass org/eclipse/lsp4j/jsonrpc/json/adapters/EnumTypeAdapter$Factory
instanceKlass org/eclipse/aether/version/VersionScheme
instanceKlass org/eclipse/lsp4j/jsonrpc/json/adapters/TupleTypeAdapters$TwoTypeAdapterFactory
instanceKlass com/google/gson/internal/JsonReaderInternalAccess
instanceKlass org/eclipse/lsp4j/jsonrpc/json/adapters/EitherTypeAdapter$Factory
instanceKlass org/apache/maven/rtinfo/internal/DefaultRuntimeInformation
instanceKlass org/eclipse/lsp4j/jsonrpc/json/adapters/ThrowableTypeAdapter$Factory
instanceKlass com/google/gson/Gson
instanceKlass org/eclipse/lsp4j/jsonrpc/json/adapters/CollectionTypeAdapter$Factory
instanceKlass org/apache/maven/plugin/internal/DefaultPluginManager
instanceKlass org/apache/maven/eventspy/EventSpy$Context
instanceKlass com/google/gson/internal/bind/ReflectiveTypeAdapterFactory$BoundField
instanceKlass org/apache/maven/execution/ExecutionListener
instanceKlass org/apache/maven/artifact/repository/layout/DefaultRepositoryLayout
instanceKlass com/google/gson/internal/bind/ReflectiveTypeAdapterFactory
instanceKlass org/apache/maven/project/DependencyResolutionResult
instanceKlass org/apache/maven/project/ReactorModelPool
instanceKlass org/apache/maven/model/building/ModelBuildingResult
instanceKlass com/google/gson/internal/bind/MapTypeAdapterFactory
instanceKlass org/apache/maven/project/DefaultProjectBuilder$InternalConfig
instanceKlass com/google/gson/internal/bind/CollectionTypeAdapterFactory
instanceKlass com/google/gson/internal/bind/ArrayTypeAdapter$1
instanceKlass org/apache/maven/project/DependencyResolutionRequest
instanceKlass com/google/gson/internal/bind/JavaTimeTypeAdapters$14
instanceKlass org/apache/maven/model/resolution/ModelResolver
instanceKlass org/apache/maven/model/building/ModelBuildingListener
instanceKlass org/apache/maven/model/building/ModelSource
instanceKlass org/apache/maven/model/building/ModelCache
instanceKlass org/apache/maven/project/DefaultProjectBuilder
instanceKlass org/apache/maven/project/artifact/ProjectArtifactsCache$CacheRecord
instanceKlass org/apache/maven/project/artifact/ProjectArtifactsCache$Key
instanceKlass org/apache/maven/project/artifact/DefaultProjectArtifactsCache
instanceKlass org/apache/maven/artifact/factory/DefaultArtifactFactory
instanceKlass org/eclipse/aether/DefaultRepositorySystemSession
instanceKlass com/sun/org/apache/xml/internal/serializer/ToStream$CharacterBuffer$GenericCharacters
instanceKlass org/apache/maven/model/building/Result
instanceKlass org/apache/maven/DefaultMaven
instanceKlass org/apache/maven/repository/ArtifactTransferListener
instanceKlass org/apache/maven/repository/legacy/LegacyRepositorySystem
instanceKlass org/apache/maven/artifact/resolver/ArtifactResolutionResult
instanceKlass org/apache/maven/artifact/resolver/ArtifactResolutionRequest
instanceKlass org/apache/maven/artifact/resolver/DefaultResolutionErrorHandler
instanceKlass org/apache/maven/toolchain/DefaultToolchainManager
instanceKlass org/apache/maven/repository/metadata/ClasspathContainer
instanceKlass org/apache/maven/repository/metadata/MetadataGraph
instanceKlass org/apache/maven/repository/metadata/DefaultClasspathTransformation
instanceKlass org/apache/maven/toolchain/DefaultToolchainsBuilder
instanceKlass com/google/gson/internal/bind/JavaTimeTypeAdapters
instanceKlass org/apache/maven/project/artifact/MavenMetadataSource$ProjectRelocation
instanceKlass org/apache/maven/model/building/ModelProblem
instanceKlass com/google/gson/internal/bind/TypeAdapters$FactorySupplier
instanceKlass com/google/gson/internal/bind/DefaultDateTypeAdapter$1
instanceKlass java/util/concurrent/atomic/AtomicLongArray
instanceKlass org/apache/maven/artifact/repository/metadata/RepositoryMetadata
instanceKlass com/google/gson/internal/bind/NumberTypeAdapter$1
instanceKlass org/apache/maven/repository/legacy/metadata/MetadataResolutionRequest
instanceKlass org/apache/maven/artifact/repository/RepositoryRequest
instanceKlass com/google/gson/internal/sql/SqlTimestampTypeAdapter$1
instanceKlass com/google/gson/internal/sql/SqlTimeTypeAdapter$1
instanceKlass org/apache/maven/project/artifact/MavenMetadataSource
instanceKlass com/google/gson/internal/sql/SqlDateTypeAdapter$1
instanceKlass org/apache/maven/model/Dependency
instanceKlass org/apache/maven/artifact/repository/Authentication
instanceKlass org/apache/maven/artifact/versioning/VersionRange
instanceKlass org/apache/maven/model/RepositoryPolicy
instanceKlass org/apache/maven/settings/RepositoryPolicy
instanceKlass org/apache/maven/settings/RepositoryBase
instanceKlass org/apache/maven/model/RepositoryBase
instanceKlass org/apache/maven/repository/Proxy
instanceKlass org/apache/maven/artifact/resolver/ResolutionNode
instanceKlass org/apache/maven/repository/legacy/resolver/conflict/FarthestConflictResolver
instanceKlass org/apache/maven/artifact/handler/DefaultArtifactHandler
instanceKlass org/apache/maven/model/building/ModelProblemCollector
instanceKlass org/apache/maven/model/merge/ModelMerger
instanceKlass org/apache/maven/model/plugin/DefaultLifecycleBindingsInjector
instanceKlass org/apache/maven/project/ProjectBuilderConfiguration
instanceKlass org/codehaus/plexus/interpolation/Interpolator
instanceKlass org/codehaus/plexus/interpolation/BasicInterpolator
instanceKlass org/codehaus/plexus/interpolation/ValueSource
instanceKlass org/codehaus/plexus/interpolation/RecursionInterceptor
instanceKlass org/eclipse/aether/util/graph/visitor/AbstractDepthFirstNodeListGenerator
instanceKlass org/apache/maven/plugin/descriptor/PluginDescriptorBuilder
instanceKlass org/apache/maven/plugin/logging/Log
instanceKlass org/codehaus/plexus/component/configurator/ConfigurationListener
instanceKlass com/google/gson/internal/bind/DefaultDateTypeAdapter$DateType
instanceKlass org/apache/maven/plugin/internal/DefaultMavenPluginManager
instanceKlass org/apache/maven/toolchain/model/TrackableBase
instanceKlass com/google/gson/internal/sql/SqlTypesSupport
instanceKlass org/apache/maven/toolchain/DefaultToolchain
instanceKlass org/apache/maven/toolchain/ToolchainPrivate
instanceKlass org/apache/maven/toolchain/java/JavaToolchain
instanceKlass org/apache/maven/toolchain/Toolchain
instanceKlass org/apache/maven/toolchain/java/JavaToolchainFactory
instanceKlass org/apache/maven/lifecycle/internal/DefaultLifecycleTaskSegmentCalculator
instanceKlass com/google/gson/internal/bind/ObjectTypeAdapter$1
instanceKlass org/apache/maven/project/DefaultProjectBuildingHelper
instanceKlass org/apache/maven/lifecycle/internal/PhaseRecorder
instanceKlass org/apache/maven/lifecycle/internal/DependencyContext
instanceKlass org/apache/maven/lifecycle/internal/ProjectIndex
instanceKlass org/apache/maven/artifact/resolver/filter/ArtifactFilter
instanceKlass org/apache/maven/plugin/MojoExecutionRunner
instanceKlass org/apache/maven/artifact/handler/manager/DefaultArtifactHandlerManager
instanceKlass org/apache/maven/artifact/repository/layout/FlatRepositoryLayout
instanceKlass org/codehaus/plexus/component/repository/ComponentSetDescriptor
instanceKlass org/eclipse/buildship/core/internal/preferences/ClasspathConverter
instanceKlass com/google/gson/internal/bind/EnumTypeAdapter$1
instanceKlass org/eclipse/buildship/core/internal/preferences/PersistentModelConverter$13
instanceKlass org/apache/maven/plugin/DefaultBuildPluginManager
instanceKlass org/eclipse/lsp4j/jsonrpc/messages/CancelParams
instanceKlass org/apache/maven/lifecycle/internal/ProjectBuildList
instanceKlass com/google/gson/internal/bind/TypeAdapters$32
instanceKlass com/google/common/collect/TransformedIterator
instanceKlass org/eclipse/lsp4j/jsonrpc/json/MessageJsonHandler
instanceKlass java/util/Currency
instanceKlass org/apache/maven/repository/legacy/resolver/conflict/DefaultConflictResolverFactory
instanceKlass org/eclipse/lsp4j/DidOpenNotebookDocumentParams
instanceKlass org/apache/maven/repository/DefaultMirrorSelector
instanceKlass com/google/gson/internal/bind/TypeAdapters$33
instanceKlass org/eclipse/lsp4j/DidChangeNotebookDocumentParams
instanceKlass org/apache/maven/repository/legacy/repository/DefaultArtifactRepositoryFactory
instanceKlass org/eclipse/lsp4j/DidSaveNotebookDocumentParams
instanceKlass org/eclipse/lsp4j/DidCloseNotebookDocumentParams
instanceKlass org/eclipse/jdt/ls/core/internal/handlers/SignatureHelpHandler
instanceKlass org/eclipse/jdt/ls/core/internal/handlers/CodeActionHandler
instanceKlass org/apache/maven/lifecycle/mapping/DefaultLifecycleMapping
instanceKlass org/eclipse/aether/RequestTrace
instanceKlass org/eclipse/jdt/ls/core/internal/handlers/NavigateToDeclarationHandler
instanceKlass org/apache/maven/model/PluginContainer
instanceKlass org/eclipse/jdt/ls/core/internal/handlers/ReferencesHandler
instanceKlass org/apache/maven/plugin/prefix/PluginPrefixRequest
instanceKlass org/eclipse/jdt/ls/core/internal/handlers/RenameHandler
instanceKlass org/apache/maven/plugin/prefix/PluginPrefixResult
instanceKlass org/eclipse/aether/metadata/Metadata
instanceKlass org/eclipse/aether/repository/ArtifactRepository
instanceKlass org/apache/maven/plugin/prefix/internal/DefaultPluginPrefixResolver
instanceKlass org/eclipse/jdt/ls/core/internal/handlers/NavigateToDefinitionHandler
instanceKlass org/eclipse/jdt/ls/core/internal/handlers/CodeActionResolveHandler
instanceKlass org/eclipse/jdt/ls/core/internal/handlers/PrepareRenameHandler
instanceKlass org/apache/maven/repository/metadata/MetadataGraphEdge
instanceKlass org/eclipse/jdt/ls/core/internal/handlers/CodeLensHandler
instanceKlass org/eclipse/jdt/ls/core/internal/handlers/NavigateToTypeDefinitionHandler
instanceKlass org/eclipse/jdt/ls/core/internal/handlers/HoverHandler
instanceKlass org/eclipse/jdt/ls/core/internal/handlers/DocumentSymbolHandler
instanceKlass org/eclipse/jdt/ls/core/internal/handlers/SaveActionHandler
instanceKlass org/eclipse/jdt/ls/core/internal/handlers/BuildWorkspaceHandler
instanceKlass org/eclipse/jdt/ls/core/internal/handlers/ExtractInterfaceHandler$CheckExtractInterfaceResponse
instanceKlass org/eclipse/jdt/ls/core/internal/handlers/InferSelectionHandler$SelectionInfo
instanceKlass sun/reflect/generics/tree/BooleanSignature
instanceKlass org/eclipse/jdt/ls/core/internal/codemanipulation/GenerateGetterSetterOperation$AccessorField
instanceKlass sun/reflect/generics/tree/ArrayTypeSignature
instanceKlass org/eclipse/jdt/ls/core/internal/handlers/GenerateConstructorsHandler$CheckConstructorsResponse
instanceKlass org/eclipse/jdt/ls/core/internal/handlers/OverrideMethodsHandler$OverridableMethodsResponse
instanceKlass org/eclipse/jdt/ls/core/internal/handlers/HashCodeEqualsHandler$CheckHashCodeEqualsResponse
instanceKlass org/eclipse/jdt/ls/core/internal/handlers/GenerateToStringHandler$CheckToStringResponse
instanceKlass org/eclipse/jdt/ls/core/internal/handlers/GenerateDelegateMethodsHandler$CheckDelegateMethodsResponse
instanceKlass org/eclipse/jdt/ls/core/internal/handlers/MoveHandler$MoveDestinationsResponse
instanceKlass org/eclipse/jdt/ls/core/internal/text/correction/ChangeSignatureInfo
instanceKlass org/eclipse/jdt/ls/core/internal/handlers/GetRefactorEditHandler$RefactorWorkspaceEdit
instanceKlass org/eclipse/jdt/ls/core/internal/lsp/ValidateDocumentParams
instanceKlass org/eclipse/lsp4j/extended/ProjectBuildParams
instanceKlass org/eclipse/jdt/ls/core/internal/handlers/InferSelectionHandler$InferSelectionParams
instanceKlass org/eclipse/jdt/ls/core/internal/handlers/GetRefactorEditHandler$GetRefactorEditParams
instanceKlass org/eclipse/jdt/ls/core/internal/handlers/GenerateAccessorsHandler$GenerateAccessorsParams
instanceKlass org/eclipse/jdt/ls/core/internal/handlers/GenerateToStringHandler$GenerateToStringParams
instanceKlass org/eclipse/lsp4j/extended/ProjectConfigurationsUpdateParam
instanceKlass org/eclipse/jdt/ls/core/internal/handlers/GenerateConstructorsHandler$GenerateConstructorsParams
instanceKlass org/eclipse/jdt/ls/core/internal/handlers/OverrideMethodsHandler$AddOverridableMethodParams
instanceKlass org/eclipse/jdt/ls/core/internal/handlers/HashCodeEqualsHandler$GenerateHashCodeEqualsParams
instanceKlass org/eclipse/jdt/ls/core/internal/handlers/GenerateDelegateMethodsHandler$GenerateDelegateMethodsParams
instanceKlass org/eclipse/jdt/ls/core/internal/handlers/FindLinksHandler$FindLinksParams
instanceKlass org/eclipse/jdt/ls/core/internal/handlers/MoveHandler$MoveParams
instanceKlass org/eclipse/lsp4j/TextDocumentIdentifier
instanceKlass org/eclipse/lsp4j/WorkspaceDiagnosticReport
instanceKlass org/eclipse/lsp4j/TextDocumentContentResult
instanceKlass org/eclipse/lsp4j/adapters/WorkspaceSymbolResponseAdapter
instanceKlass org/eclipse/lsp4j/DeleteFilesParams
instanceKlass org/eclipse/lsp4j/RenameFilesParams
instanceKlass org/eclipse/lsp4j/CreateFilesParams
instanceKlass org/eclipse/lsp4j/TextDocumentContentParams
instanceKlass org/eclipse/lsp4j/WorkspaceSymbol
instanceKlass org/eclipse/lsp4j/DidChangeWatchedFilesParams
instanceKlass org/eclipse/lsp4j/DidChangeConfigurationParams
instanceKlass org/eclipse/lsp4j/DidChangeWorkspaceFoldersParams
instanceKlass org/eclipse/lsp4j/TextEdit
instanceKlass org/eclipse/lsp4j/InlineValueEvaluatableExpression
instanceKlass org/eclipse/lsp4j/InlineValueVariableLookup
instanceKlass org/eclipse/lsp4j/adapters/InlineValueResponseAdapter
instanceKlass org/eclipse/lsp4j/ColorPresentation
instanceKlass org/eclipse/lsp4j/FoldingRange
instanceKlass org/eclipse/lsp4j/SignatureHelp
instanceKlass org/eclipse/lsp4j/SelectionRange
instanceKlass org/eclipse/lsp4j/PrepareRenameDefaultBehavior
instanceKlass org/eclipse/lsp4j/PrepareRenameResult
instanceKlass org/eclipse/lsp4j/Range
instanceKlass org/eclipse/lsp4j/adapters/PrepareRenameResponseAdapter
instanceKlass org/eclipse/lsp4j/ColorInformation
instanceKlass org/eclipse/lsp4j/DocumentSymbol
instanceKlass org/eclipse/lsp4j/SymbolInformation
instanceKlass org/eclipse/lsp4j/adapters/DocumentSymbolResponseAdapter
instanceKlass org/eclipse/lsp4j/LinkedEditingRanges
instanceKlass org/eclipse/lsp4j/Moniker
instanceKlass org/eclipse/lsp4j/Hover
instanceKlass org/eclipse/lsp4j/Command
instanceKlass org/eclipse/lsp4j/adapters/CodeActionResponseAdapter
instanceKlass org/apache/maven/repository/metadata/DefaultGraphConflictResolutionPolicy
instanceKlass org/apache/maven/artifact/repository/metadata/Metadata
instanceKlass org/eclipse/lsp4j/adapters/DocumentDiagnosticReportTypeAdapter
instanceKlass org/apache/maven/artifact/repository/metadata/io/DefaultMetadataReader
instanceKlass org/eclipse/lsp4j/CallHierarchyOutgoingCall
instanceKlass org/eclipse/lsp4j/CallHierarchyItem
instanceKlass org/apache/maven/execution/DefaultRuntimeInformation
instanceKlass org/eclipse/lsp4j/SemanticTokensDelta
instanceKlass org/apache/maven/lifecycle/internal/DefaultLifecycleExecutionPlanCalculator
instanceKlass org/eclipse/lsp4j/adapters/SemanticTokensFullDeltaResponseAdapter
instanceKlass org/eclipse/lsp4j/CallHierarchyIncomingCall
instanceKlass org/apache/http/impl/conn/PoolingHttpClientConnectionManager
instanceKlass org/apache/http/pool/ConnPoolControl
instanceKlass org/eclipse/lsp4j/SemanticTokens
instanceKlass org/eclipse/lsp4j/TypeHierarchyItem
instanceKlass org/apache/http/config/Registry
instanceKlass org/eclipse/lsp4j/CompletionList
instanceKlass org/apache/http/client/methods/CloseableHttpResponse
instanceKlass org/apache/http/HttpResponse
instanceKlass org/eclipse/lsp4j/InlineCompletionList
instanceKlass org/eclipse/lsp4j/InlineCompletionItem
instanceKlass org/apache/maven/wagon/shared/http/BasicAuthScope
instanceKlass org/apache/maven/wagon/shared/http/HttpConfiguration
instanceKlass org/eclipse/lsp4j/LocationLink
instanceKlass org/eclipse/lsp4j/Location
instanceKlass com/google/gson/internal/GsonTypes$WildcardTypeImpl
instanceKlass org/apache/http/impl/client/CloseableHttpClient
instanceKlass org/apache/http/client/HttpClient
instanceKlass com/google/gson/internal/GsonTypes$ParameterizedTypeImpl
instanceKlass org/apache/http/client/ServiceUnavailableRetryStrategy
instanceKlass com/google/gson/internal/GsonTypes
instanceKlass org/apache/http/client/HttpRequestRetryHandler
instanceKlass org/apache/http/client/RedirectStrategy
instanceKlass org/apache/http/config/Lookup
instanceKlass org/apache/http/Header
instanceKlass org/apache/http/NameValuePair
instanceKlass org/apache/http/conn/ssl/TrustStrategy
instanceKlass org/apache/http/ssl/TrustStrategy
instanceKlass org/eclipse/lsp4j/adapters/LocationLinkListAdapter
instanceKlass org/apache/http/auth/Credentials
instanceKlass org/eclipse/lsp4j/WorkspaceEdit
instanceKlass org/apache/http/client/AuthCache
instanceKlass org/apache/http/client/CredentialsProvider
instanceKlass org/apache/http/protocol/HttpContext
instanceKlass org/eclipse/lsp4j/DocumentRangesFormattingParams
instanceKlass org/apache/http/client/methods/HttpUriRequest
instanceKlass org/apache/http/HttpRequest
instanceKlass org/apache/http/HttpMessage
instanceKlass org/eclipse/lsp4j/CodeAction
instanceKlass org/eclipse/lsp4j/InlineValueParams
instanceKlass org/apache/http/auth/AuthScheme
instanceKlass org/eclipse/lsp4j/DocumentRangeFormattingParams
instanceKlass org/apache/http/HttpEntity
instanceKlass org/eclipse/lsp4j/InlayHint
instanceKlass org/apache/http/conn/HttpClientConnectionManager
instanceKlass org/eclipse/lsp4j/CodeLens
instanceKlass org/apache/maven/wagon/OutputData
instanceKlass org/apache/maven/wagon/InputData
instanceKlass org/apache/maven/wagon/events/SessionListener
instanceKlass org/eclipse/buildship/core/internal/configuration/DefaultProjectConfiguration
instanceKlass org/eclipse/buildship/core/internal/configuration/WorkspaceConfiguration
instanceKlass com/google/common/base/Predicates
instanceKlass org/eclipse/buildship/core/internal/configuration/DefaultBuildConfiguration
instanceKlass org/apache/maven/wagon/resource/Resource
instanceKlass java/util/concurrent/atomic/AtomicIntegerArray
instanceKlass org/eclipse/lsp4j/DidOpenTextDocumentParams
instanceKlass org/apache/maven/wagon/repository/RepositoryPermissions
instanceKlass org/eclipse/buildship/core/internal/configuration/BuildConfigurationProperties
instanceKlass org/apache/maven/wagon/events/TransferEventSupport
instanceKlass org/eclipse/lsp4j/DidChangeTextDocumentParams
instanceKlass org/apache/maven/wagon/events/SessionEventSupport
instanceKlass com/google/common/base/NullnessCasts
instanceKlass org/eclipse/lsp4j/InlayHintParams
instanceKlass org/eclipse/lsp4j/WillSaveTextDocumentParams
instanceKlass org/eclipse/lsp4j/DidSaveTextDocumentParams
instanceKlass org/eclipse/lsp4j/DidCloseTextDocumentParams
instanceKlass org/apache/maven/wagon/proxy/ProxyInfoProvider
instanceKlass org/eclipse/lsp4j/DocumentFormattingParams
instanceKlass org/eclipse/lsp4j/CompletionItem
instanceKlass org/apache/maven/wagon/AbstractWagon
instanceKlass org/apache/maven/wagon/StreamingWagon
instanceKlass org/objectweb/asm/Handler
instanceKlass org/eclipse/lsp4j/DocumentLink
instanceKlass org/eclipse/lsp4j/WorkDoneProgressAndPartialResultParams
instanceKlass com/google/common/base/AbstractIterator
instanceKlass org/objectweb/asm/Frame
instanceKlass com/google/gson/internal/bind/TypeAdapters$31
instanceKlass com/google/common/base/Splitter$5
instanceKlass org/objectweb/asm/ByteVector
instanceKlass com/google/gson/internal/bind/TypeAdapters$30
# instanceKlass com/google/common/base/Splitter$$Lambda+0x000002229044ec48
instanceKlass org/objectweb/asm/Symbol
instanceKlass  @bci com/google/common/base/Splitter on (Lcom/google/common/base/CharMatcher;)Lcom/google/common/base/Splitter; 10 <appendix> member <vmtarget> ; # com/google/common/base/Splitter$$Lambda+0x000002229044ea20
instanceKlass com/google/gson/stream/JsonWriter
instanceKlass com/google/common/base/Splitter$Strategy
instanceKlass org/objectweb/asm/SymbolTable
instanceKlass com/google/gson/stream/JsonReader
instanceKlass org/eclipse/lsp4j/InitializeResult
instanceKlass org/eclipse/lsp4j/WorkDoneProgressCancelParams
instanceKlass org/eclipse/lsp4j/SetTraceParams
instanceKlass org/eclipse/lsp4j/services/NotebookDocumentService
instanceKlass org/eclipse/lsp4j/InitializedParams
instanceKlass org/eclipse/lsp4j/InitializeParams
instanceKlass org/eclipse/lsp4j/jsonrpc/CancelChecker
instanceKlass org/eclipse/jdt/ls/core/internal/JavaClientConnection
instanceKlass jdk/internal/vm/annotation/IntrinsicCandidate
instanceKlass org/eclipse/lsp4j/jsonrpc/json/JsonRpcMethodProvider
instanceKlass org/eclipse/lsp4j/jsonrpc/services/JsonDelegate
instanceKlass  @bci org/eclipse/lsp4j/jsonrpc/services/ServiceEndpoints getSupportedMethods (Ljava/lang/Class;Ljava/util/Set;)Ljava/util/Map; 29 <appendix> member <vmtarget> ; # org/eclipse/lsp4j/jsonrpc/services/ServiceEndpoints$$Lambda+0x0000022290458698
instanceKlass org/eclipse/jdt/ls/core/internal/ActionableNotification
instanceKlass org/eclipse/jdt/ls/core/internal/ProgressReport
instanceKlass org/eclipse/jdt/ls/core/internal/StatusReport
instanceKlass org/eclipse/jdt/ls/core/internal/EventNotification
instanceKlass org/eclipse/lsp4j/ExecuteCommandParams
instanceKlass org/eclipse/lsp4j/ApplyWorkspaceEditResponse
instanceKlass org/eclipse/lsp4j/ShowDocumentResult
instanceKlass org/eclipse/lsp4j/WorkspaceFolder
instanceKlass org/eclipse/lsp4j/jsonrpc/services/JsonNotification
instanceKlass org/eclipse/lsp4j/MessageActionItem
instanceKlass org/eclipse/lsp4j/jsonrpc/json/JsonRpcMethod
instanceKlass org/eclipse/lsp4j/jsonrpc/json/ResponseJsonAdapter
instanceKlass sun/reflect/generics/tree/MethodTypeSignature
instanceKlass  @bci org/eclipse/lsp4j/jsonrpc/services/AnnotationUtil getParameterTypes (Ljava/lang/reflect/Method;)[Ljava/lang/reflect/Type; 17 <appendix> argL0 ; # org/eclipse/lsp4j/jsonrpc/services/AnnotationUtil$$Lambda+0x0000022290451bb0
instanceKlass  @bci org/eclipse/lsp4j/jsonrpc/services/AnnotationUtil getParameterTypes (Ljava/lang/reflect/Method;)[Ljava/lang/reflect/Type; 7 <appendix> argL0 ; # org/eclipse/lsp4j/jsonrpc/services/AnnotationUtil$$Lambda+0x0000022290451970
instanceKlass org/eclipse/lsp4j/jsonrpc/services/JsonRequest
instanceKlass org/eclipse/lsp4j/PublishDiagnosticsParams
instanceKlass org/eclipse/lsp4j/RegistrationParams
instanceKlass org/eclipse/lsp4j/TextDocumentContentRefreshParams
instanceKlass org/eclipse/lsp4j/LogTraceParams
instanceKlass org/eclipse/lsp4j/ApplyWorkspaceEditParams
instanceKlass org/eclipse/lsp4j/ShowDocumentParams
instanceKlass org/eclipse/lsp4j/WorkDoneProgressCreateParams
instanceKlass org/eclipse/lsp4j/ProgressParams
instanceKlass org/eclipse/lsp4j/MessageParams
instanceKlass org/eclipse/lsp4j/UnregistrationParams
instanceKlass org/eclipse/lsp4j/ConfigurationParams
instanceKlass org/eclipse/lsp4j/jsonrpc/services/JsonSegment
instanceKlass org/eclipse/lsp4j/jsonrpc/services/AnnotationUtil
instanceKlass  @bci org/eclipse/lsp4j/jsonrpc/services/ServiceEndpoints getSupportedMethods (Ljava/lang/Class;Ljava/util/Set;)Ljava/util/Map; 11 <appendix> member <vmtarget> ; # org/eclipse/lsp4j/jsonrpc/services/ServiceEndpoints$$Lambda+0x0000022290450ed0
instanceKlass org/eclipse/lsp4j/jsonrpc/services/AnnotationUtil$MethodInfo
instanceKlass org/eclipse/lsp4j/jsonrpc/services/ServiceEndpoints
instanceKlass org/eclipse/lsp4j/jsonrpc/Endpoint
instanceKlass org/eclipse/lsp4j/jsonrpc/json/MethodProvider
instanceKlass org/eclipse/lsp4j/jsonrpc/MessageProducer
instanceKlass org/eclipse/lsp4j/jsonrpc/MessageConsumer
instanceKlass org/eclipse/lsp4j/jsonrpc/MessageIssueHandler
instanceKlass org/eclipse/lsp4j/jsonrpc/Launcher$Builder
instanceKlass org/eclipse/lsp4j/jsonrpc/Launcher
instanceKlass com/google/gson/internal/bind/TypeAdapters
instanceKlass org/eclipse/jdt/ls/core/internal/JavaClientConnection$JavaLanguageClient
instanceKlass org/eclipse/jdt/ls/core/internal/lsp/ExecuteCommandProposedClient
instanceKlass org/eclipse/lsp4j/services/LanguageClient
instanceKlass org/objectweb/asm/FieldVisitor
instanceKlass com/google/gson/internal/Excluder
instanceKlass com/google/gson/internal/bind/JsonAdapterAnnotationTypeAdapterFactory$DummyTypeAdapterFactory
instanceKlass org/objectweb/asm/MethodVisitor
instanceKlass com/google/gson/TypeAdapter
instanceKlass com/google/gson/internal/bind/JsonAdapterAnnotationTypeAdapterFactory
instanceKlass com/google/gson/TypeAdapterFactory
instanceKlass org/objectweb/asm/ModuleVisitor
instanceKlass com/google/gson/internal/ObjectConstructor
instanceKlass org/objectweb/asm/RecordComponentVisitor
instanceKlass org/apache/maven/lifecycle/DefaultLifecycleExecutor
instanceKlass org/apache/maven/plugin/descriptor/Parameter
instanceKlass org/apache/maven/lifecycle/internal/DefaultMojoExecutionConfigurator
instanceKlass com/google/gson/internal/ConstructorConstructor
instanceKlass org/apache/maven/wagon/repository/Repository
instanceKlass org/eclipse/jdt/ls/core/internal/ParentProcessWatcher
instanceKlass org/apache/maven/artifact/metadata/ArtifactMetadata
instanceKlass org/apache/maven/repository/legacy/metadata/ArtifactMetadata
instanceKlass sun/nio/ch/Invoker$GroupAndInvokeCount
instanceKlass sun/nio/ch/PendingIoCache
instanceKlass org/apache/maven/wagon/observers/ChecksumObserver
instanceKlass sun/nio/ch/Invoker
instanceKlass sun/nio/ch/AsynchronousChannelGroupImpl$1
instanceKlass sun/nio/ch/AsynchronousChannelGroupImpl$2
instanceKlass sun/nio/ch/Iocp$EventHandlerTask
instanceKlass  @bci sun/nio/ch/ThreadPool defaultThreadFactory ()Ljava/util/concurrent/ThreadFactory; 6 <appendix> argL0 ; # sun/nio/ch/ThreadPool$$Lambda+0x00000222903cecf8
instanceKlass sun/nio/ch/ThreadPool
instanceKlass sun/nio/ch/Iocp$CompletionStatus
instanceKlass org/apache/maven/wagon/events/TransferListener
instanceKlass java/nio/channels/AsynchronousChannelGroup
instanceKlass sun/nio/ch/WindowsAsynchronousFileChannelImpl$DefaultIocpHolder
instanceKlass org/apache/maven/repository/legacy/DefaultWagonManager
instanceKlass sun/nio/ch/Groupable
instanceKlass sun/nio/ch/Iocp$OverlappedChannel
instanceKlass sun/nio/fs/WindowsChannelFactory$2
instanceKlass com/google/common/base/CharMatcher
instanceKlass java/nio/channels/AsynchronousFileChannel
instanceKlass org/eclipse/buildship/core/internal/workspace/DefaultWorkspaceOperations$2
instanceKlass java/net/ProtocolFamily
instanceKlass org/eclipse/jdt/ls/core/internal/ConnectionStreamFactory$PipeStreamProvider
instanceKlass org/eclipse/aether/RepositoryEvent
instanceKlass com/google/common/collect/FluentIterable
instanceKlass  @bci org/eclipse/jdt/ls/core/internal/ConnectionStreamFactory getPipeFile ()Ljava/io/File; 58 <appendix> argL0 ; # org/eclipse/jdt/ls/core/internal/ConnectionStreamFactory$$Lambda+0x0000022290444200
instanceKlass org/apache/maven/classrealm/ClassRealmRequest
instanceKlass java/lang/ProcessHandleImpl$Info
instanceKlass java/lang/ProcessHandle$Info
instanceKlass  @bci org/eclipse/jdt/ls/core/internal/managers/GradleProjectImporter checkGradlePersistence (Lorg/eclipse/core/resources/IProject;Ljava/io/File;)Z 104 <appendix> form vmentry <vmtarget> ; # java/lang/invoke/LambdaForm$DMH+0x0000022290448800
instanceKlass org/codehaus/plexus/util/Scanner
instanceKlass  @bci java/lang/ProcessHandleImpl lambda$static$1 ()Ljava/util/concurrent/Executor; 45 <appendix> member <vmtarget> ; # java/lang/ProcessHandleImpl$$Lambda+0x00000222903cc130
instanceKlass  @cpi java/lang/ProcessHandleImpl 436 form vmentry <vmtarget> ; # java/lang/invoke/LambdaForm$DMH+0x0000022290448400
instanceKlass org/codehaus/plexus/logging/AbstractLogEnabled
# instanceKlass java/lang/invoke/LambdaForm$DMH+0x0000022290448000
instanceKlass  @bci java/lang/ProcessHandleImpl <clinit> ()V 32 <appendix> argL0 ; # java/lang/ProcessHandleImpl$$Lambda+0x00000222903cbf10
instanceKlass org/eclipse/buildship/core/internal/util/file/RelativePathUtils
instanceKlass org/eclipse/aether/resolution/ArtifactResult
instanceKlass java/lang/ProcessHandleImpl
instanceKlass java/lang/ProcessHandle
instanceKlass org/eclipse/jdt/ls/core/internal/ConnectionStreamFactory$StreamProvider
instanceKlass org/eclipse/jdt/ls/core/internal/ConnectionStreamFactory
instanceKlass org/eclipse/jdt/ls/core/internal/JVMConfigurator
instanceKlass org/eclipse/aether/collection/DependencySelector
instanceKlass org/eclipse/aether/resolution/ArtifactDescriptorPolicy
instanceKlass org/eclipse/jdt/ls/core/internal/handlers/TypeHierarchyHandler
instanceKlass com/google/common/base/CommonPattern
instanceKlass org/eclipse/jdt/ls/core/internal/handlers/WorkspaceExecuteCommandHandler$CommandHandlerHolder
instanceKlass org/apache/maven/plugin/PluginArtifactsCache$CacheRecord
instanceKlass org/eclipse/jdt/ls/core/internal/handlers/WorkspaceExecuteCommandHandler
instanceKlass com/google/common/base/Splitter
instanceKlass org/apache/maven/plugin/PluginArtifactsCache$Key
instanceKlass org/apache/maven/plugin/PluginRealmCache$CacheRecord
instanceKlass org/apache/maven/plugin/PluginRealmCache$PluginRealmSupplier
instanceKlass org/apache/maven/plugin/PluginRealmCache$Key
instanceKlass org/eclipse/buildship/core/internal/preferences/PersistentModelConverter$12
instanceKlass org/apache/maven/project/ProjectRealmCache$CacheRecord
instanceKlass org/apache/maven/project/ProjectRealmCache$Key
instanceKlass org/eclipse/buildship/core/internal/preferences/PersistentModelConverter$11
instanceKlass org/eclipse/m2e/core/internal/project/ProjectCachePlunger
instanceKlass org/apache/maven/plugin/ExtensionRealmCache$CacheRecord
instanceKlass org/apache/maven/plugin/ExtensionRealmCache$Key
instanceKlass org/apache/maven/artifact/repository/ArtifactRepositoryPolicy
instanceKlass org/eclipse/jdt/ls/core/internal/handlers/BaseDocumentLifeCycleHandler
instanceKlass org/apache/maven/project/artifact/DefaultMavenMetadataCache$CacheKey
instanceKlass org/eclipse/buildship/core/internal/preferences/PersistentModelConverter$10
instanceKlass org/apache/maven/repository/legacy/metadata/ResolutionGroup
instanceKlass org/eclipse/lsp4j/WorkDoneProgressParams
instanceKlass org/eclipse/lsp4j/PartialResultParams
instanceKlass org/eclipse/lsp4j/TextDocumentPositionParams
instanceKlass org/eclipse/buildship/core/internal/preferences/PersistentModelConverter
instanceKlass com/google/inject/spi/ProviderWithExtensionVisitor
instanceKlass org/eclipse/buildship/core/internal/configuration/PreferenceStore
instanceKlass com/google/common/collect/Iterables
instanceKlass  @bci org/eclipse/buildship/core/internal/CorePlugin scheduleSynchronizationForAbsentModels ()V 15 <appendix> argL0 ; # org/eclipse/buildship/core/internal/CorePlugin$$Lambda+0x000002229042bd10
instanceKlass java/util/Collections$2
instanceKlass org/eclipse/buildship/core/internal/extension/DefaultExtensionManager
instanceKlass org/eclipse/debug/core/model/ISourceLocator
instanceKlass  @bci com/google/inject/spi/InjectionPoint forConstructorOf (Lcom/google/inject/TypeLiteral;Z)Lcom/google/inject/spi/InjectionPoint; 83 <appendix> member <vmtarget> ; # com/google/inject/spi/InjectionPoint$$Lambda+0x0000022290431580
instanceKlass org/eclipse/buildship/core/internal/operation/DefaultToolingApiOperationManager
instanceKlass org/eclipse/jdt/internal/launching/sourcelookup/advanced/AdvancedSourceLookupSupport
instanceKlass  @bci com/google/inject/spi/InjectionPoint forConstructorOf (Lcom/google/inject/TypeLiteral;Z)Lcom/google/inject/spi/InjectionPoint; 67 <appendix> argL0 ; # com/google/inject/spi/InjectionPoint$$Lambda+0x0000022290431330
instanceKlass  @bci com/google/inject/spi/InjectionPoint forConstructorOf (Lcom/google/inject/TypeLiteral;Z)Lcom/google/inject/spi/InjectionPoint; 57 <appendix> argL0 ; # com/google/inject/spi/InjectionPoint$$Lambda+0x00000222904310e0
instanceKlass org/eclipse/buildship/core/internal/launch/DefaultExternalLaunchConfigurationManager$LaunchConfigurationListener
instanceKlass  @bci com/google/inject/spi/InjectionPoint forConstructorOf (Lcom/google/inject/TypeLiteral;Z)Lcom/google/inject/spi/InjectionPoint; 24 <appendix> argL0 ; # com/google/inject/spi/InjectionPoint$$Lambda+0x0000022290430e90
instanceKlass org/eclipse/jdt/launching/StandardClasspathProvider
instanceKlass org/eclipse/buildship/core/internal/launch/DefaultExternalLaunchConfigurationManager
instanceKlass  @bci org/eclipse/buildship/core/internal/preferences/DefaultModelPersistence doLoadModel (Lorg/eclipse/core/resources/IProject;)Lorg/eclipse/buildship/core/internal/preferences/PersistentModel; 6 <appendix> member <vmtarget> ; # org/eclipse/buildship/core/internal/preferences/DefaultModelPersistence$$Lambda+0x000002229042af38
instanceKlass org/eclipse/jdt/launching/IVMConnector
instanceKlass org/eclipse/jdt/launching/IRuntimeClasspathEntryResolver
instanceKlass org/eclipse/jdt/launching/IRuntimeClasspathEntry
instanceKlass org/eclipse/sisu/plexus/PlexusBean
instanceKlass org/eclipse/buildship/core/internal/configuration/BuildConfigurationPersistence
instanceKlass org/codehaus/plexus/component/repository/ComponentDescriptor
instanceKlass org/eclipse/jdt/launching/IVMInstall
instanceKlass org/eclipse/jdt/launching/environments/IExecutionEnvironmentsManager
instanceKlass org/eclipse/jdt/launching/IRuntimeClasspathProvider
instanceKlass org/eclipse/jdt/launching/JavaRuntime
instanceKlass org/eclipse/buildship/core/internal/configuration/WorkspaceConfigurationPersistence
instanceKlass org/eclipse/buildship/core/internal/configuration/TestRunConfiguration
instanceKlass com/google/inject/spi/ProvidesMethodBinding
instanceKlass org/eclipse/sisu/inject/Guice4
instanceKlass com/google/inject/internal/GuiceInternal
instanceKlass org/sonatype/inject/Parameters
instanceKlass org/eclipse/sisu/plexus/PlexusXmlBeanConverter
instanceKlass org/eclipse/buildship/core/internal/launch/BaseRunConfigurationAttributes
instanceKlass org/eclipse/sisu/plexus/PlexusBeanConverter
instanceKlass com/google/inject/spi/TypeConverterBinding
instanceKlass org/eclipse/buildship/core/internal/configuration/BuildConfiguration
instanceKlass java/lang/reflect/AnnotatedParameterizedType
instanceKlass sun/reflect/generics/tree/Wildcard
instanceKlass sun/reflect/generics/tree/BottomSignature
instanceKlass org/eclipse/sisu/inject/DefaultRankingFunction
instanceKlass com/google/inject/spi/ProvisionListenerBinding
instanceKlass org/eclipse/buildship/core/internal/configuration/RunConfiguration
instanceKlass org/eclipse/buildship/core/internal/configuration/BaseRunConfiguration
instanceKlass org/eclipse/buildship/core/internal/configuration/ProjectConfiguration
instanceKlass com/google/inject/spi/TypeListenerBinding
instanceKlass org/eclipse/buildship/core/GradleDistribution
instanceKlass org/eclipse/sisu/bean/BeanListener
instanceKlass org/eclipse/buildship/core/internal/configuration/DefaultConfigurationManager
instanceKlass com/google/inject/matcher/Matchers
instanceKlass org/eclipse/buildship/core/internal/invocation/InvocationCustomizerCollector
instanceKlass org/eclipse/sisu/bean/PropertyBinder
instanceKlass org/eclipse/sisu/plexus/PlexusBeanBinder
instanceKlass org/eclipse/buildship/core/internal/operation/ToolingApiJobResultHandler
instanceKlass org/eclipse/buildship/core/internal/workspace/SynchronizingBuildScriptUpdateListener
instanceKlass com/google/inject/spi/InjectionListener
instanceKlass org/sonatype/plexus/components/sec/dispatcher/DefaultSecDispatcher
instanceKlass org/eclipse/buildship/core/internal/configuration/GradleProjectNature
instanceKlass org/eclipse/buildship/core/internal/workspace/ProjectChangeListener
instanceKlass org/sonatype/plexus/components/cipher/DefaultPlexusCipher
instanceKlass org/sonatype/plexus/components/cipher/PlexusCipher
instanceKlass org/eclipse/buildship/core/internal/preferences/PersistentModel
instanceKlass org/codehaus/plexus/build/DefaultBuildContext
instanceKlass org/eclipse/buildship/core/internal/preferences/DefaultModelPersistence
instanceKlass org/eclipse/jdt/internal/launching/LaunchingPlugin$1$1
instanceKlass org/codehaus/plexus/build/BuildContext
instanceKlass org/eclipse/buildship/core/internal/event/EventListener
instanceKlass org/codehaus/plexus/component/configurator/AbstractComponentConfigurator
instanceKlass org/eclipse/buildship/core/internal/event/DefaultListenerRegistry
instanceKlass org/codehaus/plexus/component/configurator/ComponentConfigurator
instanceKlass org/eclipse/debug/core/IDebugEventSetListener
instanceKlass org/eclipse/debug/core/ILaunchesListener
instanceKlass com/google/gson/FormattingStyle
instanceKlass org/eclipse/debug/internal/core/groups/GroupMemberChangeListener
# instanceKlass java/lang/invoke/LambdaForm$MH+0x0000022290426800
instanceKlass org/apache/maven/settings/validation/DefaultSettingsValidator
instanceKlass org/eclipse/jdt/launching/IVMInstallChangedListener
instanceKlass org/apache/maven/settings/validation/SettingsValidator
instanceKlass org/eclipse/core/internal/watson/ElementTreeIterator
instanceKlass  @bci org/eclipse/core/internal/resources/Resource accept (Lorg/eclipse/core/resources/IResourceProxyVisitor;II)V 50 <adapter> ; # java/lang/invoke/LambdaForm$MH+0x0000022290424c00
# instanceKlass java/lang/invoke/LambdaForm$DMH+0x0000022290424800
instanceKlass org/apache/maven/settings/io/DefaultSettingsWriter
instanceKlass org/apache/maven/settings/io/SettingsWriter
instanceKlass java/util/concurrent/Executors$DefaultThreadFactory
instanceKlass org/apache/maven/settings/io/DefaultSettingsReader
instanceKlass  @bci org/eclipse/core/internal/resources/Resource accept (Lorg/eclipse/core/resources/IResourceProxyVisitor;II)V 50 <appendix> form vmentry <vmtarget> ; # java/lang/invoke/LambdaForm$DMH+0x0000022290424400
instanceKlass org/eclipse/jdt/ls/core/internal/ProjectUtils
instanceKlass org/apache/maven/settings/io/SettingsReader
instanceKlass com/google/gson/ToNumberStrategy
instanceKlass  @bci org/eclipse/core/internal/resources/Resource accept (Lorg/eclipse/core/resources/IResourceProxyVisitor;II)V 50 <appendix> member <vmtarget> ; # org/eclipse/core/internal/resources/Resource$$Lambda+0x000002229029d5d8
instanceKlass com/google/gson/FieldNamingStrategy
instanceKlass  @cpi org/eclipse/core/internal/resources/Resource 1633 form vmentry <vmtarget> ; # java/lang/invoke/LambdaForm$DMH+0x0000022290424000
instanceKlass org/apache/maven/settings/crypto/DefaultSettingsDecrypter
instanceKlass com/google/gson/GsonBuilder
instanceKlass org/apache/maven/settings/crypto/SettingsDecrypter
instanceKlass org/eclipse/core/internal/resources/ResourceProxy
instanceKlass org/apache/maven/settings/building/DefaultSettingsBuilder
instanceKlass org/eclipse/debug/internal/core/LaunchManager$ResourceProxyVisitor
instanceKlass org/eclipse/aether/transport/wagon/WagonTransporterFactory
instanceKlass com/google/common/base/Optional
instanceKlass org/eclipse/core/resources/IResourceProxyVisitor
# instanceKlass java/lang/invoke/LambdaForm$MH+0x000002229041c400
instanceKlass org/eclipse/debug/core/ILaunchMode
instanceKlass org/eclipse/debug/core/ILaunchDelegate
instanceKlass org/eclipse/aether/internal/transport/wagon/PlexusWagonProvider
instanceKlass com/google/common/io/ByteArrayDataInput
instanceKlass com/google/common/io/ByteArrayDataOutput
instanceKlass org/eclipse/aether/transport/wagon/WagonProvider
instanceKlass org/eclipse/aether/internal/transport/wagon/PlexusWagonConfigurator
instanceKlass org/eclipse/aether/transport/wagon/WagonConfigurator
instanceKlass com/google/common/io/ByteStreams
instanceKlass java/nio/channels/spi/AbstractInterruptibleChannel$1
instanceKlass sun/nio/ch/Interruptible
instanceKlass com/google/gson/JsonElement
instanceKlass org/eclipse/jdt/ls/core/internal/managers/TelemetryManager
instanceKlass org/eclipse/aether/transport/http/ChecksumExtractor
instanceKlass org/eclipse/debug/core/model/IDebugElement
instanceKlass org/eclipse/debug/core/ILaunch
instanceKlass org/eclipse/debug/core/model/ISuspendResume
instanceKlass org/eclipse/debug/core/model/IStepFilters
instanceKlass org/eclipse/debug/core/model/IStep
instanceKlass org/eclipse/debug/core/model/IDropToFrame
instanceKlass org/eclipse/debug/core/model/IDisconnect
instanceKlass org/eclipse/aether/transport/http/HttpTransporterFactory
instanceKlass org/eclipse/core/runtime/jobs/ProgressProvider
instanceKlass org/eclipse/jdt/ls/core/internal/LanguageServerApplication
instanceKlass org/eclipse/aether/transport/file/FileTransporterFactory
instanceKlass org/eclipse/debug/internal/core/commands/ForEachCommand$ExclusiveRule
instanceKlass org/eclipse/equinox/app/IApplication
instanceKlass  @bci com/google/common/io/Closer <clinit> ()V 0 <appendix> argL0 ; # com/google/common/io/Closer$$Lambda+0x0000022290367d60
instanceKlass org/eclipse/aether/spi/connector/transport/TransporterFactory
instanceKlass  @cpi com/google/common/io/Closer 177 form vmentry <vmtarget> ; # java/lang/invoke/LambdaForm$DMH+0x000002229041c000
instanceKlass com/google/common/io/Closer$Suppressor
instanceKlass org/eclipse/debug/core/commands/AbstractDebugCommand
instanceKlass org/apache/maven/repository/internal/VersionsMetadataGeneratorFactory
instanceKlass org/eclipse/core/runtime/internal/adaptor/EclipseAppLauncher
instanceKlass com/google/common/io/Closer
instanceKlass org/eclipse/debug/core/commands/IStepFiltersHandler
instanceKlass org/apache/maven/repository/internal/SnapshotMetadataGeneratorFactory
instanceKlass org/eclipse/debug/core/commands/IResumeOthersHandler
instanceKlass org/eclipse/debug/core/commands/IResumeHandler
instanceKlass org/eclipse/debug/core/commands/ISuspendHandler
instanceKlass org/eclipse/debug/core/commands/IDisconnectHandler
instanceKlass org/eclipse/debug/core/commands/IDropToFrameHandler
instanceKlass org/eclipse/debug/core/commands/IStepReturnHandler
instanceKlass org/apache/maven/repository/internal/PluginsMetadataGeneratorFactory
instanceKlass org/eclipse/aether/impl/MetadataGeneratorFactory
instanceKlass org/eclipse/debug/core/commands/IStepIntoHandler
instanceKlass org/eclipse/debug/core/commands/IStepOverHandler
instanceKlass org/eclipse/debug/core/commands/ITerminateHandler
instanceKlass org/eclipse/debug/core/commands/IDebugCommandHandler
instanceKlass org/eclipse/debug/internal/core/commands/CommandAdapterFactory
instanceKlass org/apache/maven/repository/internal/DefaultVersionResolver
instanceKlass java/util/concurrent/ForkJoinTask$Aux
instanceKlass org/eclipse/debug/core/DebugPlugin$1$1
instanceKlass org/eclipse/aether/impl/VersionResolver
instanceKlass  @bci org/springframework/tooling/jdt/ls/extension/JdtLsExtensionPlugin start (Lorg/osgi/framework/BundleContext;)V 24 <appendix> member <vmtarget> ; # org/springframework/tooling/jdt/ls/extension/JdtLsExtensionPlugin$$Lambda+0x0000022290413000
instanceKlass org/eclipse/debug/internal/core/DebugOptions
instanceKlass org/eclipse/debug/core/DebugPlugin$AsynchRunner
instanceKlass org/springframework/tooling/jdt/ls/extension/JdtLsExtensionPlugin$1
instanceKlass org/eclipse/debug/core/DebugPlugin$EventNotifier
instanceKlass org/apache/maven/repository/internal/DefaultVersionRangeResolver
instanceKlass java/util/concurrent/ForkJoinTask
instanceKlass org/eclipse/aether/impl/VersionRangeResolver
instanceKlass java/util/concurrent/CompletableFuture$AsynchronousCompletionTask
instanceKlass com/google/common/io/CharSource
instanceKlass java/util/concurrent/CompletableFuture$AltResult
instanceKlass java/util/concurrent/CompletableFuture
instanceKlass org/springframework/tooling/jdt/ls/commons/Logger$1
instanceKlass org/apache/maven/repository/internal/DefaultModelCacheFactory
instanceKlass org/apache/maven/repository/internal/ModelCacheFactory
instanceKlass org/apache/maven/repository/internal/DefaultArtifactDescriptorReader
instanceKlass com/google/common/hash/PrimitiveSink
instanceKlass org/eclipse/aether/impl/ArtifactDescriptorReader
instanceKlass org/eclipse/debug/core/model/IProcess
instanceKlass org/eclipse/debug/core/model/ITerminate
instanceKlass  @bci com/google/common/io/Files <clinit> ()V 0 <appendix> argL0 ; # com/google/common/io/Files$$Lambda+0x00000222903659b0
instanceKlass org/eclipse/debug/core/IBreakpointManager
instanceKlass org/eclipse/debug/core/IExpressionManager
instanceKlass com/google/common/graph/SuccessorsFunction
instanceKlass org/eclipse/debug/core/IMemoryBlockManager
instanceKlass org/eclipse/debug/core/ILaunchManager
instanceKlass com/google/common/io/ByteSource
instanceKlass org/eclipse/debug/core/ILaunchConfigurationListener
instanceKlass sun/util/cldr/CLDRBaseLocaleDataMetaInfo$TZCanonicalIDMapHolder
instanceKlass com/google/common/io/ByteSink
instanceKlass com/google/common/io/LineProcessor
instanceKlass org/eclipse/aether/named/support/NamedLockFactorySupport
instanceKlass org/eclipse/aether/named/NamedLockFactory
instanceKlass com/google/common/io/Files
instanceKlass org/eclipse/debug/core/ILaunchConfiguration
instanceKlass org/eclipse/aether/internal/impl/synccontext/named/providers/StaticNameMapperProvider
instanceKlass org/eclipse/buildship/core/internal/launch/DefaultGradleLaunchConfigurationManager
instanceKlass com/google/common/base/Charsets
instanceKlass org/eclipse/aether/internal/impl/synccontext/named/providers/GAVNameMapperProvider
instanceKlass org/eclipse/aether/internal/impl/synccontext/named/providers/GAECVNameMapperProvider
instanceKlass org/eclipse/buildship/core/internal/console/StdProcessStreamsProvider$1
instanceKlass org/eclipse/aether/internal/impl/synccontext/named/providers/FileStaticNameMapperProvider
instanceKlass org/eclipse/buildship/core/internal/console/ProcessStreams
instanceKlass sun/util/resources/provider/NonBaseLocaleDataMetaInfo
instanceKlass org/eclipse/buildship/core/internal/console/StdProcessStreamsProvider
instanceKlass  @bci sun/util/locale/provider/JRELocaleProviderAdapter createSupportedLocaleString (Ljava/lang/String;)Ljava/lang/String; 6 <appendix> member <vmtarget> ; # sun/util/locale/provider/JRELocaleProviderAdapter$$Lambda+0x00000222903c79a0
instanceKlass org/eclipse/buildship/core/internal/workspace/InternalGradleBuild
instanceKlass org/eclipse/aether/internal/impl/synccontext/named/providers/FileHashingGAVNameMapperProvider
instanceKlass sun/util/locale/provider/BaseLocaleDataMetaInfo
instanceKlass  @bci sun/util/locale/provider/JRELocaleProviderAdapter getTimeZoneNameProvider ()Ljava/util/spi/TimeZoneNameProvider; 8 <appendix> member <vmtarget> ; # sun/util/locale/provider/JRELocaleProviderAdapter$$Lambda+0x00000222903c7520
instanceKlass org/eclipse/buildship/core/internal/workspace/DefaultGradleWorkspace
instanceKlass org/eclipse/aether/internal/impl/synccontext/named/providers/FileHashingGAECVNameMapperProvider
instanceKlass com/google/gson/reflect/TypeToken
instanceKlass org/eclipse/buildship/core/internal/event/Event
instanceKlass org/eclipse/aether/internal/impl/synccontext/named/providers/FileGAVNameMapperProvider
instanceKlass org/eclipse/buildship/core/internal/util/gradle/PublishedGradleVersions
instanceKlass org/eclipse/aether/internal/impl/synccontext/named/providers/FileGAECVNameMapperProvider
instanceKlass org/eclipse/buildship/core/internal/workspace/DefaultWorkspaceOperations
instanceKlass org/eclipse/aether/internal/impl/synccontext/named/NameMapper
instanceKlass org/eclipse/aether/internal/impl/synccontext/named/providers/DiscriminatingNameMapperProvider
instanceKlass  @bci sun/util/cldr/CLDRLocaleProviderAdapter getTimeZoneNameProvider ()Ljava/util/spi/TimeZoneNameProvider; 8 <appendix> member <vmtarget> ; # sun/util/cldr/CLDRLocaleProviderAdapter$$Lambda+0x00000222903c6e78
instanceKlass sun/util/locale/provider/TimeZoneNameUtility$TimeZoneNameGetter
instanceKlass sun/util/locale/provider/TimeZoneNameUtility
instanceKlass org/eclipse/aether/internal/impl/synccontext/named/NamedLockFactoryAdapterFactoryImpl
instanceKlass java/io/PrintWriter$1
instanceKlass jdk/internal/access/JavaIOPrintWriterAccess
instanceKlass org/eclipse/aether/internal/impl/synccontext/named/NamedLockFactoryAdapterFactory
instanceKlass org/springframework/tooling/jdt/ls/commons/Logger$DefaultLogger
instanceKlass org/eclipse/buildship/core/internal/util/gradle/PublishedGradleVersionsWrapper$LoadVersionsJob$1
instanceKlass org/springframework/tooling/jdt/ls/commons/Logger
instanceKlass  @bci org/springframework/tooling/jdt/ls/extension/JdtLsExtensionPlugin start (Lorg/osgi/framework/BundleContext;)V 9 <appendix> argL0 ; # org/springframework/tooling/jdt/ls/extension/JdtLsExtensionPlugin$$Lambda+0x000002229040a268
instanceKlass org/eclipse/aether/internal/impl/synccontext/legacy/DefaultSyncContextFactory
instanceKlass org/eclipse/buildship/core/internal/util/logging/EclipseLogger
instanceKlass org/eclipse/aether/impl/SyncContextFactory
instanceKlass org/eclipse/aether/internal/impl/synccontext/DefaultSyncContextFactory
instanceKlass org/eclipse/buildship/core/internal/util/gradle/PublishedGradleVersionsWrapper
instanceKlass org/eclipse/buildship/core/internal/Logger
instanceKlass org/eclipse/aether/spi/synccontext/SyncContextFactory
instanceKlass org/eclipse/buildship/core/internal/ToolingApiSystemProperties
instanceKlass org/eclipse/buildship/core/internal/workspace/InternalGradleWorkspace
instanceKlass org/eclipse/buildship/core/GradleWorkspace
instanceKlass org/eclipse/buildship/core/internal/workspace/WorkspaceOperations
instanceKlass org/eclipse/aether/internal/impl/slf4j/Slf4jLoggerFactory
instanceKlass org/eclipse/buildship/core/internal/event/ListenerRegistry
instanceKlass org/eclipse/buildship/core/internal/console/ProcessStreamsProvider
instanceKlass org/eclipse/buildship/core/internal/launch/ExternalLaunchConfigurationManager
instanceKlass org/eclipse/buildship/core/internal/launch/GradleLaunchConfigurationManager
instanceKlass org/eclipse/buildship/core/GradleBuild
instanceKlass org/eclipse/aether/internal/impl/resolution/ArtifactResolverPostProcessorSupport
instanceKlass org/eclipse/buildship/core/internal/preferences/ModelPersistence
instanceKlass org/eclipse/buildship/core/internal/extension/ExtensionManager
instanceKlass org/eclipse/buildship/core/internal/operation/ToolingApiOperationManager
instanceKlass org/eclipse/buildship/core/internal/configuration/ConfigurationManager
instanceKlass org/eclipse/buildship/core/invocation/InvocationCustomizer
instanceKlass org/eclipse/buildship/core/internal/TraceScope
instanceKlass org/eclipse/aether/internal/impl/filter/RemoteRepositoryFilterSourceSupport
instanceKlass org/eclipse/aether/spi/connector/filter/RemoteRepositoryFilterSource
instanceKlass java/util/concurrent/locks/ReentrantReadWriteLock$Sync$HoldCounter
instanceKlass org/eclipse/jdt/ls/core/internal/handlers/BundleUtils
instanceKlass org/eclipse/aether/spi/resolution/ArtifactResolverPostProcessor
instanceKlass org/eclipse/aether/internal/impl/filter/DefaultRemoteRepositoryFilterManager
instanceKlass org/eclipse/aether/impl/RemoteRepositoryFilterManager
instanceKlass org/eclipse/aether/internal/impl/collect/DependencyCollectorDelegate
instanceKlass org/eclipse/aether/internal/impl/collect/DefaultDependencyCollector
instanceKlass org/eclipse/aether/impl/DependencyCollector
instanceKlass org/eclipse/equinox/internal/security/storage/SecurePreferencesWrapper
instanceKlass org/eclipse/aether/internal/impl/checksum/TrustedToProvidedChecksumsSourceAdapter
instanceKlass org/eclipse/aether/spi/checksums/ProvidedChecksumsSource
instanceKlass org/eclipse/equinox/security/storage/ISecurePreferences
instanceKlass org/eclipse/equinox/internal/security/storage/SecurePreferencesContainer
instanceKlass  @bci org/eclipse/equinox/internal/security/storage/SecurePreferencesRoot load ()V 241 <appendix> member <vmtarget> ; # org/eclipse/equinox/internal/security/storage/SecurePreferencesRoot$$Lambda+0x0000022290400b38
instanceKlass javax/crypto/spec/PBEKeySpec
instanceKlass org/eclipse/equinox/internal/security/storage/PasswordExt
instanceKlass org/eclipse/equinox/internal/security/storage/JavaEncryption
instanceKlass org/eclipse/equinox/security/storage/provider/IPreferencesContainer
instanceKlass org/eclipse/aether/internal/impl/checksum/FileTrustedChecksumsSourceSupport
instanceKlass org/eclipse/aether/spi/checksums/TrustedChecksumsSource
instanceKlass org/eclipse/equinox/internal/security/storage/SecurePreferences
instanceKlass org/eclipse/equinox/internal/security/storage/friends/IStorageConstants
instanceKlass org/eclipse/equinox/internal/security/storage/StorageUtils
instanceKlass org/eclipse/aether/spi/connector/checksum/ChecksumAlgorithmFactorySupport
instanceKlass org/eclipse/aether/spi/connector/checksum/ChecksumAlgorithmFactory
instanceKlass org/eclipse/equinox/internal/security/storage/SecurePreferencesMapper
instanceKlass org/eclipse/equinox/security/storage/SecurePreferencesFactory
instanceKlass org/eclipse/aether/internal/impl/checksum/DefaultChecksumAlgorithmFactorySelector
instanceKlass org/eclipse/aether/spi/connector/checksum/ChecksumAlgorithmFactorySelector
instanceKlass org/eclipse/aether/internal/impl/SimpleLocalRepositoryManagerFactory
instanceKlass com/sun/jna/Function$PostCallRead
instanceKlass org/eclipse/aether/internal/impl/Maven2RepositoryLayoutFactory
instanceKlass org/eclipse/aether/spi/connector/layout/RepositoryLayoutFactory
instanceKlass org/eclipse/aether/spi/log/LoggerFactory
instanceKlass com/sun/jna/NativeString
instanceKlass org/eclipse/aether/internal/impl/LoggerFactoryProvider
instanceKlass com/sun/jna/Library$Handler$FunctionInfo
instanceKlass org/eclipse/aether/internal/impl/EnhancedLocalRepositoryManagerFactory
instanceKlass org/eclipse/aether/spi/localrepo/LocalRepositoryManagerFactory
instanceKlass org/eclipse/aether/internal/impl/DefaultUpdatePolicyAnalyzer
instanceKlass org/eclipse/aether/impl/UpdatePolicyAnalyzer
instanceKlass com/sun/jna/internal/ReflectionUtils
instanceKlass org/eclipse/aether/internal/impl/DefaultUpdateCheckManager
instanceKlass com/sun/jna/Native$4
instanceKlass org/eclipse/aether/impl/UpdateCheckManager
instanceKlass com/sun/jna/Library$Handler
instanceKlass org/eclipse/aether/internal/impl/DefaultTransporterProvider
instanceKlass org/eclipse/aether/spi/connector/transport/TransporterProvider
instanceKlass com/sun/jna/win32/W32APIFunctionMapper
instanceKlass com/sun/jna/FunctionMapper
instanceKlass org/eclipse/aether/internal/impl/DefaultTrackingFileManager
instanceKlass org/eclipse/aether/internal/impl/TrackingFileManager
instanceKlass com/sun/jna/win32/W32APIOptions
instanceKlass org/eclipse/core/net/internal/proxy/win32/ProxyProviderWin32$WinHttp
instanceKlass com/sun/jna/win32/StdCallLibrary
instanceKlass com/sun/jna/win32/StdCall
instanceKlass com/sun/jna/AltCallingConvention
instanceKlass org/eclipse/aether/internal/impl/DefaultRepositorySystemLifecycle
instanceKlass org/eclipse/core/internal/net/ProxyData
instanceKlass org/eclipse/aether/impl/RepositorySystemLifecycle
instanceKlass org/eclipse/aether/internal/impl/DefaultRepositorySystem
instanceKlass org/eclipse/aether/RepositorySystem
instanceKlass org/eclipse/equinox/internal/security/auth/AuthPlugin
instanceKlass org/eclipse/aether/internal/impl/DefaultRepositoryLayoutProvider
instanceKlass org/eclipse/core/internal/net/ProxyType
instanceKlass org/eclipse/aether/spi/connector/layout/RepositoryLayoutProvider
instanceKlass org/eclipse/aether/internal/impl/DefaultRepositoryEventDispatcher
instanceKlass org/eclipse/aether/impl/RepositoryEventDispatcher
instanceKlass org/eclipse/aether/internal/impl/DefaultRepositoryConnectorProvider
instanceKlass org/eclipse/aether/impl/RepositoryConnectorProvider
instanceKlass org/eclipse/aether/internal/impl/DefaultRemoteRepositoryManager
instanceKlass org/eclipse/aether/impl/RemoteRepositoryManager
instanceKlass org/eclipse/aether/internal/impl/DefaultOfflineController
instanceKlass org/eclipse/aether/impl/OfflineController
instanceKlass org/eclipse/aether/internal/impl/DefaultMetadataResolver
instanceKlass org/eclipse/aether/impl/MetadataResolver
instanceKlass org/eclipse/aether/internal/impl/DefaultLocalRepositoryProvider
instanceKlass org/eclipse/aether/impl/LocalRepositoryProvider
instanceKlass org/eclipse/core/net/proxy/IProxyChangeEvent
instanceKlass org/eclipse/aether/internal/impl/LocalPathPrefixComposerFactorySupport
instanceKlass org/eclipse/aether/internal/impl/LocalPathPrefixComposerFactory
instanceKlass org/eclipse/aether/internal/impl/DefaultLocalPathComposer
instanceKlass org/eclipse/aether/internal/impl/LocalPathComposer
instanceKlass org/eclipse/core/internal/net/AbstractProxyProvider
instanceKlass org/eclipse/core/internal/net/ProxyManager
instanceKlass org/eclipse/core/net/proxy/IProxyService
instanceKlass org/eclipse/aether/internal/impl/DefaultInstaller
instanceKlass org/eclipse/aether/impl/Installer
instanceKlass  @bci org/eclipse/core/internal/net/Policy <clinit> ()V 8 <appendix> argL0 ; # org/eclipse/core/internal/net/Policy$$Lambda+0x00000222903b1618
instanceKlass org/eclipse/core/internal/net/Policy
instanceKlass org/eclipse/aether/internal/impl/DefaultFileProcessor
instanceKlass org/eclipse/aether/spi/io/FileProcessor
instanceKlass org/eclipse/aether/internal/impl/DefaultDeployer
instanceKlass org/eclipse/aether/impl/Deployer
instanceKlass org/eclipse/core/net/proxy/IProxyData
instanceKlass org/eclipse/core/internal/net/PreferenceManager
instanceKlass org/eclipse/core/internal/net/Activator
instanceKlass org/eclipse/core/internal/net/ProxySelector
instanceKlass java/text/DontCareFieldPosition$1
instanceKlass org/eclipse/aether/internal/impl/DefaultChecksumPolicyProvider
instanceKlass org/eclipse/aether/spi/connector/checksum/ChecksumPolicyProvider
instanceKlass org/eclipse/aether/internal/impl/DefaultArtifactResolver
instanceKlass org/eclipse/osgi/framework/log/FrameworkLogEntry
instanceKlass org/eclipse/aether/impl/ArtifactResolver
instanceKlass org/eclipse/jdt/ls/core/internal/DiagnosticsState
instanceKlass org/eclipse/jdt/ls/core/internal/managers/ContentProviderManager
instanceKlass org/eclipse/aether/connector/basic/BasicRepositoryConnectorFactory
instanceKlass org/eclipse/aether/spi/locator/Service
instanceKlass org/eclipse/aether/spi/connector/RepositoryConnectorFactory
instanceKlass org/apache/maven/model/validation/DefaultModelValidator
instanceKlass org/apache/maven/model/validation/ModelValidator
instanceKlass org/apache/maven/model/superpom/DefaultSuperPomProvider
instanceKlass org/apache/maven/model/superpom/SuperPomProvider
instanceKlass org/apache/maven/model/profile/activation/PropertyProfileActivator
instanceKlass org/apache/maven/model/profile/activation/OperatingSystemProfileActivator
instanceKlass org/apache/maven/model/profile/activation/JdkVersionProfileActivator
instanceKlass org/apache/maven/model/profile/activation/FileProfileActivator
instanceKlass org/apache/maven/model/profile/activation/ProfileActivator
instanceKlass org/apache/maven/model/profile/DefaultProfileSelector
instanceKlass org/apache/maven/model/profile/ProfileSelector
instanceKlass org/apache/maven/model/profile/DefaultProfileInjector
instanceKlass org/apache/maven/model/profile/ProfileInjector
instanceKlass org/eclipse/jdt/ls/core/internal/managers/DigestStore
instanceKlass org/eclipse/lsp4j/jsonrpc/messages/Either
instanceKlass org/apache/maven/model/plugin/DefaultReportingConverter
instanceKlass org/apache/maven/model/plugin/ReportingConverter
instanceKlass org/apache/maven/model/plugin/DefaultReportConfigurationExpander
instanceKlass org/apache/maven/model/plugin/ReportConfigurationExpander
instanceKlass org/eclipse/jdt/ls/core/internal/preferences/IPreferencesChangeListener
instanceKlass org/eclipse/jdt/ls/core/internal/framework/IFrameworkSupport
instanceKlass org/apache/maven/model/plugin/DefaultPluginConfigurationExpander
instanceKlass org/apache/maven/model/plugin/PluginConfigurationExpander
instanceKlass org/apache/maven/model/path/ProfileActivationFilePathInterpolator
instanceKlass org/apache/maven/model/path/DefaultUrlNormalizer
instanceKlass org/apache/maven/model/path/UrlNormalizer
instanceKlass org/apache/maven/model/path/DefaultPathTranslator
instanceKlass org/apache/maven/model/path/PathTranslator
instanceKlass  @bci org/eclipse/core/internal/preferences/EclipsePreferences firePreferenceEvent (Ljava/lang/String;Ljava/lang/Object;Ljava/lang/Object;)V 41 <appendix> member <vmtarget> ; # org/eclipse/core/internal/preferences/EclipsePreferences$$Lambda+0x000002229017a998
instanceKlass org/apache/maven/model/path/DefaultModelUrlNormalizer
instanceKlass org/apache/maven/model/path/ModelUrlNormalizer
instanceKlass org/apache/maven/model/path/DefaultModelPathTranslator
instanceKlass org/apache/maven/model/path/ModelPathTranslator
instanceKlass org/apache/maven/model/normalization/DefaultModelNormalizer
instanceKlass org/apache/maven/model/normalization/ModelNormalizer
instanceKlass org/apache/maven/model/management/DefaultPluginManagementInjector
instanceKlass org/apache/maven/model/management/PluginManagementInjector
instanceKlass org/apache/maven/model/management/DefaultDependencyManagementInjector
instanceKlass org/apache/maven/model/management/DependencyManagementInjector
instanceKlass org/eclipse/text/templates/TemplateStoreCore
instanceKlass org/apache/maven/model/locator/DefaultModelLocator
instanceKlass org/apache/maven/model/io/DefaultModelWriter
instanceKlass org/apache/maven/model/io/ModelWriter
instanceKlass org/apache/maven/model/io/DefaultModelReader
instanceKlass com/sun/org/apache/xml/internal/serializer/WriterChain
instanceKlass org/apache/maven/model/interpolation/AbstractStringBasedModelInterpolator
instanceKlass org/apache/maven/model/interpolation/ModelInterpolator
instanceKlass com/sun/org/apache/xalan/internal/xsltc/trax/DOM2TO
instanceKlass javax/xml/transform/stax/StAXSource
instanceKlass javax/xml/transform/sax/SAXSource
instanceKlass javax/xml/transform/stream/StreamSource
instanceKlass org/apache/maven/model/interpolation/DefaultModelVersionProcessor
instanceKlass org/apache/maven/model/interpolation/ModelVersionProcessor
instanceKlass com/sun/org/apache/xml/internal/serializer/NamespaceMappings$MappingRecord
instanceKlass com/sun/org/apache/xml/internal/serializer/NamespaceMappings
instanceKlass org/apache/maven/model/inheritance/DefaultInheritanceAssembler
instanceKlass org/apache/maven/model/inheritance/InheritanceAssembler
instanceKlass org/apache/maven/model/composition/DefaultDependencyManagementImporter
instanceKlass org/apache/maven/model/composition/DependencyManagementImporter
instanceKlass  @bci sun/reflect/annotation/AnnotationParser parseClassArray (ILjava/nio/ByteBuffer;Ljdk/internal/reflect/ConstantPool;Ljava/lang/Class;)Ljava/lang/Object; 10 <appendix> member <vmtarget> ; # sun/reflect/annotation/AnnotationParser$$Lambda+0x00000222903c3300
instanceKlass org/apache/maven/model/building/DefaultModelProcessor
instanceKlass org/apache/maven/model/building/ModelProcessor
instanceKlass org/apache/maven/model/io/ModelReader
instanceKlass org/apache/maven/model/locator/ModelLocator
instanceKlass org/apache/maven/model/building/DefaultModelBuilder
instanceKlass org/apache/maven/model/building/ModelBuilder
instanceKlass org/apache/maven/cli/internal/BootstrapCoreExtensionManager
instanceKlass org/apache/maven/toolchain/io/DefaultToolchainsWriter
instanceKlass org/apache/maven/toolchain/io/ToolchainsWriter
instanceKlass org/apache/maven/toolchain/io/DefaultToolchainsReader
instanceKlass org/apache/maven/toolchain/io/ToolchainsReader
instanceKlass org/apache/maven/toolchain/building/DefaultToolchainsBuilder
instanceKlass org/apache/maven/toolchain/building/ToolchainsBuilder
instanceKlass org/apache/maven/session/scope/internal/SessionScope$ScopeState
instanceKlass  @bci org/apache/maven/session/scope/internal/SessionScope <clinit> ()V 0 <appendix> argL0 ; # org/apache/maven/session/scope/internal/SessionScope$$Lambda+0x00000222903a4798
instanceKlass org/apache/maven/session/scope/internal/SessionScope
instanceKlass org/apache/maven/plugin/internal/MavenPluginMavenPrerequisiteChecker
instanceKlass org/apache/maven/plugin/internal/MavenPluginJavaPrerequisiteChecker
instanceKlass org/apache/maven/plugin/MavenPluginPrerequisitesChecker
instanceKlass org/apache/maven/plugin/internal/AbstractMavenPluginDependenciesValidator
instanceKlass org/apache/maven/plugin/internal/MavenPluginDependenciesValidator
instanceKlass org/apache/maven/plugin/internal/AbstractMavenPluginParametersValidator
instanceKlass org/apache/maven/plugin/internal/MavenPluginConfigurationValidator
instanceKlass org/apache/maven/eventspy/AbstractEventSpy
instanceKlass org/apache/maven/plugin/PluginValidationManager
instanceKlass org/apache/maven/plugin/DefaultMojosExecutionStrategy
instanceKlass org/apache/maven/plugin/MojosExecutionStrategy
instanceKlass org/apache/maven/lifecycle/internal/LifecycleDependencyResolver
instanceKlass org/apache/maven/lifecycle/internal/DefaultProjectArtifactFactory
instanceKlass org/apache/maven/lifecycle/internal/ProjectArtifactFactory
instanceKlass org/sonatype/plexus/components/sec/dispatcher/SecDispatcher
instanceKlass org/apache/maven/internal/secdispatcher/SecDispatcherProvider
instanceKlass org/apache/maven/internal/aether/ResolverLifecycle
instanceKlass sun/nio/cs/DelegatableDecoder
instanceKlass org/apache/maven/internal/aether/DefaultRepositorySystemSessionFactory
instanceKlass org/apache/maven/extension/internal/CoreExportsProvider
instanceKlass org/apache/maven/execution/scope/internal/MojoExecutionScope$ScopeState
instanceKlass org/apache/maven/execution/MojoExecutionEvent
instanceKlass org/apache/maven/execution/scope/MojoExecutionScoped
instanceKlass com/google/inject/RestrictedBindingSource$Permit
instanceKlass org/apache/maven/execution/scope/internal/MojoExecutionScope$1
instanceKlass org/apache/maven/execution/scope/internal/MojoExecutionScope
instanceKlass org/apache/maven/execution/MojoExecutionListener
instanceKlass  @bci org/eclipse/sisu/space/QualifiedTypeBinder newInstance (Ljava/lang/Class;)Ljava/lang/Object; 17 <appendix> member <vmtarget> ; # org/eclipse/sisu/space/QualifiedTypeBinder$$Lambda+0x0000022290392e90
instanceKlass org/apache/maven/execution/DefaultMavenExecutionRequestPopulator
instanceKlass org/apache/maven/execution/MavenExecutionRequestPopulator
instanceKlass org/apache/maven/classrealm/DefaultClassRealmManager
instanceKlass org/apache/maven/classrealm/ClassRealmManager
instanceKlass java/nio/charset/Charset$1
instanceKlass java/nio/charset/Charset$2
instanceKlass java/nio/charset/Charset$ThreadTrackHolder
instanceKlass org/apache/maven/SessionScoped
instanceKlass org/apache/maven/ReactorReader
instanceKlass org/apache/maven/repository/internal/MavenWorkspaceReader
instanceKlass org/apache/maven/DefaultArtifactFilterManager
instanceKlass org/apache/maven/ArtifactFilterManager
instanceKlass org/eclipse/sisu/space/WildcardKey$QualifiedImpl
instanceKlass org/eclipse/sisu/space/WildcardKey$Qualified
instanceKlass org/eclipse/sisu/space/WildcardKey
instanceKlass org/eclipse/sisu/Typed
instanceKlass org/sonatype/inject/EagerSingleton
instanceKlass java/nio/charset/Charset$ExtendedProviderHolder$1
instanceKlass java/nio/charset/Charset$ExtendedProviderHolder
instanceKlass org/eclipse/sisu/EagerSingleton
instanceKlass org/sonatype/inject/Mediator
instanceKlass  @bci jdk/xml/internal/SecuritySupport getResourceAsStream (Ljava/lang/String;)Ljava/io/InputStream; 1 <appendix> member <vmtarget> ; # jdk/xml/internal/SecuritySupport$$Lambda+0x00000222903c0000
instanceKlass com/sun/org/apache/xml/internal/serializer/Encodings$EncodingInfos
instanceKlass org/eclipse/sisu/inject/TypeArguments
instanceKlass com/sun/org/apache/xml/internal/serializer/Encodings
instanceKlass com/sun/org/apache/xml/internal/serializer/ToStream$CharacterBuffer
instanceKlass org/eclipse/m2e/internal/maven/listener/M2EMavenBuildDataBridge
instanceKlass com/sun/org/apache/xml/internal/serializer/EncodingInfo
instanceKlass org/apache/maven/eventspy/EventSpy
instanceKlass com/sun/org/apache/xml/internal/serializer/ToStream$BoolStack
instanceKlass com/sun/org/apache/xml/internal/serializer/ElemContext
instanceKlass org/xml/sax/helpers/AttributesImpl
instanceKlass org/objectweb/asm/Context
instanceKlass com/sun/org/apache/xml/internal/serializer/CharInfo$CharKey
instanceKlass org/objectweb/asm/Attribute
instanceKlass sun/util/ResourceBundleEnumeration
instanceKlass org/objectweb/asm/AnnotationVisitor
instanceKlass com/sun/org/apache/xml/internal/serializer/CharInfo
instanceKlass com/sun/org/apache/xml/internal/serializer/SerializerBase
instanceKlass com/sun/org/apache/xml/internal/serializer/SerializerConstants
instanceKlass com/sun/org/apache/xml/internal/serializer/SerializationHandler
instanceKlass com/sun/org/apache/xml/internal/serializer/Serializer
instanceKlass com/sun/org/apache/xml/internal/serializer/DOMSerializer
instanceKlass org/xml/sax/ext/DeclHandler
instanceKlass com/sun/org/apache/xml/internal/serializer/XSLOutputAttributes
instanceKlass com/sun/org/apache/xml/internal/serializer/ExtendedLexicalHandler
instanceKlass org/xml/sax/ext/LexicalHandler
instanceKlass com/sun/org/apache/xml/internal/serializer/ExtendedContentHandler
instanceKlass javax/xml/transform/dom/DOMResult
instanceKlass javax/xml/transform/stax/StAXResult
instanceKlass javax/xml/transform/sax/SAXResult
instanceKlass com/sun/org/apache/xalan/internal/xsltc/runtime/output/TransletOutputHandlerFactory
instanceKlass javax/xml/transform/dom/DOMSource
instanceKlass com/sun/org/apache/xml/internal/utils/XMLReaderManager
instanceKlass org/objectweb/asm/ClassReader
instanceKlass com/sun/org/apache/xml/internal/serializer/OutputPropertiesFactory
instanceKlass javax/xml/transform/Transformer
instanceKlass com/sun/org/apache/xalan/internal/xsltc/DOMCache
instanceKlass  @bci javax/xml/catalog/CatalogFeatures setProperties (Ljavax/xml/catalog/CatalogFeatures$Builder;)V 5 <appendix> member <vmtarget> ; # javax/xml/catalog/CatalogFeatures$$Lambda+0x00000222901f92f0
instanceKlass org/eclipse/sisu/space/IndexedClassFinder$1
instanceKlass javax/xml/catalog/CatalogMessages
instanceKlass javax/xml/catalog/Util
instanceKlass  @bci javax/xml/transform/FactoryFinder newInstance (Ljava/lang/Class;Ljava/lang/String;Ljava/lang/ClassLoader;Z)Ljava/lang/Object; 107 <appendix> member <vmtarget> ; # javax/xml/transform/FactoryFinder$$Lambda+0x00000222901f8878
instanceKlass jdk/xml/internal/JdkProperty
instanceKlass com/sun/org/apache/xalan/internal/utils/FeaturePropertyBase
instanceKlass jdk/xml/internal/JdkXmlFeatures
instanceKlass javax/xml/catalog/CatalogFeatures$Builder
instanceKlass javax/xml/catalog/CatalogFeatures
instanceKlass jdk/xml/internal/TransformErrorListener
instanceKlass javax/xml/transform/ErrorListener
instanceKlass com/sun/org/apache/xalan/internal/xsltc/compiler/SourceLoader
instanceKlass org/eclipse/sisu/inject/Logs$SLF4JSink
instanceKlass org/eclipse/sisu/inject/Logs$Sink
instanceKlass org/eclipse/sisu/inject/Logs
instanceKlass  @bci javax/xml/transform/FactoryFinder find (Ljava/lang/Class;Ljava/lang/String;)Ljava/lang/Object; 123 <appendix> member <vmtarget> ; # javax/xml/transform/FactoryFinder$$Lambda+0x00000222901f5c10
instanceKlass javax/xml/transform/FactoryFinder$1
instanceKlass  @bci javax/xml/transform/FactoryFinder find (Ljava/lang/Class;Ljava/lang/String;)Ljava/lang/Object; 24 <appendix> member <vmtarget> ; # javax/xml/transform/FactoryFinder$$Lambda+0x00000222901f57b8
instanceKlass org/eclipse/sisu/space/QualifierCache
instanceKlass javax/xml/transform/FactoryFinder
instanceKlass javax/xml/transform/TransformerFactory
instanceKlass org/eclipse/sisu/space/QualifiedTypeVisitor
instanceKlass org/eclipse/sisu/plexus/PlexusTypeVisitor$ComponentAnnotationVisitor
instanceKlass org/eclipse/sisu/space/AnnotationVisitor
instanceKlass org/eclipse/sisu/plexus/PlexusTypeVisitor
instanceKlass javax/xml/transform/stream/StreamResult
instanceKlass org/eclipse/sisu/space/ClassVisitor
instanceKlass org/eclipse/text/templates/TemplateReaderWriter
instanceKlass org/eclipse/sisu/plexus/PlexusXmlBeanModule$PlexusXmlBeanSource
instanceKlass  @bci org/eclipse/jdt/ls/core/internal/preferences/PreferenceManager reloadTemplateStore ()V 24 <appendix> argL0 ; # org/eclipse/jdt/ls/core/internal/preferences/PreferenceManager$$Lambda+0x0000022290383270
instanceKlass org/eclipse/text/templates/TemplatePersistenceData
instanceKlass org/eclipse/jface/text/templates/Template
instanceKlass java/util/ResourceBundle$Control$2
instanceKlass  @bci java/util/ResourceBundle$ResourceBundleControlProviderHolder lambda$static$0 ()Ljava/util/List; 11 <appendix> argL0 ; # java/util/ResourceBundle$ResourceBundleControlProviderHolder$$Lambda+0x00000222901f49e0
instanceKlass java/util/ServiceLoader$ProviderSpliterator
instanceKlass java/util/spi/ResourceBundleControlProvider
instanceKlass  @bci java/util/ResourceBundle$ResourceBundleControlProviderHolder <clinit> ()V 0 <appendix> argL0 ; # java/util/ResourceBundle$ResourceBundleControlProviderHolder$$Lambda+0x00000222901f4320
instanceKlass java/util/ResourceBundle$ResourceBundleControlProviderHolder
instanceKlass org/eclipse/jface/text/templates/TextTemplateMessages
instanceKlass org/eclipse/sisu/inject/DescriptionSource
instanceKlass org/eclipse/sisu/inject/AnnotatedSource
instanceKlass org/eclipse/sisu/Description
instanceKlass org/eclipse/sisu/Hidden
instanceKlass org/eclipse/sisu/Priority
instanceKlass org/eclipse/sisu/inject/Sources
instanceKlass org/eclipse/jface/text/IRegion
instanceKlass org/eclipse/jdt/ls/core/internal/handlers/FormatterHandler
instanceKlass com/google/inject/internal/MoreTypes$ParameterizedTypeImpl
instanceKlass sun/reflect/generics/reflectiveObjects/ParameterizedTypeImpl
instanceKlass sun/reflect/generics/reflectiveObjects/LazyReflectiveObjectGenerator
instanceKlass sun/nio/fs/WindowsPath$1
instanceKlass org/apache/maven/wagon/Wagon
instanceKlass org/apache/commons/lang3/text/StrTokenizer
instanceKlass org/apache/maven/toolchain/ToolchainsBuilder
instanceKlass org/apache/commons/lang3/text/StrBuilder
instanceKlass org/apache/maven/toolchain/ToolchainManagerPrivate
instanceKlass org/apache/maven/toolchain/ToolchainManager
instanceKlass org/apache/maven/toolchain/ToolchainFactory
instanceKlass org/apache/maven/settings/MavenSettingsBuilder
instanceKlass org/apache/maven/rtinfo/RuntimeInformation
instanceKlass org/apache/maven/project/artifact/ProjectArtifactsCache
instanceKlass org/apache/maven/project/ProjectDependenciesResolver
instanceKlass org/apache/maven/project/ProjectBuildingHelper
instanceKlass org/apache/commons/lang3/builder/Builder
instanceKlass org/apache/maven/project/ProjectBuilder
instanceKlass org/apache/maven/project/MavenProjectHelper
instanceKlass org/apache/maven/plugin/version/PluginVersionResolver
instanceKlass org/apache/maven/plugin/prefix/PluginPrefixResolver
instanceKlass org/apache/maven/plugin/PluginManager
instanceKlass org/apache/maven/plugin/PluginDescriptorCache
instanceKlass org/apache/maven/plugin/MavenPluginManager
instanceKlass org/apache/maven/plugin/LegacySupport
instanceKlass org/apache/maven/plugin/BuildPluginManager
instanceKlass org/apache/maven/model/plugin/LifecycleBindingsInjector
instanceKlass org/apache/maven/lifecycle/internal/builder/BuilderCommon
instanceKlass org/apache/maven/lifecycle/internal/builder/Builder
instanceKlass org/apache/maven/lifecycle/internal/MojoExecutor
instanceKlass  @bci java/util/regex/CharPredicates forUnicodeBlock (Ljava/lang/String;)Ljava/util/regex/Pattern$CharPredicate; 6 <appendix> member <vmtarget> ; # java/util/regex/CharPredicates$$Lambda+0x00000222901f3288
instanceKlass org/apache/maven/lifecycle/internal/MojoDescriptorCreator
instanceKlass org/apache/maven/lifecycle/internal/LifecycleTaskSegmentCalculator
instanceKlass org/apache/maven/lifecycle/internal/LifecycleStarter
instanceKlass org/apache/maven/lifecycle/internal/LifecyclePluginResolver
instanceKlass org/apache/maven/lifecycle/internal/LifecycleModuleBuilder
instanceKlass org/apache/maven/lifecycle/internal/LifecycleExecutionPlanCalculator
instanceKlass org/apache/maven/lifecycle/internal/LifecycleDebugLogger
instanceKlass java/lang/Character$Subset
instanceKlass org/apache/commons/lang3/StringUtils
instanceKlass java/util/DualPivotQuicksort
instanceKlass org/apache/maven/lifecycle/internal/ExecutionEventCatapult
instanceKlass org/apache/maven/lifecycle/internal/BuildListCalculator
instanceKlass org/apache/commons/lang3/ArraySorter
instanceKlass org/apache/maven/lifecycle/MojoExecutionConfigurator
instanceKlass org/apache/maven/lifecycle/LifecycleMappingDelegate
instanceKlass org/apache/maven/lifecycle/LifecycleExecutor
instanceKlass org/apache/maven/lifecycle/LifeCyclePluginAnalyzer
instanceKlass org/apache/commons/lang3/text/StrMatcher
instanceKlass org/apache/maven/lifecycle/DefaultLifecycles
instanceKlass org/apache/maven/graph/GraphBuilder
instanceKlass org/apache/commons/lang3/text/StrSubstitutor
instanceKlass org/apache/maven/exception/ExceptionHandler
instanceKlass org/apache/maven/eventspy/internal/EventSpyDispatcher
instanceKlass org/apache/maven/configuration/BeanConfigurator
instanceKlass org/apache/maven/bridge/MavenRepositorySystem
instanceKlass org/eclipse/jdt/ls/core/internal/ResourceUtils
instanceKlass org/apache/maven/artifact/resolver/ResolutionErrorHandler
instanceKlass org/apache/maven/artifact/repository/metadata/io/MetadataReader
instanceKlass org/eclipse/jdt/ls/core/internal/preferences/Preferences$ReferencedLibraries
instanceKlass java/util/UUID$Holder
instanceKlass org/apache/maven/artifact/metadata/ArtifactMetadataSource
instanceKlass org/apache/maven/repository/legacy/metadata/ArtifactMetadataSource
instanceKlass org/apache/maven/artifact/handler/manager/ArtifactHandlerManager
instanceKlass org/apache/maven/artifact/factory/ArtifactFactory
instanceKlass org/apache/maven/ProjectDependenciesResolver
instanceKlass org/apache/commons/lang3/text/StrLookup
instanceKlass org/apache/maven/Maven
instanceKlass org/eclipse/jdt/ls/core/internal/preferences/Preferences
instanceKlass org/apache/maven/artifact/handler/ArtifactHandler
instanceKlass org/apache/maven/lifecycle/Lifecycle
instanceKlass org/eclipse/jface/text/templates/TemplateContextType
instanceKlass org/eclipse/jface/text/templates/TemplateVariableResolver
instanceKlass java/lang/ProcessEnvironment$CheckedEntry
instanceKlass java/lang/ProcessEnvironment$CheckedEntrySet$1
instanceKlass java/lang/ProcessEnvironment$EntryComparator
instanceKlass java/lang/ProcessEnvironment$NameComparator
instanceKlass java/lang/foreign/MemorySegment
instanceKlass org/eclipse/jdt/ls/core/internal/Environment
instanceKlass org/eclipse/jdt/ls/core/internal/JDTEnvironmentUtils
instanceKlass org/eclipse/jdt/ls/core/internal/handlers/LogHandler$1
instanceKlass org/eclipse/sisu/space/CloningClassSpace$1
instanceKlass org/apache/maven/lifecycle/mapping/LifecycleMapping
instanceKlass  @bci sun/util/locale/provider/JRELocaleProviderAdapter getDateFormatProvider ()Ljava/text/spi/DateFormatProvider; 8 <appendix> member <vmtarget> ; # sun/util/locale/provider/JRELocaleProviderAdapter$$Lambda+0x800000063
instanceKlass org/eclipse/jdt/ls/core/internal/handlers/DefaultLogFilter
instanceKlass org/eclipse/core/runtime/ILogListener
instanceKlass org/eclipse/jdt/ls/core/internal/handlers/LogHandler
instanceKlass org/apache/maven/repository/metadata/GraphConflictResolver
instanceKlass org/apache/maven/repository/metadata/GraphConflictResolutionPolicy
instanceKlass org/eclipse/jdt/internal/core/manipulation/MembersOrderPreferenceCacheCommon
instanceKlass org/eclipse/sisu/plexus/ConfigurationImpl
instanceKlass org/apache/maven/repository/metadata/ClasspathTransformation
instanceKlass org/apache/maven/repository/legacy/resolver/transform/ArtifactTransformationManager
instanceKlass org/apache/maven/repository/legacy/resolver/transform/ArtifactTransformation
instanceKlass org/apache/maven/repository/legacy/resolver/conflict/ConflictResolverFactory
instanceKlass org/eclipse/jdt/core/manipulation/JavaManipulation
instanceKlass org/apache/maven/repository/legacy/resolver/conflict/ConflictResolver
instanceKlass java/net/Authenticator
instanceKlass java/nio/channels/AsynchronousByteChannel
instanceKlass java/nio/channels/AsynchronousChannel
instanceKlass java/net/SocketAddress
instanceKlass org/eclipse/jdt/ls/core/internal/lsp/JavaProtocolExtensions
instanceKlass org/apache/maven/repository/legacy/repository/ArtifactRepositoryFactory
instanceKlass org/apache/maven/repository/legacy/UpdateCheckManager
instanceKlass org/eclipse/jdt/ls/core/internal/syntaxserver/IExtendedProtocol
instanceKlass org/apache/maven/repository/RepositorySystem
instanceKlass org/eclipse/lsp4j/services/WorkspaceService
instanceKlass org/eclipse/lsp4j/services/TextDocumentService
instanceKlass org/apache/maven/repository/MirrorSelector
instanceKlass org/eclipse/lsp4j/services/LanguageServer
instanceKlass org/apache/maven/project/validation/ModelValidator
instanceKlass org/eclipse/jdt/internal/core/DeltaProcessor$2
instanceKlass org/apache/maven/project/path/PathTranslator
instanceKlass org/eclipse/core/internal/events/NotificationManager$1
instanceKlass org/apache/maven/project/interpolation/ModelInterpolator
instanceKlass org/eclipse/jdt/ls/core/internal/BaseJDTLanguageServer
instanceKlass org/eclipse/jdt/internal/core/ModelUpdater
instanceKlass org/apache/maven/project/inheritance/ModelInheritanceAssembler
instanceKlass org/eclipse/text/templates/ContextTypeRegistry
instanceKlass org/apache/maven/project/MavenProjectBuilder
instanceKlass org/eclipse/jdt/ls/core/internal/managers/ISourceDownloader
instanceKlass org/eclipse/jdt/internal/core/JavaModelManager$20$1
instanceKlass org/apache/maven/profiles/MavenProfilesBuilder
instanceKlass org/apache/maven/execution/RuntimeInformation
instanceKlass  @bci org/eclipse/jdt/internal/core/search/processing/JobManager reset ()V 38 <appendix> member <vmtarget> ; # org/eclipse/jdt/internal/core/search/processing/JobManager$$Lambda+0x0000022290327628
instanceKlass org/eclipse/jdt/internal/core/ExternalAnnotationTracker$DirectoryNode
instanceKlass org/eclipse/jdt/internal/core/ExternalAnnotationTracker
instanceKlass org/apache/maven/artifact/resolver/ArtifactResolver
instanceKlass org/apache/maven/artifact/resolver/ArtifactCollector
instanceKlass org/apache/maven/repository/legacy/resolver/LegacyArtifactCollector
instanceKlass org/apache/maven/artifact/repository/metadata/RepositoryMetadataManager
instanceKlass org/apache/maven/artifact/repository/layout/ArtifactRepositoryLayout
instanceKlass org/apache/maven/artifact/repository/ArtifactRepositoryFactory
instanceKlass org/apache/maven/artifact/manager/WagonManager
instanceKlass org/apache/maven/repository/legacy/WagonManager
instanceKlass org/apache/maven/artifact/installer/ArtifactInstaller
instanceKlass org/eclipse/sisu/plexus/PlexusXmlMetadata
instanceKlass org/eclipse/sisu/plexus/Roles
instanceKlass org/apache/maven/artifact/deployer/ArtifactDeployer
instanceKlass org/eclipse/sisu/plexus/Hints
instanceKlass org/eclipse/jdt/internal/core/DeltaProcessor$RootInfo
instanceKlass org/eclipse/sisu/space/AbstractDeferredClass
instanceKlass org/eclipse/sisu/plexus/RequirementImpl
instanceKlass org/codehaus/plexus/component/annotations/Requirement
instanceKlass org/eclipse/jdt/internal/core/JavaProject$ResolvedClasspath
instanceKlass org/eclipse/jdt/internal/core/ClasspathChange
instanceKlass  @bci jdk/xml/internal/SecuritySupport getResourceBundle (Ljava/lang/String;Ljava/util/Locale;)Ljava/util/ResourceBundle; 2 <appendix> member <vmtarget> ; # jdk/xml/internal/SecuritySupport$$Lambda+0x00000222901f0370
instanceKlass com/sun/org/apache/xerces/internal/dom/DOMMessageFormatter
instanceKlass org/w3c/dom/Attr
instanceKlass com/sun/org/apache/xerces/internal/dom/NamedNodeMapImpl
instanceKlass org/w3c/dom/NamedNodeMap
instanceKlass com/sun/org/apache/xerces/internal/dom/CharacterDataImpl$1
instanceKlass org/w3c/dom/Text
instanceKlass org/w3c/dom/CharacterData
instanceKlass com/sun/org/apache/xerces/internal/dom/DeepNodeListImpl
instanceKlass org/eclipse/sisu/space/Streams
instanceKlass org/eclipse/sisu/plexus/ComponentImpl
instanceKlass org/eclipse/sisu/plexus/PlexusTypeRegistry
instanceKlass org/eclipse/sisu/plexus/PlexusXmlScanner
instanceKlass org/eclipse/sisu/space/QualifiedTypeBinder
instanceKlass org/eclipse/sisu/plexus/PlexusTypeBinder
instanceKlass com/sun/org/apache/xerces/internal/dom/DeferredDocumentImpl$RefCount
instanceKlass com/sun/org/apache/xerces/internal/dom/NodeListCache
instanceKlass org/eclipse/aether/AbstractRepositoryListener
instanceKlass org/w3c/dom/TypeInfo
instanceKlass org/w3c/dom/ElementTraversal
instanceKlass org/w3c/dom/Element
instanceKlass org/w3c/dom/DocumentType
instanceKlass org/eclipse/aether/RepositoryListener
instanceKlass com/google/inject/Key$AnnotationInstanceStrategy
instanceKlass com/sun/org/apache/xerces/internal/dom/NodeImpl
instanceKlass org/w3c/dom/events/EventTarget
instanceKlass org/w3c/dom/NodeList
instanceKlass org/w3c/dom/Document
instanceKlass com/google/inject/name/NamedImpl
instanceKlass com/google/inject/name/Named
instanceKlass org/w3c/dom/ranges/DocumentRange
instanceKlass org/w3c/dom/events/DocumentEvent
instanceKlass org/w3c/dom/traversal/DocumentTraversal
instanceKlass com/google/inject/name/Names
instanceKlass com/sun/org/apache/xerces/internal/dom/DeferredNode
instanceKlass org/apache/maven/artifact/versioning/ComparableVersion$IntItem
instanceKlass org/apache/maven/artifact/versioning/ComparableVersion$Item
instanceKlass org/apache/maven/artifact/versioning/ComparableVersion
instanceKlass org/apache/maven/artifact/versioning/DefaultArtifactVersion
instanceKlass sun/nio/ch/Util$BufferCache
instanceKlass org/apache/maven/artifact/versioning/ArtifactVersion
instanceKlass sun/nio/ch/Util
instanceKlass org/eclipse/m2e/core/internal/embedder/EclipseClassRealmManagerDelegate
instanceKlass sun/nio/ch/IOStatus
instanceKlass org/apache/maven/classrealm/ClassRealmManagerDelegate
instanceKlass org/sonatype/plexus/build/incremental/ThreadBuildContext
instanceKlass org/sonatype/plexus/build/incremental/BuildContext
instanceKlass java/nio/channels/NetworkChannel
instanceKlass org/apache/maven/plugin/internal/DefaultPluginDependenciesResolver
instanceKlass org/apache/maven/plugin/internal/PluginDependenciesResolver
instanceKlass org/apache/maven/plugin/DefaultPluginArtifactsCache
instanceKlass sun/nio/ch/SelChImpl
instanceKlass org/apache/maven/plugin/PluginArtifactsCache
instanceKlass sun/nio/ch/Streams
instanceKlass java/nio/channels/Channels
instanceKlass sun/nio/fs/WindowsSecurityDescriptor
instanceKlass org/apache/maven/plugin/DefaultPluginRealmCache
instanceKlass org/eclipse/jdt/internal/core/util/Util
instanceKlass org/apache/maven/plugin/PluginRealmCache
instanceKlass org/apache/maven/project/DefaultProjectRealmCache
instanceKlass org/apache/maven/project/ProjectRealmCache
instanceKlass org/apache/maven/plugin/DefaultExtensionRealmCache
instanceKlass org/apache/maven/plugin/ExtensionRealmCache
instanceKlass org/codehaus/plexus/component/annotations/Component
instanceKlass org/apache/maven/project/artifact/DefaultMavenMetadataCache
instanceKlass org/eclipse/m2e/core/internal/project/IManagedCache
instanceKlass org/apache/maven/project/artifact/MavenMetadataCache
instanceKlass org/eclipse/m2e/core/internal/embedder/DefaultMavenComponentContributor
instanceKlass org/eclipse/m2e/core/internal/embedder/IMavenComponentContributor
instanceKlass ch/qos/logback/classic/spi/LoggerContextListener
instanceKlass java/lang/Deprecated
instanceKlass ch/qos/logback/core/spi/ConfigurationEvent
instanceKlass ch/qos/logback/core/spi/ConfigurationEventListener
instanceKlass ch/qos/logback/core/spi/SequenceNumberGenerator
instanceKlass ch/qos/logback/core/LifeCycleManager
instanceKlass org/eclipse/jdt/internal/core/JavaModelManager$SecondaryTypes
instanceKlass com/google/inject/spi/InjectionRequest
instanceKlass org/eclipse/sisu/bean/BeanProperty
instanceKlass com/google/common/collect/ObjectArrays
instanceKlass com/google/inject/internal/Nullability
instanceKlass  @bci com/google/inject/internal/KotlinSupport$KotlinUnsupported <clinit> ()V 7 <appendix> argL0 ; # com/google/inject/internal/KotlinSupport$KotlinUnsupported$$Lambda+0x000002229035f480
instanceKlass com/google/inject/internal/KotlinSupport$KotlinUnsupported
instanceKlass com/google/inject/internal/KotlinSupport$KotlinSupportHolder
instanceKlass com/google/inject/internal/KotlinSupportInterface
instanceKlass com/google/inject/internal/KotlinSupport
instanceKlass com/google/inject/spi/InjectionPoint$OverrideIndex
instanceKlass org/eclipse/sisu/inject/RankedBindings
instanceKlass org/eclipse/sisu/Mediator
instanceKlass sun/reflect/generics/tree/TypeVariableSignature
instanceKlass com/google/inject/Inject
instanceKlass javax/inject/Inject
instanceKlass  @bci com/google/inject/internal/DeclaredMembers getDeclaredFields (Ljava/lang/Class;)[Ljava/lang/reflect/Field; 38 <appendix> argL0 ; # com/google/inject/internal/DeclaredMembers$$Lambda+0x000002229035dd00
instanceKlass  @bci com/google/inject/internal/DeclaredMembers getDeclaredFields (Ljava/lang/Class;)[Ljava/lang/reflect/Field; 20 <appendix> argL0 ; # com/google/inject/internal/DeclaredMembers$$Lambda+0x000002229035dac0
instanceKlass  @bci com/google/inject/internal/DeclaredMembers getDeclaredFields (Ljava/lang/Class;)[Ljava/lang/reflect/Field; 15 <appendix> argL0 ; # com/google/inject/internal/DeclaredMembers$$Lambda+0x000002229035d880
instanceKlass  @bci com/google/inject/internal/DeclaredMembers getDeclaredFields (Ljava/lang/Class;)[Ljava/lang/reflect/Field; 7 <appendix> argL0 ; # com/google/inject/internal/DeclaredMembers$$Lambda+0x000002229035d640
instanceKlass java/lang/reflect/WildcardType
instanceKlass com/google/inject/spi/InjectionPoint$InjectableMembers
instanceKlass com/google/inject/spi/InjectionPoint$InjectableMember
instanceKlass com/google/inject/spi/InjectionPoint
instanceKlass java/lang/reflect/ParameterizedType
instanceKlass com/google/inject/internal/MoreTypes$GenericArrayTypeImpl
instanceKlass com/google/inject/internal/MoreTypes$CompositeType
instanceKlass com/google/inject/Key$AnnotationTypeStrategy
instanceKlass com/google/common/util/concurrent/AbstractFuture$Failure
instanceKlass com/google/common/util/concurrent/AbstractFuture$Cancellation
instanceKlass com/google/common/util/concurrent/AbstractFuture$DelegatingToFuture
instanceKlass com/google/common/util/concurrent/Platform
instanceKlass com/google/common/util/concurrent/Uninterruptibles
instanceKlass com/google/common/util/concurrent/AbstractFuture$Listener
instanceKlass com/google/common/util/concurrent/AbstractFutureState$Waiter
instanceKlass com/google/common/util/concurrent/LazyLogger
instanceKlass com/google/common/util/concurrent/AbstractFutureState$AtomicHelper
instanceKlass com/google/common/util/concurrent/internal/InternalFutureFailureAccess
instanceKlass com/google/common/util/concurrent/AbstractFuture$Trusted
instanceKlass com/google/common/util/concurrent/ListenableFuture
instanceKlass  @bci sun/reflect/annotation/AnnotationParser parseEnumArray (ILjava/lang/Class;Ljava/nio/ByteBuffer;Ljdk/internal/reflect/ConstantPool;Ljava/lang/Class;)Ljava/lang/Object; 16 <appendix> member <vmtarget> ; # sun/reflect/annotation/AnnotationParser$$Lambda+0x00000222901e1cd8
instanceKlass javax/inject/Named
instanceKlass javax/inject/Qualifier
instanceKlass com/google/inject/BindingAnnotation
instanceKlass javax/inject/Scope
instanceKlass com/google/inject/ScopeAnnotation
instanceKlass com/google/inject/internal/Annotations$AnnotationChecker
instanceKlass com/google/inject/internal/Annotations$TestAnnotation
instanceKlass com/google/inject/internal/Annotations$AnnotationToStringConfig
instanceKlass com/google/common/base/Joiner$MapJoiner
instanceKlass com/google/common/base/Joiner
instanceKlass com/google/inject/internal/Annotations
instanceKlass org/eclipse/sisu/Parameters
instanceKlass org/eclipse/sisu/wire/ParameterKeys
instanceKlass com/google/inject/internal/util/StackTraceElements$InMemoryStackTraceElement
instanceKlass com/google/inject/internal/util/StackTraceElements
instanceKlass org/eclipse/sisu/wire/TypeConverterCache
instanceKlass com/google/inject/internal/Scoping
instanceKlass com/google/inject/internal/InternalFactory
instanceKlass com/google/inject/internal/InternalFlags$1
instanceKlass com/google/inject/internal/InternalFlags
instanceKlass com/google/inject/spi/ConstructorBinding
instanceKlass com/google/inject/spi/InstanceBinding
instanceKlass com/google/inject/internal/DelayedInitialize
instanceKlass com/google/inject/spi/ProviderKeyBinding
instanceKlass com/google/inject/spi/ProviderInstanceBinding
instanceKlass com/google/inject/spi/HasDependencies
instanceKlass com/google/inject/spi/LinkedKeyBinding
instanceKlass com/google/inject/spi/UntargettedBinding
instanceKlass com/google/inject/internal/BindingImpl
instanceKlass com/google/inject/Key$AnnotationStrategy
instanceKlass org/eclipse/sisu/wire/ElementAnalyzer$1
instanceKlass com/google/inject/util/Modules$EmptyModule
instanceKlass com/google/inject/util/Modules$OverriddenModuleBuilder
instanceKlass com/google/inject/util/Modules
instanceKlass  @bci com/google/inject/internal/DeclaredMembers getDeclaredMethods (Ljava/lang/Class;)[Ljava/lang/reflect/Method; 62 <appendix> argL0 ; # com/google/inject/internal/DeclaredMembers$$Lambda+0x0000022290346f48
instanceKlass com/google/common/collect/Ordering
instanceKlass org/eclipse/jdt/core/IJavaModelStatusConstants
instanceKlass  @bci com/google/inject/internal/DeclaredMembers getDeclaredMethods (Ljava/lang/Class;)[Ljava/lang/reflect/Method; 38 <appendix> argL0 ; # com/google/inject/internal/DeclaredMembers$$Lambda+0x0000022290346d08
instanceKlass  @bci com/google/inject/internal/DeclaredMembers getDeclaredMethods (Ljava/lang/Class;)[Ljava/lang/reflect/Method; 33 <appendix> argL0 ; # com/google/inject/internal/DeclaredMembers$$Lambda+0x0000022290346ac8
instanceKlass  @bci com/google/inject/internal/DeclaredMembers getDeclaredMethods (Ljava/lang/Class;)[Ljava/lang/reflect/Method; 20 <appendix> argL0 ; # com/google/inject/internal/DeclaredMembers$$Lambda+0x0000022290346888
# instanceKlass java/lang/invoke/LambdaForm$MH+0x0000022290349400
instanceKlass  @bci com/google/inject/internal/DeclaredMembers getDeclaredMethods (Ljava/lang/Class;)[Ljava/lang/reflect/Method; 15 <appendix> argL0 ; # com/google/inject/internal/DeclaredMembers$$Lambda+0x0000022290346648
# instanceKlass java/lang/invoke/LambdaForm$MH+0x0000022290349000
instanceKlass  @bci com/google/inject/internal/DeclaredMembers getDeclaredMethods (Ljava/lang/Class;)[Ljava/lang/reflect/Method; 7 <appendix> argL0 ; # com/google/inject/internal/DeclaredMembers$$Lambda+0x0000022290346408
instanceKlass com/google/inject/internal/DeclaredMembers
instanceKlass com/google/common/base/ExtraObjectsMethodsForWeb
instanceKlass org/eclipse/jdt/internal/compiler/CompilationResult
instanceKlass lombok/eclipse/agent/PatchDelegate$BindingTuple
instanceKlass com/google/common/collect/ImmutableMap$Builder
instanceKlass com/google/inject/internal/MoreTypes
instanceKlass com/google/inject/multibindings/ProvidesIntoOptional
instanceKlass com/google/inject/multibindings/ProvidesIntoMap
instanceKlass com/google/inject/multibindings/ProvidesIntoSet
instanceKlass com/google/inject/Provides
instanceKlass javax/inject/Singleton
instanceKlass com/google/inject/spi/ElementSource
instanceKlass com/google/inject/spi/ScopeBinding
instanceKlass com/google/inject/Scopes$2
instanceKlass com/google/inject/Scopes$1
instanceKlass com/google/inject/internal/SingletonScope
instanceKlass com/google/inject/Scopes
instanceKlass com/google/inject/Singleton
instanceKlass com/google/inject/spi/Elements$ModuleInfo
instanceKlass com/google/inject/PrivateModule
instanceKlass  @bci com/google/inject/spi/BindingSourceRestriction$PermitMapConstruction pushModule (Ljava/lang/Class;Lcom/google/inject/spi/ModuleSource;)V 5 <appendix> member <vmtarget> ; # com/google/inject/spi/BindingSourceRestriction$PermitMapConstruction$$Lambda+0x0000022290344000
instanceKlass  @bci com/google/inject/spi/BindingSourceRestriction getPermits (Ljava/lang/Class;)Ljava/util/stream/Stream; 43 <appendix> argL0 ; # com/google/inject/spi/BindingSourceRestriction$$Lambda+0x000002229033fc90
instanceKlass  @bci com/google/inject/spi/BindingSourceRestriction getPermits (Ljava/lang/Class;)Ljava/util/stream/Stream; 33 <appendix> argL0 ; # com/google/inject/spi/BindingSourceRestriction$$Lambda+0x000002229033fa50
instanceKlass sun/reflect/annotation/AnnotatedTypeFactory$AnnotatedTypeBaseImpl
instanceKlass org/eclipse/jdt/internal/compiler/ast/TypeOrLambda
instanceKlass sun/reflect/annotation/AnnotatedTypeFactory
instanceKlass sun/reflect/annotation/TypeAnnotation$LocationInfo$Location
instanceKlass sun/reflect/annotation/TypeAnnotation$LocationInfo
instanceKlass sun/reflect/generics/tree/ClassSignature
instanceKlass sun/reflect/generics/tree/Signature
instanceKlass sun/reflect/generics/tree/FormalTypeParameter
instanceKlass sun/reflect/generics/repository/AbstractRepository
instanceKlass sun/reflect/annotation/TypeAnnotation
instanceKlass sun/reflect/annotation/TypeAnnotationParser
instanceKlass com/google/inject/RestrictedBindingSource
instanceKlass com/google/inject/spi/BindingSourceRestriction
instanceKlass com/google/inject/spi/ModuleSource
instanceKlass com/google/inject/internal/ProviderMethodsModule
instanceKlass com/google/inject/spi/BindingSourceRestriction$PermitMapConstruction$PermitMapImpl
instanceKlass com/google/inject/spi/BindingSourceRestriction$PermitMap
instanceKlass com/google/inject/spi/BindingSourceRestriction$PermitMapConstruction
instanceKlass com/google/common/collect/Hashing
instanceKlass com/google/common/math/IntMath$1
instanceKlass com/google/common/math/MathPreconditions
instanceKlass com/google/common/math/IntMath
instanceKlass com/google/inject/internal/AbstractBindingBuilder
instanceKlass com/google/inject/binder/ConstantBindingBuilder
instanceKlass com/google/inject/binder/AnnotatedElementBuilder
instanceKlass com/google/inject/spi/Elements$RecordingBinder
instanceKlass com/google/inject/Binding
instanceKlass com/google/inject/spi/DefaultBindingTargetVisitor
instanceKlass com/google/inject/spi/BindingTargetVisitor
instanceKlass com/google/inject/spi/Elements
instanceKlass com/google/inject/internal/InjectorShell$RootModule
instanceKlass com/google/common/collect/ListMultimap
instanceKlass com/google/inject/internal/InjectorBindingData
instanceKlass  @bci com/google/inject/internal/WeakKeySet <init> (Ljava/lang/Object;)V 12 <appendix> member <vmtarget> ; # com/google/inject/internal/WeakKeySet$$Lambda+0x000002229033c660
instanceKlass com/google/inject/internal/WeakKeySet
instanceKlass org/eclipse/jdt/internal/compiler/ast/Invocation
instanceKlass org/eclipse/jdt/internal/compiler/ast/IPolyExpression
instanceKlass com/google/common/collect/Sets
instanceKlass com/google/inject/internal/InjectorJitBindingData
instanceKlass com/google/inject/internal/ProcessedBindingData
instanceKlass com/google/inject/spi/DefaultElementVisitor
instanceKlass com/google/inject/internal/InjectorShell$Builder
instanceKlass com/google/common/collect/Lists
instanceKlass com/google/common/collect/CollectPreconditions
instanceKlass com/google/common/collect/LinkedHashMultimap$MultimapIterationChain
instanceKlass com/google/common/collect/Platform
instanceKlass com/google/common/collect/Multiset
instanceKlass com/google/common/collect/AbstractMultimap
instanceKlass com/google/common/collect/SetMultimap
instanceKlass com/google/common/collect/ImmutableMap
instanceKlass com/google/common/base/Converter
instanceKlass com/google/common/collect/BiMap
instanceKlass com/google/common/collect/SortedMapDifference
instanceKlass com/google/common/collect/MapDifference
instanceKlass com/google/common/collect/Maps
instanceKlass com/google/inject/internal/CycleDetectingLock
instanceKlass com/google/common/collect/Multimap
instanceKlass com/google/inject/internal/CycleDetectingLock$CycleDetectingLockFactory
instanceKlass com/google/inject/internal/Initializable
instanceKlass com/google/inject/internal/Initializer
instanceKlass com/google/common/collect/PeekingIterator
instanceKlass com/google/common/collect/UnmodifiableIterator
instanceKlass com/google/common/collect/Iterators
instanceKlass com/google/common/collect/ImmutableCollection$Builder
instanceKlass com/google/common/collect/ImmutableSet$SetBuilderImpl
instanceKlass com/google/inject/internal/util/SourceProvider
instanceKlass lombok/eclipse/agent/PatchDelegate
instanceKlass com/google/inject/spi/ErrorDetail
instanceKlass com/google/inject/internal/Errors
instanceKlass com/google/common/base/Stopwatch
instanceKlass lombok/eclipse/agent/PatchDelegatePortal
instanceKlass com/google/inject/internal/util/ContinuousStopwatch
instanceKlass com/google/inject/Injector
instanceKlass com/google/inject/internal/InternalInjectorCreator
instanceKlass com/google/inject/Guice
instanceKlass org/eclipse/sisu/wire/Wiring
instanceKlass lombok/core/LombokNode
instanceKlass org/eclipse/sisu/wire/WireModule$Strategy$1
instanceKlass lombok/core/DiagnosticsReceiver
instanceKlass org/eclipse/sisu/wire/WireModule$Strategy
instanceKlass org/eclipse/sisu/wire/AbstractTypeConverter
instanceKlass com/google/inject/spi/ElementVisitor
instanceKlass org/eclipse/sisu/wire/WireModule
instanceKlass org/eclipse/sisu/bean/BeanBinder
instanceKlass org/eclipse/sisu/plexus/PlexusBindingModule
instanceKlass org/codehaus/plexus/DefaultPlexusContainer$BootModule
instanceKlass org/codehaus/plexus/component/annotations/Configuration
instanceKlass org/eclipse/sisu/plexus/PlexusAnnotatedMetadata
instanceKlass org/eclipse/sisu/plexus/PlexusBeanMetadata
instanceKlass org/eclipse/sisu/plexus/PlexusAnnotatedBeanModule$PlexusAnnotatedBeanSource
instanceKlass org/eclipse/sisu/space/SpaceModule$2
instanceKlass org/eclipse/sisu/space/SpaceModule$Strategy$2
instanceKlass org/eclipse/sisu/space/SpaceModule$Strategy$1
instanceKlass org/eclipse/sisu/space/DefaultClassFinder
instanceKlass org/objectweb/asm/ClassVisitor
instanceKlass org/eclipse/sisu/space/SpaceScanner
instanceKlass lombok/launch/PatchFixesHider$Util
instanceKlass org/eclipse/sisu/space/IndexedClassFinder
instanceKlass org/eclipse/sisu/space/ClassFinder
instanceKlass org/eclipse/sisu/space/SpaceModule
instanceKlass lombok/launch/PatchFixesHider$Delegate
instanceKlass org/eclipse/sisu/space/SpaceVisitor
instanceKlass org/eclipse/sisu/plexus/PlexusTypeListener
instanceKlass org/eclipse/sisu/space/QualifiedTypeListener
instanceKlass org/eclipse/sisu/plexus/PlexusAnnotatedBeanModule$1
instanceKlass org/eclipse/sisu/space/SpaceModule$Strategy
instanceKlass org/eclipse/sisu/plexus/PlexusAnnotatedBeanModule
instanceKlass org/eclipse/sisu/plexus/PlexusBeanSource
instanceKlass org/eclipse/sisu/plexus/PlexusXmlBeanModule
instanceKlass org/eclipse/sisu/plexus/PlexusBeanModule
instanceKlass org/eclipse/jdt/internal/core/DeltaProcessingState$RootInfos
instanceKlass org/eclipse/sisu/space/URLClassSpace
instanceKlass org/eclipse/jdt/internal/core/JavaModelManager$PersistedClasspathContainer
instanceKlass org/codehaus/plexus/DefaultPlexusContainer$SLF4JLoggerFactoryProvider
instanceKlass com/google/inject/util/Providers$ConstantProvider
instanceKlass com/google/inject/util/Providers
instanceKlass org/codehaus/plexus/personality/plexus/lifecycle/phase/Disposable
instanceKlass org/eclipse/jdt/internal/core/ClasspathAttribute
instanceKlass org/codehaus/plexus/personality/plexus/lifecycle/phase/Startable
instanceKlass org/codehaus/plexus/personality/plexus/lifecycle/phase/Initializable
instanceKlass org/codehaus/plexus/personality/plexus/lifecycle/phase/Contextualizable
instanceKlass org/codehaus/plexus/logging/LogEnabled
instanceKlass org/eclipse/sisu/bean/PropertyBinding
instanceKlass org/eclipse/jdt/internal/core/ClasspathEntry
instanceKlass javax/annotation/PreDestroy
instanceKlass javax/annotation/PostConstruct
instanceKlass org/eclipse/sisu/bean/LifecycleBuilder
instanceKlass org/eclipse/sisu/bean/BeanScheduler$1
instanceKlass com/google/inject/spi/DefaultBindingScopingVisitor
instanceKlass com/google/inject/spi/BindingScopingVisitor
instanceKlass org/eclipse/sisu/bean/BeanScheduler$CycleActivator
instanceKlass com/google/inject/PrivateBinder
instanceKlass org/eclipse/jdt/core/eval/IEvaluationContext
instanceKlass com/google/inject/spi/ModuleAnnotatedMethodScanner
instanceKlass com/google/inject/binder/AnnotatedConstantBindingBuilder
instanceKlass com/google/inject/spi/TypeListener
instanceKlass com/google/inject/MembersInjector
instanceKlass org/aopalliance/intercept/MethodInterceptor
instanceKlass org/aopalliance/intercept/Interceptor
instanceKlass  @bci org/eclipse/m2e/core/embedder/MavenSettingsLocations equals (Ljava/lang/Object;)Z 2 <adapter> ; # java/lang/invoke/LambdaForm$MH+0x000002229031a800
instanceKlass org/aopalliance/aop/Advice
instanceKlass org/eclipse/jdt/internal/compiler/env/IModulePathEntry
instanceKlass com/google/inject/Scope
# instanceKlass java/lang/invoke/LambdaForm$MH+0x000002229031a400
instanceKlass com/google/inject/spi/Message
instanceKlass com/google/inject/spi/Element
instanceKlass org/eclipse/jdt/internal/core/JavaModelManager$PerProjectInfo
instanceKlass  @bci org/eclipse/m2e/core/embedder/MavenSettingsLocations equals (Ljava/lang/Object;)Z 2 <appendix> form vmentry <vmtarget> ; # java/lang/invoke/LambdaForm$MH+0x000002229031a000
instanceKlass  @bci org/eclipse/m2e/core/embedder/MavenSettingsLocations equals (Ljava/lang/Object;)Z 2 <appendix> argL1 form vmentry <vmtarget> ; # java/lang/invoke/LambdaForm$MH+0x0000022290319c00
instanceKlass com/google/inject/spi/Dependency
instanceKlass  @bci org/eclipse/m2e/core/embedder/MavenSettingsLocations equals (Ljava/lang/Object;)Z 2 <appendix> form names 9 function resolvedHandle form vmentry <vmtarget> ; # java/lang/invoke/LambdaForm$MH+0x0000022290319800
instanceKlass org/eclipse/jdt/internal/core/JavaModelManager$VariablesAndContainersLoadHelper
instanceKlass com/google/inject/Key
# instanceKlass java/lang/invoke/LambdaForm$DMH+0x0000022290319400
# instanceKlass java/lang/invoke/LambdaForm$MH+0x0000022290319000
# instanceKlass java/lang/invoke/LambdaForm$MH+0x0000022290318c00
# instanceKlass java/lang/invoke/LambdaForm$MH+0x0000022290318800
instanceKlass com/google/inject/binder/AnnotatedBindingBuilder
instanceKlass com/google/inject/binder/LinkedBindingBuilder
instanceKlass com/google/inject/binder/ScopedBindingBuilder
instanceKlass  @cpi org/eclipse/jdt/internal/launching/environments/EnvironmentsManager 650 form vmentry <vmtarget> ; # java/lang/invoke/LambdaForm$DMH+0x0000022290318400
# instanceKlass java/lang/invoke/LambdaForm$MH+0x0000022290318000
instanceKlass com/google/inject/TypeLiteral
# instanceKlass java/lang/invoke/LambdaForm$MH+0x0000022290310800
instanceKlass com/google/inject/spi/ProvisionListener
instanceKlass com/google/inject/Binder
instanceKlass org/eclipse/sisu/bean/BeanScheduler
instanceKlass org/eclipse/sisu/plexus/DefaultPlexusBeanLocator
instanceKlass org/eclipse/sisu/plexus/RealmManager
instanceKlass org/codehaus/plexus/context/ContextMapAdapter
instanceKlass org/codehaus/plexus/context/DefaultContext
instanceKlass org/codehaus/plexus/logging/AbstractLogger
instanceKlass org/codehaus/plexus/DefaultPlexusContainer$LoggerProvider
instanceKlass org/codehaus/plexus/DefaultPlexusContainer$DefaultsModule
instanceKlass org/codehaus/plexus/DefaultPlexusContainer$ContainerModule
instanceKlass org/eclipse/sisu/inject/ImplicitBindings
instanceKlass org/eclipse/jdt/internal/core/JavaModelManager$19
instanceKlass org/eclipse/jdt/internal/core/JavaModelManager$18
instanceKlass org/eclipse/sisu/inject/MildValues$InverseMapping
instanceKlass org/eclipse/jdt/internal/core/JavaModelManager$13
instanceKlass org/eclipse/sisu/inject/MildValues
instanceKlass org/eclipse/jdt/internal/core/JavaModelManager$12
instanceKlass java/util/concurrent/atomic/AtomicReferenceFieldUpdater$AtomicReferenceFieldUpdaterImpl$1
instanceKlass java/util/concurrent/atomic/AtomicReferenceFieldUpdater
instanceKlass org/eclipse/sisu/inject/RankedSequence$Content
instanceKlass org/eclipse/sisu/inject/RankedSequence
instanceKlass org/eclipse/sisu/inject/BindingSubscriber
instanceKlass org/eclipse/sisu/inject/DefaultBeanLocator
instanceKlass org/eclipse/sisu/inject/DeferredClass
instanceKlass org/codehaus/plexus/DefaultPlexusContainer$LoggerManagerProvider
instanceKlass org/eclipse/sisu/inject/DeferredProvider
instanceKlass com/google/inject/Provider
instanceKlass org/eclipse/m2e/core/internal/embedder/IMavenComponentContributor$IMavenComponentBinder
instanceKlass com/google/inject/AbstractModule
instanceKlass org/eclipse/sisu/inject/BindingPublisher
instanceKlass org/eclipse/sisu/inject/RankingFunction
instanceKlass org/codehaus/plexus/context/Context
instanceKlass org/eclipse/sisu/space/ClassSpace
instanceKlass javax/inject/Provider
instanceKlass org/eclipse/sisu/bean/BeanManager
instanceKlass org/eclipse/sisu/plexus/PlexusBeanLocator
instanceKlass org/eclipse/sisu/inject/MutableBeanLocator
instanceKlass org/eclipse/sisu/inject/BeanLocator
instanceKlass org/codehaus/plexus/DefaultPlexusContainer
instanceKlass org/codehaus/plexus/MutablePlexusContainer
instanceKlass  @bci java/util/function/Function andThen (Ljava/util/function/Function;)Ljava/util/function/Function; 7 <appendix> member <vmtarget> ; # java/util/function/Function$$Lambda+0x00000222901dd6c0
instanceKlass  @cpi java/util/function/Function 58 form vmentry <vmtarget> ; # java/lang/invoke/LambdaForm$DMH+0x0000022290308c00
instanceKlass  @bci org/apache/maven/extension/internal/CoreExports <init> (Lorg/codehaus/plexus/classworlds/realm/ClassRealm;Ljava/util/Set;Ljava/util/Set;)V 38 <appendix> argL0 ; # org/apache/maven/extension/internal/CoreExports$$Lambda+0x000002229030b168
instanceKlass  @bci java/util/stream/Collectors uniqKeysMapMerger ()Ljava/util/function/BinaryOperator; 0 <appendix> argL0 ; # java/util/stream/Collectors$$Lambda+0x00000222901dd478
instanceKlass  @bci java/util/stream/Collectors uniqKeysMapAccumulator (Ljava/util/function/Function;Ljava/util/function/Function;)Ljava/util/function/BiConsumer; 2 <appendix> member <vmtarget> ; # java/util/stream/Collectors$$Lambda+0x00000222901dd240
instanceKlass  @bci java/util/stream/Collectors toMap (Ljava/util/function/Function;Ljava/util/function/Function;)Ljava/util/stream/Collector; 4 <appendix> argL0 ; # java/util/stream/Collectors$$Lambda+0x00000222901dd020
instanceKlass  @bci org/apache/maven/extension/internal/CoreExports <init> (Lorg/codehaus/plexus/classworlds/realm/ClassRealm;Ljava/util/Set;Ljava/util/Set;)V 30 <appendix> member <vmtarget> ; # org/apache/maven/extension/internal/CoreExports$$Lambda+0x000002229030af20
instanceKlass  @bci java/util/function/Function identity ()Ljava/util/function/Function; 0 <appendix> argL0 ; # java/util/function/Function$$Lambda+0x00000222901dcde0
instanceKlass org/apache/maven/extension/internal/CoreExports
instanceKlass org/codehaus/plexus/DefaultContainerConfiguration
instanceKlass org/codehaus/plexus/ContainerConfiguration
instanceKlass org/eclipse/m2e/internal/maven/compat/PlexusContainerFacade
instanceKlass  @bci org/eclipse/m2e/core/internal/embedder/PlexusContainerManager newPlexusContainer (Ljava/io/File;Lorg/codehaus/plexus/logging/LoggerManager;Lorg/eclipse/m2e/core/embedder/IMavenConfiguration;)Lorg/eclipse/m2e/core/internal/embedder/IMavenPlexusContainer; 39 <appendix> member <vmtarget> ; # org/eclipse/m2e/core/internal/embedder/PlexusContainerManager$$Lambda+0x0000022290297480
instanceKlass org/eclipse/m2e/internal/maven/compat/PlexusContainerFacade$MavenExecutionRequesFactory
instanceKlass org/codehaus/plexus/util/BaseIOUtil
instanceKlass org/eclipse/jdt/internal/formatter/DefaultCodeFormatterOptions
instanceKlass org/codehaus/plexus/util/xml/XMLWriter
instanceKlass org/codehaus/plexus/util/xml/Xpp3Dom
instanceKlass org/eclipse/jdt/core/formatter/DefaultCodeFormatterConstants
instanceKlass org/eclipse/jdt/internal/compiler/util/Util
instanceKlass org/codehaus/plexus/util/xml/pull/MXParser
instanceKlass org/eclipse/jdt/internal/compiler/impl/IrritantSet
instanceKlass org/codehaus/plexus/util/xml/pull/XmlPullParser
instanceKlass org/codehaus/plexus/util/xml/Xpp3DomBuilder
instanceKlass  @bci java/util/regex/Pattern union (Ljava/util/regex/Pattern$CharPredicate;Ljava/util/regex/Pattern$CharPredicate;Z)Ljava/util/regex/Pattern$CharPredicate; 14 <appendix> member <vmtarget> ; # java/util/regex/Pattern$$Lambda+0x00000222901dc640
instanceKlass org/codehaus/plexus/util/ReaderFactory
instanceKlass org/apache/maven/project/ExtensionDescriptor
instanceKlass org/apache/maven/project/ExtensionDescriptorBuilder
instanceKlass org/apache/maven/extension/internal/CoreExtensionEntry
instanceKlass org/codehaus/plexus/classworlds/strategy/AbstractStrategy
instanceKlass org/codehaus/plexus/classworlds/strategy/Strategy
instanceKlass org/codehaus/plexus/classworlds/strategy/StrategyFactory
instanceKlass  @bci org/eclipse/m2e/core/internal/embedder/PlexusContainerManager cleanup ()V 16 <appendix> argL0 ; # org/eclipse/m2e/core/internal/embedder/PlexusContainerManager$$Lambda+0x0000022290297230
instanceKlass org/apache/maven/settings/building/SettingsBuilder
instanceKlass org/eclipse/m2e/core/internal/M2EUtils
instanceKlass org/eclipse/jdt/internal/core/util/ICacheEnumeration
instanceKlass org/apache/maven/settings/building/DefaultSettingsBuildingRequest
instanceKlass  @bci org/eclipse/jdt/internal/core/JrtPackageFragmentRoot$JrtModuleKey hashCode ()I 1 <adapter> ; # java/lang/invoke/LambdaForm$MH+0x0000022290308800
instanceKlass  @bci org/eclipse/jdt/internal/core/JrtPackageFragmentRoot$JrtModuleKey hashCode ()I 1 <appendix> form vmentry <vmtarget> ; # java/lang/invoke/LambdaForm$MH+0x0000022290308400
# instanceKlass java/lang/invoke/LambdaForm$MH+0x0000022290308000
# instanceKlass java/lang/invoke/LambdaForm$MH+0x0000022290303c00
instanceKlass  @bci org/eclipse/jdt/internal/core/JrtPackageFragmentRoot$JrtModuleKey hashCode ()I 1 <appendix> form names 7 function resolvedHandle form vmentry <vmtarget> ; # java/lang/invoke/LambdaForm$DMH+0x0000022290303800
instanceKlass  @bci org/eclipse/jdt/internal/core/JrtPackageFragmentRoot$JrtModuleKey hashCode ()I 1 <appendix> argL2 argL2 argL2 form vmentry <vmtarget> ; # java/lang/invoke/LambdaForm$MH+0x0000022290303400
instanceKlass  @bci java/lang/runtime/ObjectMethods bootstrap (Ljava/lang/invoke/MethodHandles$Lookup;Ljava/lang/String;Ljava/lang/invoke/TypeDescriptor;Ljava/lang/Class;Ljava/lang/String;[Ljava/lang/invoke/MethodHandle;)Ljava/lang/Object; 37 <appendix> argL0 ; # java/lang/runtime/ObjectMethods$$Lambda+0x00000222901d45d0
# instanceKlass java/lang/invoke/LambdaForm$DMH+0x0000022290303000
# instanceKlass java/lang/invoke/LambdaForm$DMH+0x0000022290302c00
# instanceKlass java/lang/invoke/LambdaForm$DMH+0x0000022290302800
# instanceKlass java/lang/invoke/LambdaForm$DMH+0x0000022290302400
# instanceKlass java/lang/invoke/LambdaForm$DMH+0x0000022290302000
# instanceKlass java/lang/invoke/LambdaForm$DMH+0x0000022290301c00
# instanceKlass java/lang/invoke/LambdaForm$DMH+0x0000022290301800
# instanceKlass java/lang/invoke/LambdaForm$DMH+0x0000022290301400
# instanceKlass java/lang/invoke/LambdaForm$DMH+0x0000022290301000
# instanceKlass java/lang/invoke/LambdaForm$DMH+0x0000022290300c00
instanceKlass  @cpi org/eclipse/jdt/internal/compiler/lookup/InferenceContext18 1856 form vmentry <vmtarget> ; # java/lang/invoke/LambdaForm$DMH+0x0000022290300800
instanceKlass java/lang/runtime/ObjectMethods$1
# instanceKlass java/lang/invoke/LambdaForm$MH+0x0000022290300400
# instanceKlass java/lang/invoke/LambdaForm$MH+0x0000022290300000
instanceKlass org/eclipse/jdt/internal/formatter/Token
# instanceKlass java/lang/invoke/LambdaForm$MH+0x00000222902fdc00
# instanceKlass java/lang/invoke/LambdaForm$MH+0x00000222902fd800
# instanceKlass java/lang/invoke/LambdaForm$MH+0x00000222902fd400
# instanceKlass java/lang/invoke/LambdaForm$MH+0x00000222902fd000
# instanceKlass java/lang/invoke/LambdaForm$MH+0x00000222902fcc00
instanceKlass org/eclipse/jdt/internal/formatter/TokenTraverser
# instanceKlass java/lang/invoke/LambdaForm$MH+0x00000222902fc800
instanceKlass org/eclipse/text/edits/TextEdit
instanceKlass java/lang/invoke/MethodHandleImpl$Makers$2
instanceKlass java/lang/invoke/MethodHandleImpl$Makers$1
instanceKlass java/lang/invoke/MethodHandleImpl$Makers
instanceKlass org/eclipse/jdt/core/formatter/CodeFormatter
instanceKlass  @bci java/lang/invoke/BootstrapMethodInvoker invoke (Ljava/lang/Class;Ljava/lang/invoke/MethodHandle;Ljava/lang/String;Ljava/lang/Object;Ljava/lang/Object;Ljava/lang/Class;)Ljava/lang/Object; 862 <adapter> ; # java/lang/invoke/LambdaForm$MH+0x00000222902f4c00
# instanceKlass java/lang/invoke/LambdaForm$DMH+0x00000222902f4800
instanceKlass java/lang/runtime/ObjectMethods
instanceKlass lombok/patcher/scripts/WrapperMethodDescriptor
instanceKlass  @bci org/eclipse/m2e/core/internal/embedder/MavenImpl getSettings (Lorg/eclipse/m2e/core/embedder/MavenSettingsLocations;)Lorg/apache/maven/settings/Settings; 6 <appendix> member <vmtarget> ; # org/eclipse/m2e/core/internal/embedder/MavenImpl$$Lambda+0x0000022290296de0
instanceKlass org/eclipse/m2e/core/MavenPlugin
instanceKlass org/eclipse/aether/DefaultRepositoryCache
instanceKlass org/eclipse/aether/RepositoryCache
instanceKlass org/apache/maven/execution/DefaultMavenExecutionRequest
instanceKlass lombok/patcher/scripts/SetSymbolDuringMethodCallScript$1
instanceKlass org/apache/maven/building/Source
instanceKlass org/apache/maven/cli/configuration/SettingsXmlConfigurationProcessor
instanceKlass org/apache/maven/cli/configuration/ConfigurationProcessor
instanceKlass  @bci org/eclipse/m2e/core/internal/embedder/MavenExecutionContext newExecutionRequest ()Lorg/apache/maven/execution/MavenExecutionRequest; 125 <appendix> member <vmtarget> ; # org/eclipse/m2e/core/internal/embedder/MavenExecutionContext$$Lambda+0x00000222902969b0
instanceKlass  @bci org/eclipse/m2e/core/internal/embedder/MavenExecutionContext newExecutionRequest ()Lorg/apache/maven/execution/MavenExecutionRequest; 111 <appendix> member <vmtarget> ; # org/eclipse/m2e/core/internal/embedder/MavenExecutionContext$$Lambda+0x0000022290296768
instanceKlass org/eclipse/jdt/core/SourceRange
instanceKlass  @bci org/eclipse/m2e/core/internal/MavenPluginActivator getService (Ljava/lang/Class;)Ljava/lang/Object; 18 <appendix> member <vmtarget> ; # org/eclipse/m2e/core/internal/MavenPluginActivator$$Lambda+0x0000022290296520
instanceKlass  @bci org/eclipse/m2e/core/internal/project/registry/ProjectRegistryRefreshJob run (Lorg/eclipse/core/runtime/IProgressMonitor;)Lorg/eclipse/core/runtime/IStatus; 74 <appendix> member <vmtarget> ; # org/eclipse/m2e/core/internal/project/registry/ProjectRegistryRefreshJob$$Lambda+0x00000222902962f8
instanceKlass org/eclipse/jdt/internal/compiler/util/JRTUtil$JrtFileVisitor
instanceKlass org/apache/maven/cli/MavenCli
instanceKlass org/eclipse/jdt/core/IOrdinaryClassFile
instanceKlass org/eclipse/jdt/internal/core/util/ReferenceInfoAdapter
instanceKlass org/eclipse/jdt/internal/compiler/ISourceElementRequestor
instanceKlass org/eclipse/aether/transfer/TransferListener
instanceKlass  @bci org/eclipse/m2e/core/internal/project/registry/BasicProjectRegistry copy (Ljava/util/Map;Ljava/util/Map;)V 2 <appendix> member <vmtarget> ; # org/eclipse/m2e/core/internal/project/registry/BasicProjectRegistry$$Lambda+0x00000222902960c0
instanceKlass org/eclipse/jdt/core/search/TypeNameMatchRequestor
instanceKlass org/eclipse/jdt/internal/compiler/env/ISourceType
instanceKlass org/eclipse/jdt/internal/compiler/env/IGenericType
instanceKlass org/eclipse/jdt/internal/compiler/problem/ProblemHandler
instanceKlass org/eclipse/jdt/core/search/MethodNameMatch
instanceKlass org/eclipse/jdt/core/search/TypeNameMatch
instanceKlass org/eclipse/jdt/internal/compiler/ASTVisitor
instanceKlass org/eclipse/jdt/internal/core/search/IndexQueryRequestor
instanceKlass org/eclipse/jdt/core/search/IParallelizable
instanceKlass org/eclipse/jdt/core/search/SearchPattern
instanceKlass org/eclipse/jdt/core/search/IJavaSearchScope
instanceKlass org/eclipse/jdt/internal/core/search/BasicSearchEngine
instanceKlass org/eclipse/jdt/core/ITypeParameter
instanceKlass org/eclipse/jdt/core/ISourceRange
instanceKlass org/eclipse/jdt/core/IAnnotation
instanceKlass org/eclipse/jdt/internal/core/AbstractModule
instanceKlass org/eclipse/jdt/core/IModuleDescription
instanceKlass org/eclipse/jdt/internal/core/NameLookup
instanceKlass org/eclipse/text/internal/Activator
instanceKlass org/eclipse/jface/text/IDocument
instanceKlass org/eclipse/jdt/internal/core/JavaModelCache$1
instanceKlass org/eclipse/jdt/internal/compiler/env/IBinaryInfo
instanceKlass org/eclipse/jdt/internal/core/JavaModelCache
instanceKlass org/eclipse/jdt/core/IType
instanceKlass org/eclipse/jdt/core/IAnnotatable
instanceKlass org/eclipse/jdt/core/IMember
instanceKlass org/eclipse/jdt/internal/core/hierarchy/HierarchyBuilder
instanceKlass org/eclipse/jdt/internal/core/hierarchy/TypeHierarchy
instanceKlass org/eclipse/jdt/core/ITypeHierarchy
instanceKlass org/eclipse/jdt/core/dom/ASTNode
instanceKlass org/eclipse/jdt/core/dom/StructuralPropertyDescriptor
instanceKlass org/eclipse/jdt/internal/core/dom/rewrite/RewriteEvent
instanceKlass org/eclipse/jdt/internal/core/dom/rewrite/RewriteEventStore
instanceKlass org/eclipse/jdt/core/dom/ASTVisitor
instanceKlass org/eclipse/jdt/internal/core/DeltaProcessor
instanceKlass org/eclipse/jdt/internal/codeassist/CompletionEngine$1
instanceKlass  @bci org/eclipse/jdt/internal/compiler/lookup/ReferenceBinding <clinit> ()V 58 <appendix> argL0 ; # org/eclipse/jdt/internal/compiler/lookup/ReferenceBinding$$Lambda+0x00000222902d7c28
instanceKlass org/eclipse/jdt/internal/compiler/lookup/ParameterNonNullDefaultProvider
instanceKlass org/eclipse/jdt/internal/compiler/lookup/ReferenceBinding$3
instanceKlass org/eclipse/jdt/internal/compiler/lookup/ReferenceBinding$2
instanceKlass org/eclipse/jdt/internal/compiler/lookup/ReductionResult
instanceKlass org/eclipse/jdt/internal/compiler/lookup/ElementValuePair
instanceKlass org/eclipse/jdt/internal/compiler/lookup/AnnotationBinding
instanceKlass org/eclipse/jdt/internal/compiler/env/IUpdatableModule
instanceKlass org/eclipse/jdt/internal/compiler/lookup/HotSwappable
instanceKlass org/eclipse/jdt/internal/compiler/lookup/TypeBindingVisitor
instanceKlass org/eclipse/jdt/internal/compiler/parser/ScannerHelper
instanceKlass org/eclipse/jdt/core/Signature
instanceKlass org/eclipse/jdt/internal/compiler/lookup/TypeConstants$CloseMethodRecord
instanceKlass org/eclipse/jdt/core/CompletionRequestor
instanceKlass lombok/patcher/scripts/ReplaceMethodCallScript$1
instanceKlass org/eclipse/jdt/internal/codeassist/complete/CompletionNode
instanceKlass org/eclipse/jdt/internal/codeassist/UnresolvedReferenceNameFinder$UnresolvedReferenceNameRequestor
instanceKlass org/eclipse/jdt/internal/codeassist/MissingTypesGuesser$GuessedTypeRequestor
instanceKlass org/eclipse/jdt/core/search/SearchRequestor
instanceKlass org/eclipse/jdt/internal/core/IJavaElementRequestor
instanceKlass org/eclipse/jdt/internal/core/INamingRequestor
instanceKlass org/eclipse/jdt/internal/compiler/lookup/Substitution
instanceKlass org/eclipse/jdt/internal/compiler/lookup/Binding
instanceKlass org/eclipse/jdt/core/CompletionProposal
instanceKlass org/eclipse/jdt/core/compiler/IProblem
instanceKlass org/eclipse/jdt/internal/compiler/lookup/Scope
instanceKlass org/eclipse/jdt/core/CompletionContext
instanceKlass org/eclipse/jdt/internal/compiler/lookup/InvocationSite
instanceKlass org/eclipse/jdt/internal/compiler/ast/ASTNode
instanceKlass org/eclipse/jdt/internal/compiler/ast/Location
instanceKlass org/eclipse/jdt/internal/codeassist/impl/Engine
instanceKlass org/eclipse/jdt/internal/codeassist/ICompletionEngine
instanceKlass org/eclipse/jdt/internal/codeassist/RelevanceConstants
instanceKlass org/eclipse/jdt/internal/compiler/lookup/TypeConstants
instanceKlass org/eclipse/jdt/internal/codeassist/ISearchRequestor
instanceKlass org/eclipse/jdt/internal/compiler/impl/ReferenceContext
instanceKlass org/eclipse/jdt/internal/compiler/ICompilerRequestor
instanceKlass org/eclipse/jdt/internal/compiler/Compiler
instanceKlass org/eclipse/jdt/internal/compiler/problem/ProblemSeverities
instanceKlass org/eclipse/jdt/internal/compiler/impl/ITypeRequestor
instanceKlass org/eclipse/jdt/internal/compiler/env/INameEnvironment
instanceKlass org/eclipse/jdt/internal/core/builder/ClasspathLocation
instanceKlass org/eclipse/jdt/core/IBuffer
instanceKlass org/eclipse/jdt/core/IBufferFactory
instanceKlass org/eclipse/jdt/internal/core/BufferManager
instanceKlass org/eclipse/jdt/internal/core/JavaModelManager$8
instanceKlass  @bci org/eclipse/jdt/internal/core/JavaModelManager <clinit> ()V 139 <appendix> argL0 ; # org/eclipse/jdt/internal/core/JavaModelManager$$Lambda+0x00000222902b7a30
instanceKlass  @bci org/eclipse/jdt/internal/core/search/indexing/IndexNamesRegistry <init> (Ljava/io/File;Lorg/eclipse/core/runtime/IPath;)V 24 <appendix> member <vmtarget> ; # org/eclipse/jdt/internal/core/search/indexing/IndexNamesRegistry$$Lambda+0x00000222902b7808
instanceKlass org/eclipse/jdt/internal/core/search/indexing/IndexNamesRegistry
instanceKlass org/eclipse/jdt/internal/compiler/util/SimpleLookupTable
instanceKlass org/eclipse/jdt/core/search/SearchParticipant
instanceKlass org/eclipse/jdt/internal/core/index/IndexLocation
instanceKlass org/eclipse/jdt/internal/compiler/parser/Parser
instanceKlass org/eclipse/jdt/internal/compiler/lookup/TypeIds
instanceKlass org/eclipse/jdt/internal/compiler/ast/OperatorIds
instanceKlass org/eclipse/jdt/internal/compiler/parser/ConflictedParser
instanceKlass org/eclipse/jdt/internal/compiler/parser/ParserBasicInformation
instanceKlass org/eclipse/jdt/internal/compiler/IProblemFactory
instanceKlass org/eclipse/jdt/internal/core/search/indexing/IndexRequest
instanceKlass org/eclipse/jdt/internal/core/search/processing/JobManager
instanceKlass org/eclipse/jdt/internal/core/search/indexing/IIndexConstants
instanceKlass  @bci org/eclipse/jdt/internal/core/JavaModelManager <init> ()V 404 <appendix> argL0 ; # org/eclipse/jdt/internal/core/JavaModelManager$$Lambda+0x00000222902ad610
instanceKlass org/eclipse/jdt/internal/core/JavaModelManager$3
instanceKlass org/eclipse/jdt/internal/core/JavaModelManager$2
instanceKlass org/eclipse/jdt/internal/core/JavaModelManager$EclipsePreferencesListener
instanceKlass org/eclipse/jdt/core/IElementChangedListener
instanceKlass org/eclipse/jdt/internal/core/DeltaProcessingState
instanceKlass org/eclipse/jdt/internal/core/ExternalFoldersManager
instanceKlass org/eclipse/jdt/internal/core/util/Util$Comparer
instanceKlass org/eclipse/jdt/internal/core/JavaModelManager$CompilationParticipants
instanceKlass org/eclipse/jdt/internal/core/BatchInitializationMonitor
instanceKlass org/eclipse/core/internal/jobs/JobQueue$2
instanceKlass org/eclipse/jdt/internal/core/JavaModelOperation
instanceKlass org/eclipse/jdt/internal/codeassist/ISelectionRequestor
instanceKlass org/eclipse/jdt/internal/core/JavaElementInfo
instanceKlass org/eclipse/jdt/internal/compiler/env/IElementInfo
instanceKlass org/eclipse/jdt/internal/core/JavaModelManager$1
instanceKlass org/eclipse/jdt/core/IPackageFragmentRoot
instanceKlass org/eclipse/jdt/core/IJavaElementDelta
instanceKlass org/eclipse/jdt/core/IBufferChangedListener
instanceKlass org/eclipse/jdt/internal/compiler/util/SuffixConstants
instanceKlass org/eclipse/jdt/internal/compiler/env/ICompilationUnit
instanceKlass org/eclipse/jdt/internal/compiler/env/IDependent
instanceKlass org/eclipse/jdt/core/ICompilationUnit
instanceKlass org/lombokweb/asm/Handle
instanceKlass org/eclipse/jdt/internal/core/util/LRUCache
instanceKlass org/eclipse/jdt/internal/core/search/IRestrictedAccessTypeRequestor
instanceKlass org/eclipse/jdt/core/IAccessRule
instanceKlass org/eclipse/jdt/internal/compiler/util/Util$Displayable
instanceKlass org/eclipse/jdt/core/IJavaModelStatus
instanceKlass org/eclipse/jdt/internal/core/search/processing/IJob
instanceKlass org/eclipse/jdt/core/IClassFile
instanceKlass org/eclipse/jdt/core/ITypeRoot
instanceKlass org/eclipse/jdt/core/ICodeAssist
instanceKlass org/eclipse/jdt/core/ISourceReference
instanceKlass org/eclipse/jdt/core/IPackageFragment
instanceKlass org/eclipse/jdt/core/ISourceManipulation
instanceKlass org/eclipse/jdt/core/IJavaProject
instanceKlass org/eclipse/jdt/core/IClasspathContainer
instanceKlass org/eclipse/jdt/internal/core/JavaModelManager
instanceKlass  @bci java/util/Comparator comparingDouble (Ljava/util/function/ToDoubleFunction;)Ljava/util/Comparator; 6 <appendix> member <vmtarget> ; # java/util/Comparator$$Lambda+0x00000222901d9a40
instanceKlass  @bci org/eclipse/jdt/core/JavaCore <clinit> ()V 214 <appendix> argL0 ; # org/eclipse/jdt/core/JavaCore$$Lambda+0x0000022290299d90
instanceKlass  @cpi org/eclipse/jdt/core/JavaCore 2486 form vmentry <vmtarget> ; # java/lang/invoke/LambdaForm$DMH+0x000002229029b400
# instanceKlass java/lang/invoke/LambdaForm$DMH+0x000002229029b000
instanceKlass java/util/function/ToDoubleFunction
instanceKlass org/eclipse/jdt/core/compiler/CharOperation
instanceKlass org/eclipse/jdt/internal/compiler/impl/CompilerOptions
instanceKlass org/eclipse/core/internal/events/NodeIDMap
instanceKlass org/eclipse/core/internal/events/ResourceDeltaInfo
instanceKlass org/eclipse/jdt/core/search/TypeNameRequestor
instanceKlass org/eclipse/core/internal/dtree/NodeComparison
instanceKlass org/eclipse/jdt/core/IClasspathEntry
instanceKlass org/eclipse/core/internal/events/ResourceComparator
instanceKlass org/eclipse/jdt/core/IRegion
instanceKlass org/eclipse/jdt/internal/compiler/env/IModule
instanceKlass org/eclipse/core/internal/events/ResourceDeltaFactory
instanceKlass org/eclipse/jdt/core/IWorkingCopy
instanceKlass org/eclipse/core/resources/IMarkerDelta
instanceKlass org/eclipse/jdt/core/IClasspathAttribute
instanceKlass org/eclipse/jdt/core/IJavaModel
instanceKlass org/eclipse/jdt/core/IParent
instanceKlass org/eclipse/jdt/core/IOpenable
instanceKlass org/eclipse/jdt/core/IJavaElement
instanceKlass org/eclipse/core/resources/IWorkspaceRunnable
instanceKlass org/eclipse/core/runtime/SubMonitor$RootInfo
instanceKlass org/eclipse/jdt/core/WorkingCopyOwner
instanceKlass org/eclipse/jdt/ls/core/contentassist/ICompletionContributionService
instanceKlass org/eclipse/core/resources/team/ResourceRuleFactory
instanceKlass org/eclipse/jdt/ls/core/internal/preferences/PreferenceManager
instanceKlass org/eclipse/m2e/core/internal/repository/IRepositoryDiscoverer
instanceKlass org/eclipse/m2e/core/internal/repository/IRepositoryIndexer
instanceKlass org/apache/maven/wagon/authentication/AuthenticationInfo
instanceKlass org/eclipse/m2e/core/internal/repository/RepositoryInfo
instanceKlass org/eclipse/m2e/core/repository/IRepository
instanceKlass org/eclipse/m2e/core/internal/repository/RepositoryRegistry
instanceKlass org/eclipse/m2e/core/repository/IRepositoryRegistry
instanceKlass org/eclipse/m2e/core/internal/project/WorkspaceStateWriter
instanceKlass  @bci org/eclipse/core/internal/runtime/AdapterManager registerFactory (Lorg/eclipse/core/runtime/IAdapterFactory;Ljava/lang/String;)V 5 <appendix> argL0 ; # org/eclipse/core/internal/runtime/AdapterManager$$Lambda+0x00000222901b8ba8
instanceKlass org/eclipse/m2e/core/project/configurator/ILifecycleMapping
instanceKlass org/eclipse/m2e/core/project/ResolverConfiguration
instanceKlass org/eclipse/m2e/core/project/IProjectCreationListener
instanceKlass org/eclipse/m2e/core/project/ProjectImportConfiguration
instanceKlass org/eclipse/m2e/core/project/MavenProjectInfo
instanceKlass org/eclipse/aether/graph/DependencyNode
instanceKlass ch/qos/logback/classic/spi/EventArgUtil
instanceKlass ch/qos/logback/classic/spi/IThrowableProxy
instanceKlass ch/qos/logback/classic/spi/LoggingEvent
instanceKlass org/eclipse/m2e/core/internal/project/registry/MavenProjectManager
instanceKlass org/eclipse/m2e/core/project/IMavenProjectRegistry
instanceKlass org/eclipse/aether/graph/DependencyVisitor
instanceKlass org/eclipse/aether/graph/DependencyFilter
instanceKlass org/eclipse/aether/collection/DependencyGraphTransformer
instanceKlass org/eclipse/aether/util/graph/transformer/ConflictResolver$VersionSelector
instanceKlass org/eclipse/aether/util/graph/transformer/ConflictResolver$ScopeSelector
instanceKlass org/eclipse/aether/util/graph/transformer/ConflictResolver$OptionalitySelector
instanceKlass org/eclipse/aether/util/graph/transformer/ConflictResolver$ScopeDeriver
instanceKlass javax/xml/transform/Source
instanceKlass javax/xml/transform/Result
instanceKlass org/w3c/dom/Node
instanceKlass org/eclipse/m2e/core/embedder/MavenModelManager
instanceKlass org/eclipse/m2e/core/project/configurator/ILifecycleMappingConfiguration
instanceKlass org/eclipse/m2e/core/internal/project/ProjectConfigurationManager
instanceKlass org/eclipse/m2e/core/project/IProjectConfigurationManager
instanceKlass org/eclipse/core/runtime/jobs/IJobFunction
instanceKlass org/eclipse/m2e/core/project/MavenUpdateRequest
instanceKlass org/eclipse/m2e/core/internal/project/registry/ProjectRegistryReader$MavenProjectManagerImplReplace
instanceKlass org/eclipse/m2e/core/internal/project/registry/ProjectRegistryReader$IFileReplace
instanceKlass org/eclipse/m2e/core/internal/project/registry/ProjectRegistryReader$IPathReplace
instanceKlass java/util/HashMap$UnsafeHolder
instanceKlass java/io/SerialCallbackContext
instanceKlass java/io/ObjectInputStream$GetField
instanceKlass java/io/ObjectStreamClass$ClassDataSlot
instanceKlass java/io/ObjectStreamClass$FieldReflector
instanceKlass java/io/ObjectStreamClass$FieldReflectorKey
instanceKlass jdk/internal/reflect/ClassDefiner$1
instanceKlass jdk/internal/reflect/ClassDefiner
instanceKlass jdk/internal/reflect/MethodAccessorGenerator$1
instanceKlass jdk/internal/reflect/Label$PatchInfo
instanceKlass jdk/internal/reflect/Label
instanceKlass jdk/internal/reflect/UTF8
instanceKlass jdk/internal/reflect/ClassFileAssembler
instanceKlass jdk/internal/reflect/ByteVectorImpl
instanceKlass jdk/internal/reflect/ByteVector
instanceKlass jdk/internal/reflect/ByteVectorFactory
instanceKlass jdk/internal/reflect/AccessorGenerator
instanceKlass jdk/internal/reflect/ClassFileConstants
instanceKlass  @bci jdk/internal/reflect/MethodHandleLongFieldAccessorImpl getLong (Ljava/lang/Object;)J 11 <adapter> ; # java/lang/invoke/LambdaForm$MH+0x0000022290290000
instanceKlass java/io/ObjectStreamClass$2
instanceKlass java/io/ClassCache
instanceKlass java/io/ObjectStreamClass$Caches
instanceKlass sun/reflect/misc/ReflectUtil
instanceKlass java/io/ObjectStreamClass
instanceKlass  @bci java/io/ObjectInputFilter$Config <clinit> ()V 368 <appendix> argL0 ; # java/io/ObjectInputFilter$Config$$Lambda+0x00000222901d3f98
instanceKlass jdk/internal/access/JavaObjectInputFilterAccess
instanceKlass java/io/ObjectInputFilter$Config$BuiltinFilterFactory
instanceKlass  @bci java/io/ObjectInputFilter$Config <clinit> ()V 80 <appendix> argL0 ; # java/io/ObjectInputFilter$Config$$Lambda+0x00000222901d3930
instanceKlass  @bci java/io/ObjectInputFilter$Config <clinit> ()V 56 <appendix> argL0 ; # java/io/ObjectInputFilter$Config$$Lambda+0x00000222901d3710
instanceKlass java/io/ObjectInputFilter
instanceKlass java/io/ObjectInputFilter$Config
instanceKlass java/io/ObjectInputStream$ValidationList
instanceKlass java/io/ObjectInputStream$HandleTable$HandleList
instanceKlass java/io/ObjectInputStream$HandleTable
instanceKlass  @bci java/io/ObjectInputStream <clinit> ()V 100 <appendix> argL0 ; # java/io/ObjectInputStream$$Lambda+0x00000222901d2190
instanceKlass jdk/internal/access/JavaObjectInputStreamReadString
instanceKlass  @bci java/io/ObjectInputStream <clinit> ()V 92 <appendix> argL0 ; # java/io/ObjectInputStream$$Lambda+0x00000222901d1d70
instanceKlass jdk/internal/access/JavaObjectInputStreamAccess
instanceKlass org/eclipse/core/runtime/SubMonitor
instanceKlass org/apache/maven/project/ProjectBuildingResult
instanceKlass org/eclipse/m2e/core/project/IMavenProjectChangedListener
instanceKlass org/eclipse/m2e/core/internal/project/registry/DependencyResolutionContext
instanceKlass org/eclipse/m2e/core/internal/project/registry/MavenProjectFacade
instanceKlass com/google/common/cache/LocalCache$AbstractReferenceEntry
instanceKlass java/util/concurrent/atomic/AtomicReferenceArray
instanceKlass com/google/common/cache/LocalCache$LoadingValueReference
instanceKlass com/google/common/cache/Weigher
instanceKlass com/google/common/base/Predicate
instanceKlass com/google/common/base/Equivalence
instanceKlass java/util/function/BiPredicate
instanceKlass com/google/common/base/MoreObjects
instanceKlass com/google/common/cache/LocalCache$StrongValueReference
instanceKlass com/google/common/cache/LocalCache$1
instanceKlass com/google/common/cache/ReferenceEntry
instanceKlass com/google/common/cache/LocalCache$ValueReference
instanceKlass com/google/common/cache/LocalCache$LocalManualCache
instanceKlass com/google/common/cache/CacheLoader
instanceKlass  @bci org/eclipse/m2e/core/internal/project/registry/MavenProjectCache <init> ()V 25 <appendix> member <vmtarget> ; # org/eclipse/m2e/core/internal/project/registry/MavenProjectCache$$Lambda+0x0000022290280a60
instanceKlass org/eclipse/m2e/core/internal/project/registry/MavenProjectCache$CacheLine
instanceKlass  @bci org/eclipse/m2e/core/internal/project/registry/MavenProjectCache <init> ()V 16 <appendix> member <vmtarget> ; # org/eclipse/m2e/core/internal/project/registry/MavenProjectCache$$Lambda+0x0000022290280628
instanceKlass com/google/common/cache/RemovalListener
instanceKlass com/google/common/cache/CacheBuilder$2
instanceKlass com/google/common/base/Preconditions
instanceKlass com/google/common/cache/CacheStats
instanceKlass com/google/common/base/Suppliers$SupplierOfInstance
instanceKlass com/google/common/base/Suppliers
instanceKlass com/google/common/cache/CacheBuilder$1
instanceKlass com/google/common/cache/AbstractCache$StatsCounter
instanceKlass com/google/common/base/Ticker
instanceKlass com/google/common/base/Supplier
instanceKlass com/google/common/cache/CacheBuilder
instanceKlass com/google/common/cache/LoadingCache
instanceKlass com/google/common/base/Function
instanceKlass com/google/common/cache/Cache
instanceKlass org/apache/maven/model/building/ModelProblemCollectorRequest
instanceKlass org/eclipse/m2e/core/internal/embedder/MavenImpl$MavenSettings
instanceKlass org/eclipse/m2e/core/internal/preferences/MavenPreferenceConstants
instanceKlass org/apache/maven/model/ModelBase
instanceKlass org/apache/maven/project/ProjectBuildingRequest
instanceKlass org/apache/maven/wagon/proxy/ProxyInfo
instanceKlass org/eclipse/m2e/core/embedder/ILocalRepositoryListener
instanceKlass org/eclipse/m2e/core/internal/embedder/MavenExecutionContext
instanceKlass org/apache/maven/model/ConfigurationContainer
instanceKlass org/apache/maven/model/InputLocationTracker
instanceKlass org/apache/maven/plugin/MojoExecution
instanceKlass org/apache/maven/execution/MavenSession
instanceKlass org/apache/maven/lifecycle/MavenExecutionPlan
instanceKlass org/apache/maven/settings/TrackableBase
instanceKlass org/eclipse/m2e/core/embedder/ICallable
instanceKlass org/apache/maven/artifact/Artifact
instanceKlass org/eclipse/m2e/core/embedder/ISettingsChangeListener
instanceKlass org/eclipse/sisu/inject/MildKeys
instanceKlass org/eclipse/sisu/inject/Weak
instanceKlass java/util/stream/Nodes$ArrayNode
instanceKlass  @bci sun/util/locale/provider/LocaleProviderAdapter toLocaleArray (Ljava/util/Set;)[Ljava/util/Locale; 16 <appendix> argL0 ; # sun/util/locale/provider/LocaleProviderAdapter$$Lambda+0x800000068
instanceKlass  @bci sun/util/locale/provider/LocaleProviderAdapter toLocaleArray (Ljava/util/Set;)[Ljava/util/Locale; 6 <appendix> argL0 ; # sun/util/locale/provider/LocaleProviderAdapter$$Lambda+0x800000067
instanceKlass  @bci sun/util/cldr/CLDRLocaleProviderAdapter getCalendarDataProvider ()Ljava/util/spi/CalendarDataProvider; 8 <appendix> member <vmtarget> ; # sun/util/cldr/CLDRLocaleProviderAdapter$$Lambda+0x800000061
instanceKlass sun/util/locale/provider/CalendarDataUtility$CalendarWeekParameterGetter
instanceKlass sun/util/locale/provider/LocaleServiceProviderPool$LocalizedObjectGetter
instanceKlass sun/util/locale/provider/LocaleServiceProviderPool
instanceKlass java/util/Calendar$Builder
instanceKlass  @bci sun/util/locale/provider/JRELocaleProviderAdapter getCalendarProvider ()Lsun/util/spi/CalendarProvider; 8 <appendix> member <vmtarget> ; # sun/util/locale/provider/JRELocaleProviderAdapter$$Lambda+0x800000062
instanceKlass com/google/inject/matcher/AbstractMatcher
instanceKlass com/google/inject/matcher/Matcher
instanceKlass com/google/inject/Module
instanceKlass com/google/inject/spi/TypeConverter
instanceKlass org/codehaus/plexus/component/configurator/converters/ParameterizedConfigurationConverter
instanceKlass org/codehaus/plexus/component/configurator/converters/AbstractConfigurationConverter
instanceKlass org/codehaus/plexus/component/configurator/converters/ConfigurationConverter
instanceKlass org/codehaus/plexus/component/configurator/converters/lookup/DefaultConverterLookup
instanceKlass org/eclipse/m2e/core/internal/markers/SourceLocation
instanceKlass org/apache/maven/project/MavenProject
instanceKlass org/eclipse/m2e/core/internal/markers/MavenProblemInfo
instanceKlass org/eclipse/aether/artifact/Artifact
instanceKlass org/eclipse/m2e/core/internal/markers/MavenMarkerManager
instanceKlass org/apache/maven/execution/MavenExecutionRequest
instanceKlass org/eclipse/m2e/core/internal/embedder/MavenProperties
instanceKlass org/apache/felix/scr/impl/ComponentRegistry$2
instanceKlass  @bci org/eclipse/core/internal/preferences/EclipsePreferences fireNodeEvent (Lorg/eclipse/core/runtime/preferences/IEclipsePreferences$NodeChangeEvent;Z)V 26 <adapter> ; # java/lang/invoke/LambdaForm$MH+0x0000022290272800
instanceKlass  @bci org/eclipse/core/internal/preferences/EclipsePreferences fireNodeEvent (Lorg/eclipse/core/runtime/preferences/IEclipsePreferences$NodeChangeEvent;Z)V 26 <appendix> form vmentry <vmtarget> ; # java/lang/invoke/LambdaForm$DMH+0x0000022290272400
instanceKlass  @bci org/eclipse/core/internal/preferences/EclipsePreferences fireNodeEvent (Lorg/eclipse/core/runtime/preferences/IEclipsePreferences$NodeChangeEvent;Z)V 26 <appendix> member <vmtarget> ; # org/eclipse/core/internal/preferences/EclipsePreferences$$Lambda+0x000002229017a760
instanceKlass  @cpi org/eclipse/core/internal/preferences/EclipsePreferences 1057 form vmentry <vmtarget> ; # java/lang/invoke/LambdaForm$DMH+0x0000022290272000
instanceKlass org/eclipse/m2e/core/internal/preferences/MavenConfigurationImpl$1
instanceKlass org/eclipse/core/runtime/preferences/IPreferenceFilter
instanceKlass org/apache/felix/scr/impl/ComponentRegistry$Entry
instanceKlass org/eclipse/osgi/internal/log/ExtendedLogEntryImpl
instanceKlass org/eclipse/equinox/log/ExtendedLogEntry
instanceKlass org/eclipse/osgi/internal/log/Arguments
instanceKlass java/lang/StackTraceElement$HashedModules
instanceKlass org/eclipse/m2e/core/internal/embedder/EclipseLogger
instanceKlass org/codehaus/plexus/logging/Logger
instanceKlass org/codehaus/plexus/logging/AbstractLoggerManager
instanceKlass org/codehaus/plexus/logging/LoggerManager
instanceKlass org/eclipse/m2e/core/internal/embedder/IMavenPlexusContainer
instanceKlass org/codehaus/plexus/classworlds/ClassWorldListener
instanceKlass org/codehaus/plexus/PlexusContainer
instanceKlass org/codehaus/plexus/classworlds/ClassWorld
instanceKlass org/eclipse/aether/RepositorySystemSession
instanceKlass org/apache/maven/model/building/ModelBuildingRequest
instanceKlass org/apache/maven/execution/MavenExecutionResult
instanceKlass org/apache/maven/settings/crypto/SettingsDecryptionRequest
instanceKlass org/apache/maven/settings/building/SettingsBuildingRequest
instanceKlass org/apache/maven/plugin/version/PluginVersionRequest
instanceKlass org/codehaus/plexus/component/configurator/expression/ExpressionEvaluator
instanceKlass org/codehaus/plexus/configuration/PlexusConfiguration
instanceKlass org/codehaus/plexus/component/configurator/converters/lookup/ConverterLookup
instanceKlass org/eclipse/m2e/core/internal/embedder/MavenImpl
instanceKlass org/eclipse/m2e/core/embedder/IMavenConfigurationChangeListener
instanceKlass org/eclipse/m2e/core/internal/preferences/MavenConfigurationImpl
instanceKlass org/eclipse/m2e/core/internal/project/registry/MavenProjectCache
instanceKlass org/eclipse/m2e/core/internal/project/registry/ProjectRegistryReader
instanceKlass org/eclipse/m2e/core/internal/embedder/PlexusContainerManager
instanceKlass org/eclipse/m2e/core/internal/markers/IMavenMarkerManager
instanceKlass org/eclipse/m2e/core/internal/project/registry/BasicProjectRegistry
instanceKlass org/eclipse/m2e/core/project/IProjectConfiguration
instanceKlass org/apache/maven/artifact/repository/MavenArtifactRepository
instanceKlass org/apache/maven/artifact/repository/ArtifactRepository
instanceKlass org/eclipse/m2e/core/internal/project/registry/AbstractMavenDependencyResolver
instanceKlass org/eclipse/m2e/core/embedder/IMavenExecutionContext
instanceKlass org/eclipse/m2e/core/internal/project/registry/IProjectRegistry
instanceKlass org/eclipse/aether/repository/WorkspaceReader
instanceKlass org/eclipse/m2e/core/internal/project/registry/Capability
instanceKlass org/eclipse/m2e/core/project/IMavenProjectFacade
instanceKlass org/eclipse/m2e/core/embedder/IMavenExecutableLocation
instanceKlass org/eclipse/m2e/core/embedder/IMaven
instanceKlass org/eclipse/m2e/core/embedder/IComponentLookup
instanceKlass org/eclipse/m2e/core/embedder/IMavenConfiguration
instanceKlass org/eclipse/m2e/core/internal/project/registry/ProjectRegistryManager
instanceKlass ch/qos/logback/classic/util/LoggerNameUtil
instanceKlass org/slf4j/helpers/Reporter
instanceKlass ch/qos/logback/core/util/CachingDateFormatter$CacheTuple
instanceKlass ch/qos/logback/core/util/CachingDateFormatter
instanceKlass ch/qos/logback/core/util/StatusPrinter2
instanceKlass ch/qos/logback/core/util/StatusPrinter
instanceKlass ch/qos/logback/core/status/StatusUtil
instanceKlass  @bci ch/qos/logback/classic/util/ContextInitializer printDuration (JLch/qos/logback/classic/spi/Configurator;Lch/qos/logback/classic/spi/Configurator$ExecutionStatus;)V 31 <adapter> ; # java/lang/invoke/LambdaForm$MH+0x0000022290263400
instanceKlass  @bci ch/qos/logback/classic/util/ContextInitializer printDuration (JLch/qos/logback/classic/spi/Configurator;Lch/qos/logback/classic/spi/Configurator$ExecutionStatus;)V 31 <appendix> form vmentry <vmtarget> ; # java/lang/invoke/LambdaForm$MH+0x0000022290263000
# instanceKlass java/lang/invoke/LambdaForm$MH+0x0000022290262c00
instanceKlass  @bci ch/qos/logback/classic/util/ContextInitializer printDuration (JLch/qos/logback/classic/spi/Configurator;Lch/qos/logback/classic/spi/Configurator$ExecutionStatus;)V 31 <appendix> form names 8 function resolvedHandle form vmentry <vmtarget> ; # java/lang/invoke/LambdaForm$DMH+0x0000022290262800
instanceKlass  @bci ch/qos/logback/classic/util/ContextInitializer printDuration (JLch/qos/logback/classic/spi/Configurator;Lch/qos/logback/classic/spi/Configurator$ExecutionStatus;)V 31 <appendix> argL3 form vmentry <vmtarget> ; # java/lang/invoke/LambdaForm$MH+0x0000022290262400
# instanceKlass java/lang/invoke/LambdaForm$MH+0x0000022290262000
# instanceKlass java/lang/invoke/LambdaForm$MH+0x0000022290261c00
# instanceKlass java/lang/invoke/LambdaForm$MH+0x0000022290261800
# instanceKlass java/lang/invoke/LambdaForm$MH+0x0000022290261400
instanceKlass  @bci ch/qos/logback/classic/util/ContextInitializer printDuration (JLch/qos/logback/classic/spi/Configurator;Lch/qos/logback/classic/spi/Configurator$ExecutionStatus;)V 31 <appendix> form names 12 function resolvedHandle form vmentry <vmtarget> ; # java/lang/invoke/LambdaForm$DMH+0x0000022290261000
instanceKlass  @bci ch/qos/logback/classic/util/ContextInitializer printDuration (JLch/qos/logback/classic/spi/Configurator;Lch/qos/logback/classic/spi/Configurator$ExecutionStatus;)V 31 <appendix> argL1 form vmentry <vmtarget> ; # java/lang/invoke/LambdaForm$MH+0x0000022290260c00
# instanceKlass java/lang/invoke/LambdaForm$MH+0x0000022290260800
# instanceKlass java/lang/invoke/LambdaForm$MH+0x0000022290260400
# instanceKlass java/lang/invoke/LambdaForm$MH+0x0000022290260000
instanceKlass ch/qos/logback/core/Appender
instanceKlass ch/qos/logback/core/spi/FilterAttachable
instanceKlass ch/qos/logback/core/spi/ContextAwareBase
instanceKlass ch/qos/logback/classic/util/ClassicEnvUtil
instanceKlass ch/qos/logback/core/status/StatusListener
instanceKlass ch/qos/logback/core/util/StatusListenerConfigHelper
instanceKlass ch/qos/logback/core/status/StatusBase
instanceKlass ch/qos/logback/core/util/VersionUtil
instanceKlass ch/qos/logback/classic/ClassicConstants
instanceKlass ch/qos/logback/classic/util/ClassicVersionUtil
instanceKlass ch/qos/logback/core/CoreConstants
instanceKlass ch/qos/logback/core/util/CoreVersionUtil
instanceKlass ch/qos/logback/core/util/OptionHelper
instanceKlass ch/qos/logback/core/util/Loader
instanceKlass ch/qos/logback/classic/spi/Configurator
instanceKlass ch/qos/logback/core/spi/ContextAwareImpl
instanceKlass ch/qos/logback/classic/util/ContextInitializer$1
instanceKlass ch/qos/logback/core/spi/ContextAware
instanceKlass ch/qos/logback/classic/util/ContextInitializer
instanceKlass org/slf4j/MDC
instanceKlass ch/qos/logback/classic/util/LogbackMDCAdapter
instanceKlass ch/qos/logback/classic/Level
instanceKlass ch/qos/logback/classic/spi/ILoggingEvent
instanceKlass ch/qos/logback/core/spi/DeferredProcessingAware
instanceKlass org/slf4j/spi/LoggingEventBuilder
instanceKlass ch/qos/logback/classic/Logger
instanceKlass ch/qos/logback/core/spi/AppenderAttachable
instanceKlass org/slf4j/spi/LoggingEventAware
instanceKlass org/slf4j/spi/LocationAwareLogger
instanceKlass ch/qos/logback/classic/spi/LoggerContextVO
instanceKlass ch/qos/logback/core/spi/LogbackLock
instanceKlass ch/qos/logback/core/helpers/CyclicBuffer
instanceKlass ch/qos/logback/core/BasicStatusManager
instanceKlass ch/qos/logback/core/status/Status
instanceKlass ch/qos/logback/core/status/StatusManager
instanceKlass ch/qos/logback/core/ContextBase
instanceKlass ch/qos/logback/core/spi/LifeCycle
instanceKlass ch/qos/logback/core/Context
instanceKlass ch/qos/logback/core/spi/PropertyContainer
instanceKlass  @cpi org/eclipse/jdt/internal/core/SearchableEnvironment 1291 form vmentry <vmtarget> ; # java/lang/invoke/LambdaForm$DMH+0x0000022290251000
instanceKlass org/apache/aries/spifly/Util$7
instanceKlass org/apache/aries/spifly/Util$5
instanceKlass org/eclipse/osgi/internal/container/NamespaceList$Builder$1
instanceKlass org/apache/felix/resolver/WireImpl
instanceKlass org/apache/felix/resolver/util/ArrayMap$1$1
instanceKlass org/apache/felix/resolver/UsedBlames
instanceKlass org/apache/felix/resolver/PackageSpaces$4
instanceKlass org/apache/felix/resolver/PackageSpaces$3
instanceKlass org/apache/felix/resolver/PackageSpaces$2
instanceKlass org/apache/felix/resolver/Blame
instanceKlass org/apache/felix/resolver/PackageSpaces$1
instanceKlass org/apache/felix/resolver/Packages
instanceKlass org/apache/felix/resolver/WrappedRequirement
instanceKlass org/apache/felix/resolver/WireCandidate
instanceKlass org/apache/felix/resolver/EnhancedExecutor$1
instanceKlass org/apache/felix/resolver/PackageSpaces$1Computer
instanceKlass org/apache/felix/resolver/WrappedResource
instanceKlass  @bci org/apache/felix/resolver/util/CandidateSelector calculate (Lorg/osgi/resource/Requirement;)V 15 <appendix> member <vmtarget> ; # org/apache/felix/resolver/util/CandidateSelector$$Lambda+0x0000022290254980
instanceKlass org/apache/felix/resolver/util/CopyOnWriteSet
instanceKlass org/apache/felix/resolver/DumbExecutor
instanceKlass org/slf4j/helpers/Util
instanceKlass org/slf4j/helpers/NOPMDCAdapter
instanceKlass org/slf4j/helpers/NOPLoggerFactory
instanceKlass org/slf4j/helpers/NOP_FallbackServiceProvider
instanceKlass org/slf4j/helpers/ThreadLocalMapOfStacks
instanceKlass org/objectweb/asm/tree/ParameterNode
instanceKlass org/slf4j/helpers/BasicMDCAdapter
instanceKlass org/slf4j/Marker
instanceKlass org/slf4j/helpers/BasicMarkerFactory
instanceKlass org/slf4j/Logger
instanceKlass org/slf4j/helpers/SubstituteLoggerFactory
instanceKlass org/slf4j/ILoggerFactory
instanceKlass org/slf4j/spi/MDCAdapter
instanceKlass org/slf4j/IMarkerFactory
instanceKlass org/slf4j/helpers/SubstituteServiceProvider
instanceKlass org/slf4j/event/LoggingEvent
instanceKlass org/slf4j/LoggerFactory
instanceKlass  @bci org/eclipse/osgi/container/ModuleWiring lambda$1 (Lorg/eclipse/osgi/internal/container/NamespaceList$Builder;)V 26 <appendix> argL0 ; # org/eclipse/osgi/container/ModuleWiring$$Lambda+0x0000022290147b40
instanceKlass java/util/function/UnaryOperator
instanceKlass  @bci org/eclipse/osgi/container/ModuleWiring addDynamicImports (Lorg/eclipse/osgi/container/ModuleRevisionBuilder;)V 39 <appendix> member <vmtarget> ; # org/eclipse/osgi/container/ModuleWiring$$Lambda+0x0000022290147918
instanceKlass  @bci org/eclipse/osgi/container/ModuleWiring addDynamicImports (Lorg/eclipse/osgi/container/ModuleRevisionBuilder;)V 7 <appendix> member <vmtarget> ; # org/eclipse/osgi/container/ModuleWiring$$Lambda+0x00000222901476d0
instanceKlass org/eclipse/osgi/container/builders/OSGiManifestBuilderFactory
instanceKlass  @bci sun/net/www/protocol/jrt/JavaRuntimeURLConnection <clinit> ()V 0 <appendix> argL0 ; # sun/net/www/protocol/jrt/JavaRuntimeURLConnection$$Lambda+0x00000222901cf330
instanceKlass org/objectweb/asm/Handler
instanceKlass org/objectweb/asm/tree/TryCatchBlockNode
instanceKlass org/objectweb/asm/Handle
instanceKlass org/objectweb/asm/Edge
instanceKlass org/objectweb/asm/tree/LocalVariableNode
instanceKlass java/util/BitSet
instanceKlass org/objectweb/asm/tree/InsnList
instanceKlass org/objectweb/asm/tree/Util
instanceKlass org/objectweb/asm/tree/AbstractInsnNode
instanceKlass org/objectweb/asm/commons/Method
instanceKlass org/objectweb/asm/Label
instanceKlass org/objectweb/asm/Frame
instanceKlass org/objectweb/asm/Context
instanceKlass org/objectweb/asm/Attribute
instanceKlass org/objectweb/asm/Type
instanceKlass org/objectweb/asm/ByteVector
instanceKlass org/objectweb/asm/Symbol
instanceKlass org/objectweb/asm/SymbolTable
instanceKlass org/objectweb/asm/FieldVisitor
instanceKlass org/objectweb/asm/MethodVisitor
instanceKlass org/objectweb/asm/AnnotationVisitor
instanceKlass org/objectweb/asm/ModuleVisitor
instanceKlass org/objectweb/asm/RecordComponentVisitor
instanceKlass org/objectweb/asm/ClassReader
instanceKlass org/eclipse/m2e/core/internal/URLConnectionCaches
instanceKlass  @bci org/eclipse/m2e/core/internal/MavenPluginActivator start (Lorg/osgi/framework/BundleContext;)V 31 <adapter> ; # java/lang/invoke/LambdaForm$MH+0x000002229023b800
# instanceKlass java/lang/invoke/LambdaForm$DMH+0x000002229023b400
instanceKlass  @bci org/eclipse/m2e/core/internal/MavenPluginActivator start (Lorg/osgi/framework/BundleContext;)V 31 <appendix> form vmentry <vmtarget> ; # java/lang/invoke/LambdaForm$MH+0x000002229023b000
instanceKlass  @bci org/eclipse/m2e/core/internal/MavenPluginActivator start (Lorg/osgi/framework/BundleContext;)V 31 <appendix> form names 5 function resolvedHandle form vmentry <vmtarget> ; # java/lang/invoke/LambdaForm$DMH+0x000002229023ac00
instanceKlass  @bci org/eclipse/m2e/core/internal/MavenPluginActivator start (Lorg/osgi/framework/BundleContext;)V 31 <appendix> argL3 form vmentry <vmtarget> ; # java/lang/invoke/LambdaForm$MH+0x000002229023a800
# instanceKlass java/lang/invoke/LambdaForm$MH+0x000002229023a400
# instanceKlass java/lang/invoke/LambdaForm$MH+0x000002229023a000
# instanceKlass java/lang/invoke/LambdaForm$MH+0x0000022290239c00
# instanceKlass java/lang/invoke/LambdaForm$MH+0x0000022290239800
# instanceKlass java/lang/invoke/LambdaForm$MH+0x0000022290239400
# instanceKlass java/lang/invoke/LambdaForm$MH+0x0000022290239000
instanceKlass  @bci org/eclipse/m2e/core/internal/MavenPluginActivator start (Lorg/osgi/framework/BundleContext;)V 31 <appendix> form names 9 function resolvedHandle form vmentry <vmtarget> ; # java/lang/invoke/LambdaForm$DMH+0x0000022290238c00
instanceKlass  @bci org/eclipse/m2e/core/internal/MavenPluginActivator start (Lorg/osgi/framework/BundleContext;)V 31 <appendix> argL1 form vmentry <vmtarget> ; # java/lang/invoke/LambdaForm$MH+0x0000022290238800
# instanceKlass java/lang/invoke/LambdaForm$MH+0x0000022290238400
instanceKlass  @bci org/eclipse/m2e/core/internal/MavenPluginActivator start (Lorg/osgi/framework/BundleContext;)V 31 <appendix> argL1 argL0 form vmentry <vmtarget> ; # java/lang/invoke/LambdaForm$MH+0x0000022290238000
# instanceKlass java/lang/invoke/LambdaForm$MH+0x0000022290237c00
# instanceKlass java/lang/invoke/LambdaForm$MH+0x0000022290237800
# instanceKlass java/lang/invoke/LambdaForm$MH+0x0000022290237400
# instanceKlass java/lang/invoke/LambdaForm$MH+0x0000022290237000
instanceKlass  @bci org/eclipse/m2e/core/internal/MavenPluginActivator <init> ()V 16 <appendix> argL0 ; # org/eclipse/m2e/core/internal/MavenPluginActivator$$Lambda+0x0000022290235d78
instanceKlass org/eclipse/m2e/core/internal/jobs/IBackgroundProcessingQueue
# instanceKlass java/lang/invoke/LambdaForm$MH+0x0000022290235000
# instanceKlass java/lang/invoke/LambdaForm$MH+0x0000022290234c00
# instanceKlass java/lang/invoke/LambdaForm$MH+0x0000022290234800
# instanceKlass java/lang/invoke/LambdaForm$MH+0x0000022290234400
# instanceKlass java/lang/invoke/LambdaForm$DMH+0x0000022290234000
instanceKlass org/eclipse/core/resources/IResourceChangeEvent
instanceKlass java/util/concurrent/atomic/Striped64$1
instanceKlass jdk/internal/util/random/RandomSupport
instanceKlass  @bci org/apache/felix/scr/impl/manager/ComponentContextImpl createNewFieldHandlerMap ()Ljava/util/Map; 4 <appendix> argL0 ; # org/apache/felix/scr/impl/manager/ComponentContextImpl$$Lambda+0x0000022290231bf8
instanceKlass  @bci org/eclipse/core/internal/runtime/InternalPlatform getLog (Lorg/osgi/framework/Bundle;)Lorg/eclipse/core/runtime/ILog; 13 <appendix> member <vmtarget> ; # org/eclipse/core/internal/runtime/InternalPlatform$$Lambda+0x00000222901aee48
instanceKlass org/eclipse/core/internal/runtime/Log
instanceKlass org/eclipse/core/internal/preferences/BundleStateScope
instanceKlass org/apache/felix/scr/impl/inject/field/FieldHandler$Resolved
instanceKlass org/apache/felix/scr/impl/inject/field/FieldUtils$FieldSearchResult
instanceKlass org/apache/felix/scr/impl/inject/field/FieldUtils$1
instanceKlass org/apache/felix/scr/impl/inject/field/FieldUtils
instanceKlass org/apache/felix/scr/impl/inject/field/FieldHandler$1
instanceKlass org/apache/felix/scr/impl/inject/field/FieldHandler$ReferenceMethodImpl
instanceKlass org/apache/felix/scr/impl/inject/field/FieldHandler$NotResolved
instanceKlass org/apache/felix/scr/impl/inject/field/FieldHandler$State
instanceKlass org/apache/felix/scr/impl/inject/InitReferenceMethod
instanceKlass org/apache/felix/scr/impl/inject/field/FieldHandler
instanceKlass org/apache/felix/scr/impl/inject/field/FieldMethods
instanceKlass org/eclipse/core/internal/resources/CheckMissingNaturesListener
instanceKlass org/eclipse/core/internal/resources/Rules
instanceKlass org/eclipse/core/internal/resources/ResourceChangeListenerRegistrar
instanceKlass  @bci org/eclipse/core/internal/jobs/JobManager startJob (Lorg/eclipse/core/internal/jobs/Worker;)Lorg/eclipse/core/runtime/jobs/Job; 45 <appendix> member <vmtarget> ; # org/eclipse/core/internal/jobs/JobManager$$Lambda+0x000002229022a248
instanceKlass  @cpi org/eclipse/core/internal/jobs/JobManager 1541 form vmentry <vmtarget> ; # java/lang/invoke/LambdaForm$DMH+0x0000022290229c00
instanceKlass  @bci org/eclipse/core/internal/resources/MarkerManager visitorFindMarkers (Lorg/eclipse/core/runtime/IPath;Ljava/util/ArrayList;Ljava/lang/String;Z)V 5 <adapter> ; # java/lang/invoke/LambdaForm$MH+0x0000022290229800
# instanceKlass java/lang/invoke/LambdaForm$DMH+0x0000022290229400
instanceKlass  @bci org/eclipse/core/internal/resources/MarkerManager visitorFindMarkers (Lorg/eclipse/core/runtime/IPath;Ljava/util/ArrayList;Ljava/lang/String;Z)V 5 <appendix> form vmentry <vmtarget> ; # java/lang/invoke/LambdaForm$DMH+0x0000022290229000
instanceKlass  @bci org/eclipse/core/internal/jobs/JobManager endJob (Lorg/eclipse/core/internal/jobs/InternalJob;Lorg/eclipse/core/runtime/IStatus;ZZ)V 14 <appendix> member <vmtarget> ; # org/eclipse/core/internal/jobs/JobManager$$Lambda+0x000002229022a000
instanceKlass  @cpi org/eclipse/core/internal/jobs/JobManager 1497 form vmentry <vmtarget> ; # java/lang/invoke/LambdaForm$DMH+0x0000022290228c00
instanceKlass  @bci org/eclipse/core/internal/resources/AliasManager buildAliasedProjectsSet ()V 30 <appendix> member <vmtarget> ; # org/eclipse/core/internal/resources/AliasManager$$Lambda+0x000002229022e050
instanceKlass org/eclipse/core/internal/filesystem/FileStoreUtil
instanceKlass  @bci org/eclipse/core/internal/resources/AliasManager$HashMapWithSortedKeys <init> ()V 9 <appendix> argL0 ; # org/eclipse/core/internal/resources/AliasManager$HashMapWithSortedKeys$$Lambda+0x000002229022ddb8
instanceKlass org/eclipse/core/internal/resources/AliasManager$HashMapWithSortedKeys
instanceKlass org/eclipse/core/internal/resources/AliasManager$LocationMap
instanceKlass org/eclipse/core/internal/resources/AliasManager
instanceKlass org/eclipse/core/resources/refresh/IRefreshMonitor
instanceKlass org/eclipse/core/internal/refresh/MonitorManager
instanceKlass org/eclipse/core/resources/IResourceDeltaVisitor
instanceKlass org/eclipse/core/resources/IPathVariableChangeListener
instanceKlass org/eclipse/core/internal/refresh/RefreshManager
instanceKlass org/eclipse/core/resources/refresh/IRefreshResult
instanceKlass  @bci org/eclipse/core/internal/resources/ContentDescriptionManager getCurrentPlatformState ()Ljava/lang/String; 39 <appendix> argL0 ; # org/eclipse/core/internal/resources/ContentDescriptionManager$$Lambda+0x000002229022c000
instanceKlass  @bci org/eclipse/core/internal/properties/PropertyBucket$PropertyEntry <clinit> ()V 0 <appendix> argL0 ; # org/eclipse/core/internal/properties/PropertyBucket$PropertyEntry$$Lambda+0x00000222902278b8
instanceKlass  @cpi org/eclipse/jdt/internal/launching/StandardVMType 1161 form vmentry <vmtarget> ; # java/lang/invoke/LambdaForm$DMH+0x0000022290228800
instanceKlass org/eclipse/core/internal/resources/ProjectContentTypes
instanceKlass org/eclipse/core/internal/utils/Cache
instanceKlass org/eclipse/core/internal/resources/ContentDescriptionManager
instanceKlass  @bci org/eclipse/core/internal/resources/CharsetManager initPreferenceChangeListener ()V 2 <appendix> member <vmtarget> ; # org/eclipse/core/internal/resources/CharsetManager$$Lambda+0x0000022290226cb8
instanceKlass  @bci org/eclipse/jdt/ls/core/internal/managers/ProgressiveProjectReporter reportNewProjects ()V 146 <appendix> form vmentry <vmtarget> ; # java/lang/invoke/LambdaForm$MH+0x0000022290228400
instanceKlass  @bci org/eclipse/jdt/ls/core/internal/managers/ProgressiveProjectReporter reportNewProjects ()V 146 <appendix> argL3 form vmentry <vmtarget> ; # java/lang/invoke/LambdaForm$MH+0x0000022290228000
# instanceKlass java/lang/invoke/LambdaForm$MH+0x0000022290225c00
# instanceKlass java/lang/invoke/LambdaForm$MH+0x0000022290225800
# instanceKlass java/lang/invoke/LambdaForm$MH+0x0000022290225400
instanceKlass  @bci org/eclipse/core/internal/jobs/JobManager now ()J 5 <appendix> member <vmtarget> ; # org/eclipse/core/internal/jobs/JobManager$$Lambda+0x00000222901adbe8
instanceKlass java/util/function/LongUnaryOperator
instanceKlass org/eclipse/core/internal/jobs/JobChangeEvent
instanceKlass  @bci org/eclipse/core/internal/jobs/JobManager schedule (Lorg/eclipse/core/internal/jobs/InternalJob;J)V 5 <adapter> ; # java/lang/invoke/LambdaForm$MH+0x0000022290225000
# instanceKlass java/lang/invoke/LambdaForm$DMH+0x0000022290224c00
instanceKlass  @bci org/eclipse/core/internal/jobs/JobManager schedule (Lorg/eclipse/core/internal/jobs/InternalJob;J)V 5 <appendix> form vmentry <vmtarget> ; # java/lang/invoke/LambdaForm$DMH+0x0000022290224800
instanceKlass  @bci org/eclipse/core/internal/jobs/JobManager schedule (Lorg/eclipse/core/internal/jobs/InternalJob;J)V 5 <appendix> member <vmtarget> ; # org/eclipse/core/internal/jobs/JobManager$$Lambda+0x00000222901ad738
instanceKlass  @cpi org/eclipse/core/internal/jobs/JobManager 1514 form vmentry <vmtarget> ; # java/lang/invoke/LambdaForm$DMH+0x0000022290224400
instanceKlass org/eclipse/core/internal/resources/CharsetDeltaJob$ICharsetListenerFilter
instanceKlass  @bci org/osgi/framework/FrameworkUtil lambda$4 (Ljava/lang/Class;)Lorg/osgi/framework/Bundle; 29 <appendix> argL0 ; # org/osgi/framework/FrameworkUtil$$Lambda+0x0000022290147288
instanceKlass  @bci org/osgi/framework/FrameworkUtil lambda$4 (Ljava/lang/Class;)Lorg/osgi/framework/Bundle; 19 <appendix> argL0 ; # org/osgi/framework/FrameworkUtil$$Lambda+0x0000022290147038
instanceKlass  @bci org/osgi/framework/FrameworkUtil lambda$4 (Ljava/lang/Class;)Lorg/osgi/framework/Bundle; 9 <appendix> member <vmtarget> ; # org/osgi/framework/FrameworkUtil$$Lambda+0x0000022290146df0
instanceKlass org/eclipse/core/runtime/PerformanceStats
instanceKlass org/eclipse/core/internal/events/ResourceStats
instanceKlass org/eclipse/core/internal/events/ResourceChangeListenerList$ListenerEntry
instanceKlass org/eclipse/core/internal/resources/CharsetManager$ResourceChangeListener
instanceKlass org/eclipse/core/resources/IResourceChangeListener
instanceKlass org/eclipse/core/internal/resources/CharsetManager
instanceKlass org/eclipse/core/internal/localstore/Bucket$Entry
instanceKlass org/eclipse/core/internal/localstore/BucketTree
instanceKlass org/eclipse/core/internal/localstore/Bucket$Visitor
instanceKlass org/eclipse/core/internal/localstore/Bucket
instanceKlass org/eclipse/core/internal/properties/PropertyManager2
instanceKlass org/eclipse/core/internal/events/LifecycleEvent
instanceKlass  @bci com/sun/jna/Structure$FFIType storeTypeInfo (Ljava/lang/Class;ILcom/sun/jna/Structure$FFIType;)V 13 <appendix> argL0 ; # com/sun/jna/Structure$FFIType$$Lambda+0x0000022290220618
instanceKlass  @bci jdk/internal/reflect/MethodHandleBooleanFieldAccessorImpl setBoolean (Ljava/lang/Object;Z)V 41 <adapter> ; # java/lang/invoke/LambdaForm$MH+0x0000022290224000
instanceKlass java/lang/Short$ShortCache
instanceKlass com/sun/jna/NativeMappedConverter
instanceKlass com/sun/jna/Klass
instanceKlass com/sun/jna/Native$Buffers
instanceKlass java/util/stream/SliceOps
# instanceKlass com/sun/jna/Native$$InjectedInvoker+0x000002229021b000
# instanceKlass java/lang/invoke/LambdaForm$MH+0x000002229021ac00
# instanceKlass java/lang/invoke/LambdaForm$MH+0x000002229021a800
instanceKlass com/sun/jna/VarArgsChecker
instanceKlass com/sun/jna/NativeLibrary$NativeLibraryDisposer
instanceKlass com/sun/jna/NativeLibrary$1
instanceKlass com/sun/jna/SymbolProvider
instanceKlass com/sun/jna/NativeLibrary
instanceKlass org/eclipse/core/internal/filesystem/local/Win32Handler$FileAPIh
instanceKlass com/sun/jna/Memory$MemoryDisposer
instanceKlass com/sun/jna/internal/Cleaner$Cleanable
instanceKlass com/sun/jna/internal/Cleaner
instanceKlass com/sun/jna/WeakMemoryHolder
instanceKlass org/eclipse/core/filesystem/provider/FileInfo
# instanceKlass java/lang/invoke/LambdaForm$MH+0x000002229021a400
instanceKlass  @bci org/eclipse/jdt/internal/core/JrtPackageFragmentRoot$JrtModuleKey hashCode ()I 1 <appendix> argL1 argL1 form vmentry <vmtarget> ; # java/lang/invoke/LambdaForm$MH+0x000002229021a000
instanceKlass  @bci jdk/internal/reflect/MethodHandleBooleanFieldAccessorImpl getBoolean (Ljava/lang/Object;)Z 20 <adapter> ; # java/lang/invoke/LambdaForm$MH+0x0000022290219c00
# instanceKlass java/lang/invoke/LambdaForm$MH+0x0000022290219800
# instanceKlass java/lang/invoke/LambdaForm$BMH+0x0000022290219400
instanceKlass  @cpi java/io/ObjectInputStream 1214 form vmentry <vmtarget> ; # java/lang/invoke/LambdaForm$DMH+0x0000022290219000
instanceKlass com/sun/jna/Structure$StructField
instanceKlass com/sun/jna/Structure$LayoutInfo
instanceKlass java/lang/Class$AnnotationData
instanceKlass java/lang/annotation/Documented
instanceKlass com/sun/jna/Structure$FieldOrder
instanceKlass  @bci com/sun/jna/Structure fieldOrder ()Ljava/util/List; 84 <appendix> member <vmtarget> ; # com/sun/jna/Structure$$Lambda+0x0000022290215b18
instanceKlass  @bci com/sun/jna/Structure getFieldList ()Ljava/util/List; 84 <appendix> member <vmtarget> ; # com/sun/jna/Structure$$Lambda+0x00000222902158d0
instanceKlass  @bci com/sun/jna/Structure validateFields ()V 75 <appendix> member <vmtarget> ; # com/sun/jna/Structure$$Lambda+0x0000022290215688
instanceKlass com/sun/jna/platform/win32/WinBase
instanceKlass com/sun/jna/platform/win32/BaseTSD
instanceKlass com/sun/jna/platform/win32/WinDef
instanceKlass com/sun/jna/Library
instanceKlass com/sun/jna/win32/W32APITypeMapper$2
instanceKlass com/sun/jna/DefaultTypeMapper$Entry
instanceKlass com/sun/jna/win32/W32APITypeMapper$1
instanceKlass com/sun/jna/TypeConverter
instanceKlass com/sun/jna/DefaultTypeMapper
instanceKlass com/sun/jna/TypeMapper
instanceKlass com/sun/jna/Structure$ByReference
instanceKlass com/sun/jna/Native$3
instanceKlass com/sun/jna/Native$2
instanceKlass com/sun/jna/Structure$FFIType$FFITypes
instanceKlass com/sun/jna/Native$ffi_callback
instanceKlass com/sun/jna/JNIEnv
instanceKlass com/sun/jna/PointerType
instanceKlass com/sun/jna/NativeMapped
instanceKlass com/sun/jna/WString
instanceKlass com/sun/jna/win32/DLLCallback
instanceKlass com/sun/jna/CallbackProxy
instanceKlass com/sun/jna/Callback
instanceKlass com/sun/jna/Structure$ByValue
instanceKlass jdk/internal/loader/NativeLibraries$Unloader
instanceKlass java/io/FileOutputStream$1
instanceKlass sun/security/provider/AbstractDrbg$NonceProvider
instanceKlass  @bci sun/security/provider/AbstractDrbg$SeederHolder <clinit> ()V 42 <appendix> member <vmtarget> ; # sun/security/provider/AbstractDrbg$SeederHolder$$Lambda+0x00000222901cad00
instanceKlass  @cpi sun/security/provider/AbstractDrbg$SeederHolder 91 form vmentry <vmtarget> ; # java/lang/invoke/LambdaForm$DMH+0x0000022290214c00
# instanceKlass java/lang/invoke/LambdaForm$DMH+0x0000022290214800
instanceKlass sun/nio/fs/BasicFileAttributesHolder
instanceKlass sun/nio/fs/WindowsDirectoryStream$WindowsDirectoryIterator
instanceKlass sun/nio/fs/WindowsDirectoryStream
instanceKlass java/nio/file/DirectoryStream
instanceKlass java/nio/file/Files$AcceptAllFilter
instanceKlass java/nio/file/DirectoryStream$Filter
instanceKlass java/net/NetworkInterface$1
instanceKlass java/net/DefaultInterface
instanceKlass java/net/Inet6Address$Inet6AddressHolder
instanceKlass java/net/InetAddress$PlatformResolver
instanceKlass java/net/spi/InetAddressResolver
instanceKlass java/net/spi/InetAddressResolver$LookupPolicy
instanceKlass java/net/Inet4AddressImpl
instanceKlass java/net/Inet6AddressImpl
instanceKlass java/net/InetAddressImpl
instanceKlass java/util/concurrent/ConcurrentSkipListMap$Node
instanceKlass java/util/concurrent/ConcurrentSkipListMap$Index
instanceKlass java/util/concurrent/ConcurrentNavigableMap
instanceKlass java/net/InetAddress$InetAddressHolder
instanceKlass java/net/InetAddress$1
instanceKlass jdk/internal/access/JavaNetInetAddressAccess
instanceKlass java/net/InterfaceAddress
instanceKlass java/net/NetworkInterface
instanceKlass sun/security/provider/SeedGenerator$1
instanceKlass sun/security/provider/SeedGenerator
instanceKlass sun/security/provider/AbstractDrbg$SeederHolder
instanceKlass java/security/DrbgParameters$NextBytes
instanceKlass  @bci sun/security/provider/AbstractDrbg <clinit> ()V 12 <appendix> argL0 ; # sun/security/provider/AbstractDrbg$$Lambda+0x00000222901c8358
instanceKlass  @cpi sun/security/provider/AbstractDrbg 383 form vmentry <vmtarget> ; # java/lang/invoke/LambdaForm$DMH+0x0000022290214400
# instanceKlass java/lang/invoke/LambdaForm$DMH+0x0000022290214000
instanceKlass sun/security/provider/EntropySource
instanceKlass sun/security/provider/AbstractDrbg
instanceKlass java/security/DrbgParameters$Instantiation
instanceKlass java/security/DrbgParameters
instanceKlass sun/security/provider/MoreDrbgParameters
instanceKlass  @bci sun/security/provider/DRBG <init> (Ljava/security/SecureRandomParameters;)V 26 <appendix> argL0 ; # sun/security/provider/DRBG$$Lambda+0x00000222901c6df8
instanceKlass java/security/SecureRandomSpi
instanceKlass java/io/File$TempDirectory
instanceKlass com/sun/jna/Native$6
instanceKlass com/sun/jna/Platform
instanceKlass com/sun/jna/Native$1
instanceKlass com/sun/jna/Callback$UncaughtExceptionHandler
instanceKlass com/sun/jna/Native
instanceKlass com/sun/jna/Version
instanceKlass com/sun/jna/FromNativeContext
instanceKlass com/sun/jna/FromNativeConverter
instanceKlass com/sun/jna/ToNativeConverter
instanceKlass com/sun/jna/ToNativeContext
instanceKlass com/sun/jna/Structure
instanceKlass com/sun/jna/Pointer
instanceKlass org/eclipse/core/internal/filesystem/local/NativeHandler
instanceKlass org/eclipse/core/internal/filesystem/local/LocalFileNativesManager
instanceKlass org/eclipse/core/resources/FileInfoMatcherDescription
instanceKlass org/eclipse/core/internal/resources/FilterDescription
instanceKlass javax/xml/parsers/DocumentBuilder
instanceKlass jdk/xml/internal/XMLSecurityManager
instanceKlass javax/xml/parsers/DocumentBuilderFactory
instanceKlass org/eclipse/core/internal/runtime/XmlProcessorFactory
instanceKlass org/eclipse/core/internal/resources/IModelObjectConstants
instanceKlass org/eclipse/core/filesystem/URIUtil
instanceKlass java/util/AbstractMap$2$1
instanceKlass  @bci org/eclipse/core/internal/resources/ProjectVariableProviderManager <clinit> ()V 14 <appendix> argL0 ; # org/eclipse/core/internal/resources/ProjectVariableProviderManager$$Lambda+0x0000022290208a58
instanceKlass  @cpi org/eclipse/core/internal/resources/ProjectVariableProviderManager 171 form vmentry <vmtarget> ; # java/lang/invoke/LambdaForm$DMH+0x000002229020c000
instanceKlass org/eclipse/core/resources/variableresolvers/PathVariableResolver
instanceKlass org/eclipse/core/internal/resources/ProjectVariableProviderManager$Descriptor
instanceKlass org/eclipse/core/internal/resources/ProjectVariableProviderManager
instanceKlass org/eclipse/core/internal/resources/ProjectPathVariableManager
instanceKlass  @bci org/eclipse/core/internal/filesystem/local/LocalFile createExecutor (I)Ljava/util/concurrent/ForkJoinPool; 15 <appendix> argL0 ; # org/eclipse/core/internal/filesystem/local/LocalFile$$Lambda+0x0000022290207220
instanceKlass  @bci org/eclipse/core/internal/filesystem/local/LocalFile createExecutor (I)Ljava/util/concurrent/ForkJoinPool; 5 <appendix> argL0 ; # org/eclipse/core/internal/filesystem/local/LocalFile$$Lambda+0x0000022290207000
instanceKlass java/util/concurrent/ForkJoinPool$2
instanceKlass jdk/internal/access/JavaUtilConcurrentFJPAccess
instanceKlass java/util/concurrent/ForkJoinPool$DefaultForkJoinWorkerThreadFactory
instanceKlass java/util/concurrent/ForkJoinPool$WorkQueue
instanceKlass java/util/concurrent/ForkJoinPool$ForkJoinWorkerThreadFactory
instanceKlass org/eclipse/jdt/ls/core/internal/filesystem/JLSFsUtils
instanceKlass sun/nio/fs/WindowsUriSupport
instanceKlass org/eclipse/core/filesystem/IFileStore
instanceKlass org/eclipse/jdt/ls/core/internal/filesystem/JDTLSFilesystemActivator$1
instanceKlass org/eclipse/jdt/ls/core/internal/filesystem/JDTLSFilesystemActivator
instanceKlass org/eclipse/core/filesystem/IFileSystem
instanceKlass org/eclipse/core/internal/filesystem/InternalFileSystemCore
instanceKlass org/eclipse/core/filesystem/EFS
instanceKlass org/eclipse/core/internal/localstore/FileStoreRoot
instanceKlass org/eclipse/core/filesystem/IFileInfo
instanceKlass org/eclipse/core/internal/resources/MarkerAttributeMap
instanceKlass org/eclipse/core/internal/resources/MarkerSet
instanceKlass org/eclipse/core/internal/resources/MarkerReader
instanceKlass org/eclipse/core/internal/watson/ElementTree$ChildIDsCache
instanceKlass  @bci org/eclipse/core/internal/resources/SaveManager initSnap (Lorg/eclipse/core/runtime/IProgressMonitor;)V 67 <appendix> argL0 ; # org/eclipse/core/internal/resources/SaveManager$$Lambda+0x0000022290201080
instanceKlass java/io/FilenameFilter
instanceKlass  @bci org/eclipse/jdt/ls/core/internal/commands/ProjectCommand getClasspathsFromJavaProject (Lorg/eclipse/jdt/core/IJavaProject;Lorg/eclipse/jdt/ls/core/internal/commands/ProjectCommand$ClasspathOptions;)Lorg/eclipse/jdt/ls/core/internal/commands/ProjectCommand$ClasspathResult; 141 <appendix> form vmentry <vmtarget> ; # java/lang/invoke/LambdaForm$DMH+0x0000022290204000
instanceKlass  @bci org/eclipse/core/internal/jobs/JobManager cancel (Lorg/eclipse/core/internal/jobs/InternalJob;)Z 15 <appendix> member <vmtarget> ; # org/eclipse/core/internal/jobs/JobManager$$Lambda+0x00000222901ad4f0
instanceKlass org/eclipse/core/internal/utils/ObjectMap
instanceKlass org/eclipse/core/internal/dtree/DataTreeLookup
instanceKlass org/eclipse/core/internal/dtree/DataTreeReader
instanceKlass org/eclipse/core/internal/watson/ElementTreeReader$1
instanceKlass org/eclipse/core/internal/dtree/IDataFlattener
instanceKlass org/eclipse/core/internal/watson/ElementTreeReader
instanceKlass org/eclipse/core/resources/IFileState
instanceKlass org/eclipse/core/internal/events/BuilderPersistentInfo
instanceKlass  @bci org/eclipse/core/internal/resources/LocalMetaArea getSafeTableLocationFor (Ljava/lang/String;)Lorg/eclipse/core/runtime/IPath; 44 <appendix> form vmentry <vmtarget> ; # java/lang/invoke/LambdaForm$MH+0x00000222901be800
# instanceKlass java/lang/invoke/LambdaForm$MH+0x00000222901be400
instanceKlass  @bci org/eclipse/core/internal/resources/LocalMetaArea getSafeTableLocationFor (Ljava/lang/String;)Lorg/eclipse/core/runtime/IPath; 44 <appendix> argL3 form vmentry <vmtarget> ; # java/lang/invoke/LambdaForm$MH+0x00000222901be000
# instanceKlass java/lang/invoke/LambdaForm$MH+0x00000222901bdc00
# instanceKlass java/lang/invoke/LambdaForm$MH+0x00000222901bd800
# instanceKlass java/lang/invoke/LambdaForm$MH+0x00000222901bd400
# instanceKlass java/lang/invoke/LambdaForm$MH+0x00000222901bd000
instanceKlass  @bci org/eclipse/core/internal/resources/LocalMetaArea getSafeTableLocationFor (Ljava/lang/String;)Lorg/eclipse/core/runtime/IPath; 44 <appendix> argL1 form vmentry <vmtarget> ; # java/lang/invoke/LambdaForm$MH+0x00000222901bcc00
# instanceKlass java/lang/invoke/LambdaForm$MH+0x00000222901bc800
# instanceKlass java/lang/invoke/LambdaForm$MH+0x00000222901bc400
# instanceKlass java/lang/invoke/LambdaForm$MH+0x00000222901bc000
instanceKlass org/eclipse/core/internal/resources/SafeFileTable
instanceKlass org/eclipse/core/internal/resources/SavedState
instanceKlass org/eclipse/core/internal/resources/SyncInfoReader
instanceKlass org/eclipse/core/internal/resources/WorkspaceTreeReader
instanceKlass org/eclipse/core/resources/ISaveContext
instanceKlass org/eclipse/core/resources/ISavedState
instanceKlass org/eclipse/core/internal/resources/SaveManager
instanceKlass org/eclipse/core/internal/watson/IElementInfoFlattener
instanceKlass org/eclipse/core/internal/resources/SyncInfoWriter
instanceKlass org/eclipse/core/internal/resources/Synchronizer
instanceKlass org/eclipse/core/internal/resources/MarkerWriter
instanceKlass org/eclipse/core/internal/resources/MarkerDeltaManager
instanceKlass org/eclipse/core/internal/resources/MarkerTypeDefinitionCache$MarkerTypeDefinition
instanceKlass org/eclipse/core/internal/resources/MarkerTypeDefinitionCache
instanceKlass org/eclipse/core/internal/resources/MarkerInfo
instanceKlass org/eclipse/core/internal/resources/IMarkerSetElement
instanceKlass org/eclipse/core/internal/resources/MarkerManager
instanceKlass  @bci org/eclipse/core/internal/events/NotificationManager$NotifyJob <init> (Lorg/eclipse/core/internal/events/NotificationManager;)V 13 <appendix> argL0 ; # org/eclipse/core/internal/events/NotificationManager$NotifyJob$$Lambda+0x00000222901b3160
instanceKlass org/eclipse/core/internal/events/ResourceChangeListenerList
instanceKlass org/eclipse/core/internal/events/NotificationManager
instanceKlass java/util/stream/SortedOps
instanceKlass  @bci org/eclipse/core/internal/runtime/InternalPlatform getBundles0 (Ljava/lang/String;Ljava/lang/String;)Ljava/util/stream/Stream; 90 <appendix> argL0 ; # org/eclipse/core/internal/runtime/InternalPlatform$$Lambda+0x00000222901ae470
instanceKlass  @bci org/eclipse/core/internal/runtime/InternalPlatform getBundles0 (Ljava/lang/String;Ljava/lang/String;)Ljava/util/stream/Stream; 80 <appendix> argL0 ; # org/eclipse/core/internal/runtime/InternalPlatform$$Lambda+0x00000222901ae230
instanceKlass org/eclipse/core/internal/events/BuildManager$DeltaCache
instanceKlass org/eclipse/core/resources/IResourceDelta
instanceKlass org/eclipse/core/internal/events/InternalBuilder
instanceKlass org/eclipse/core/resources/ICommand
instanceKlass org/eclipse/core/resources/IBuildContext
instanceKlass org/eclipse/core/internal/events/BuildManager
instanceKlass org/eclipse/core/internal/resources/FilterTypeManager$1
instanceKlass org/eclipse/core/internal/resources/FilterDescriptor
instanceKlass org/eclipse/core/resources/IFilterMatcherDescriptor
instanceKlass org/eclipse/core/internal/resources/FilterTypeManager
instanceKlass org/eclipse/core/resources/IProjectNatureDescriptor
instanceKlass org/eclipse/core/internal/resources/NatureManager
instanceKlass org/eclipse/core/internal/events/ILifecycleListener
instanceKlass org/eclipse/core/internal/resources/PathVariableManager
instanceKlass  @bci org/eclipse/core/internal/resources/WorkspaceRoot getProject (Ljava/lang/String;)Lorg/eclipse/core/resources/IProject; 95 <appendix> member <vmtarget> ; # org/eclipse/core/internal/resources/WorkspaceRoot$$Lambda+0x00000222901a35c0
instanceKlass java/text/AttributedCharacterIterator$Attribute
instanceKlass java/text/FieldPosition$Delegate
instanceKlass java/text/Format$FieldDelegate
instanceKlass java/text/DigitList
instanceKlass  @bci sun/util/locale/provider/JRELocaleProviderAdapter getNumberFormatProvider ()Ljava/text/spi/NumberFormatProvider; 8 <appendix> member <vmtarget> ; # sun/util/locale/provider/JRELocaleProviderAdapter$$Lambda+0x800000066
instanceKlass java/text/FieldPosition
instanceKlass java/text/Format
instanceKlass org/eclipse/core/internal/preferences/PreferencesService$1
instanceKlass  @bci org/eclipse/core/internal/preferences/PreferencesService getLookupOrder (Ljava/lang/String;Ljava/lang/String;)[Ljava/lang/String; 29 <appendix> argL0 ; # org/eclipse/core/internal/preferences/PreferencesService$$Lambda+0x0000022290179878
instanceKlass  @bci org/eclipse/core/internal/localstore/FileSystemResourceManager <init> (Lorg/eclipse/core/internal/resources/Workspace;)V 6 <appendix> member <vmtarget> ; # org/eclipse/core/internal/localstore/FileSystemResourceManager$$Lambda+0x00000222901a21d0
instanceKlass org/eclipse/core/internal/localstore/RefreshLocalVisitor
instanceKlass org/eclipse/core/internal/localstore/ILocalStoreConstants
instanceKlass org/eclipse/core/internal/localstore/IHistoryStore
instanceKlass org/eclipse/core/internal/localstore/IUnifiedTreeVisitor
instanceKlass org/eclipse/core/internal/localstore/FileSystemResourceManager
instanceKlass org/eclipse/core/runtime/jobs/MultiRule
instanceKlass org/eclipse/core/internal/jobs/OrderedLock
instanceKlass java/lang/invoke/DirectMethodHandle$1
instanceKlass org/eclipse/core/internal/runtime/LocalizationUtils
instanceKlass org/eclipse/core/runtime/Status
instanceKlass org/eclipse/core/internal/resources/WorkManager$NotifyRule
instanceKlass org/eclipse/core/internal/resources/WorkManager
instanceKlass org/eclipse/core/runtime/NullProgressMonitor
instanceKlass org/eclipse/core/runtime/preferences/IExportedPreferences
instanceKlass  @bci org/eclipse/core/internal/resources/WorkspacePreferences <init> ()V 189 <appendix> member <vmtarget> ; # org/eclipse/core/internal/resources/WorkspacePreferences$$Lambda+0x00000222901a0418
instanceKlass org/eclipse/core/runtime/Preferences$IPropertyChangeListener
instanceKlass org/eclipse/core/runtime/preferences/IEclipsePreferences$INodeChangeListener
instanceKlass org/eclipse/core/runtime/preferences/IEclipsePreferences$IPreferenceChangeListener
instanceKlass  @bci org/eclipse/core/runtime/Plugin getPluginPreferences ()Lorg/eclipse/core/runtime/Preferences; 65 <appendix> member <vmtarget> ; # org/eclipse/core/runtime/Plugin$$Lambda+0x00000222901ab7a8
instanceKlass org/eclipse/core/runtime/Preferences
# instanceKlass java/lang/invoke/LambdaForm$MH+0x00000222901ac800
instanceKlass lombok/eclipse/agent/PatchFixesShadowLoaded
instanceKlass lombok/core/LombokNode
instanceKlass lombok/core/DiagnosticsReceiver
instanceKlass lombok/launch/PatchFixesHider$Util
instanceKlass lombok/launch/PatchFixesHider$LombokDeps
instanceKlass lombok/launch/ClassFileMetaData
instanceKlass  @bci jdk/internal/reflect/MethodHandleObjectFieldAccessorImpl set (Ljava/lang/Object;Ljava/lang/Object;)V 41 <adapter> ; # java/lang/invoke/LambdaForm$MH+0x00000222901aa400
instanceKlass lombok/launch/PackageShader
# instanceKlass java/lang/invoke/LambdaForm$MH+0x00000222901aa000
# instanceKlass java/lang/invoke/LambdaForm$MH+0x00000222901a9c00
# instanceKlass java/lang/invoke/LambdaForm$MH+0x00000222901a9800
# instanceKlass java/lang/invoke/LambdaForm$MH+0x00000222901a9400
# instanceKlass java/lang/invoke/LambdaForm$DMH+0x00000222901a9000
# instanceKlass java/lang/invoke/LambdaForm$MH+0x00000222901a7400
# instanceKlass java/lang/invoke/LambdaForm$MH+0x00000222901a7000
# instanceKlass java/lang/invoke/LambdaForm$MH+0x00000222901a6c00
# instanceKlass java/lang/invoke/LambdaForm$DMH+0x00000222901a6800
# instanceKlass java/lang/invoke/LambdaForm$MH+0x00000222901a6000
# instanceKlass java/lang/invoke/LambdaForm$MH+0x00000222901a5c00
# instanceKlass java/lang/invoke/LambdaForm$MH+0x00000222901a5800
# instanceKlass java/lang/invoke/LambdaForm$MH+0x00000222901a5400
instanceKlass jdk/internal/vm/annotation/ForceInline
instanceKlass java/lang/constant/ClassDesc
instanceKlass java/io/ObjectOutput
instanceKlass java/io/ObjectStreamConstants
instanceKlass java/io/ObjectInput
instanceKlass java/lang/foreign/ValueLayout
instanceKlass java/lang/foreign/MemoryLayout
# instanceKlass java/lang/invoke/LambdaForm$MH+0x00000222901a5000
# instanceKlass java/lang/invoke/LambdaForm$MH+0x00000222901a4c00
# instanceKlass java/lang/invoke/LambdaForm$MH+0x00000222901a4800
# instanceKlass java/lang/invoke/LambdaForm$MH+0x00000222901a4400
# instanceKlass java/lang/invoke/LambdaForm$MH+0x00000222901a4000
instanceKlass org/eclipse/core/internal/runtime/Product
instanceKlass org/eclipse/core/runtime/IProduct
instanceKlass lombok/patcher/scripts/WrapReturnValuesScript$1
instanceKlass org/eclipse/equinox/internal/app/ProductExtensionBranding
instanceKlass org/eclipse/core/internal/runtime/FindSupport
instanceKlass org/eclipse/core/runtime/FileLocator
instanceKlass  @bci org/eclipse/osgi/internal/framework/legacy/PackageAdminImpl getBundles (Ljava/lang/String;Ljava/lang/String;)[Lorg/osgi/framework/Bundle; 281 <appendix> argL0 ; # org/eclipse/osgi/internal/framework/legacy/PackageAdminImpl$$Lambda+0x0000022290146bb0
instanceKlass org/eclipse/core/runtime/SafeRunner
instanceKlass  @bci org/eclipse/core/internal/preferences/PreferenceServiceRegistryHelper runInitializer (Lorg/eclipse/core/runtime/IConfigurationElement;)V 18 <appendix> member <vmtarget> ; # org/eclipse/core/internal/preferences/PreferenceServiceRegistryHelper$$Lambda+0x00000222901788a0
instanceKlass org/eclipse/core/runtime/IExecutableExtensionFactory
instanceKlass org/eclipse/core/runtime/IExecutableExtension
instanceKlass org/eclipse/core/runtime/preferences/AbstractPreferenceInitializer
instanceKlass org/eclipse/core/internal/dtree/AbstractDataTree
instanceKlass org/eclipse/core/internal/dtree/AbstractDataTreeNode
instanceKlass org/eclipse/core/internal/watson/ElementTree
instanceKlass org/eclipse/core/internal/runtime/DataArea
instanceKlass org/eclipse/core/internal/runtime/MetaDataKeeper
instanceKlass org/eclipse/core/internal/resources/LocalMetaArea
instanceKlass org/eclipse/core/internal/resources/LocationValidator
instanceKlass org/eclipse/core/runtime/Platform$OS
instanceKlass org/eclipse/core/internal/utils/FileUtil
instanceKlass org/eclipse/core/resources/IResourceFilterDescription
instanceKlass org/eclipse/core/internal/watson/IElementContentVisitor
instanceKlass org/eclipse/core/resources/IResourceProxy
instanceKlass org/eclipse/core/resources/team/IResourceTree
instanceKlass org/eclipse/core/resources/IMarker
instanceKlass  @bci jdk/internal/reflect/MethodHandleObjectFieldAccessorImpl set (Ljava/lang/Object;Ljava/lang/Object;)V 29 <adapter> ; # java/lang/invoke/LambdaForm$MH+0x000002229019d800
# instanceKlass java/lang/invoke/LambdaForm$MH+0x000002229019d400
# instanceKlass java/lang/invoke/LambdaForm$MH+0x000002229019d000
instanceKlass  @bci org/eclipse/osgi/util/NLS <clinit> ()V 7 <appendix> argL0 ; # org/eclipse/osgi/util/NLS$$Lambda+0x0000022290146528
instanceKlass org/eclipse/osgi/util/NLS
instanceKlass org/eclipse/core/runtime/Platform
instanceKlass org/eclipse/core/resources/team/FileModificationValidationContext
instanceKlass org/eclipse/core/internal/properties/IPropertyManager
instanceKlass org/eclipse/core/internal/resources/IManager
instanceKlass org/eclipse/core/resources/team/IMoveDeleteHook
instanceKlass org/eclipse/core/resources/IProject
instanceKlass org/eclipse/core/internal/resources/ModelObject
instanceKlass org/eclipse/core/resources/IWorkspaceDescription
instanceKlass org/eclipse/core/resources/IPathVariableManager
instanceKlass org/eclipse/core/resources/IProjectDescription
instanceKlass org/eclipse/core/internal/resources/InternalTeamHook
instanceKlass org/eclipse/core/internal/watson/IElementComparator
instanceKlass org/eclipse/core/internal/dtree/IComparator
instanceKlass org/eclipse/core/resources/IResourceRuleFactory
instanceKlass org/eclipse/core/resources/ISynchronizer
instanceKlass org/eclipse/core/resources/IBuildConfiguration
instanceKlass org/eclipse/core/resources/IFile
instanceKlass org/eclipse/core/resources/IEncodedStorage
instanceKlass org/eclipse/core/resources/IStorage
instanceKlass org/eclipse/core/resources/IFolder
instanceKlass org/eclipse/core/internal/watson/IPathRequestor
instanceKlass org/eclipse/core/internal/resources/ResourceInfo
instanceKlass org/eclipse/core/internal/utils/IStringPoolParticipant
instanceKlass org/eclipse/core/runtime/ICoreRunnable
instanceKlass org/eclipse/core/internal/watson/IElementTreeData
instanceKlass org/eclipse/core/internal/jobs/WorkerPool
instanceKlass org/eclipse/core/internal/jobs/JobQueue
instanceKlass org/eclipse/core/internal/jobs/DeadlockDetector
instanceKlass org/eclipse/core/internal/jobs/LockManager
instanceKlass org/eclipse/core/runtime/jobs/JobChangeAdapter
instanceKlass  @bci org/eclipse/core/internal/jobs/JobManager <init> ()V 52 <appendix> member <vmtarget> ; # org/eclipse/core/internal/jobs/JobManager$$Lambda+0x000002229018fc58
instanceKlass  @bci org/eclipse/core/internal/jobs/JobListeners <init> ()V 50 <appendix> argL0 ; # org/eclipse/core/internal/jobs/JobListeners$$Lambda+0x000002229018fa38
instanceKlass  @bci org/eclipse/core/internal/jobs/JobListeners <init> ()V 41 <appendix> argL0 ; # org/eclipse/core/internal/jobs/JobListeners$$Lambda+0x000002229018f818
instanceKlass  @bci org/eclipse/core/internal/jobs/JobListeners <init> ()V 32 <appendix> argL0 ; # org/eclipse/core/internal/jobs/JobListeners$$Lambda+0x000002229018f5f8
instanceKlass  @bci org/eclipse/core/internal/jobs/JobListeners <init> ()V 23 <appendix> argL0 ; # org/eclipse/core/internal/jobs/JobListeners$$Lambda+0x000002229018f3d8
instanceKlass  @bci org/eclipse/core/internal/jobs/JobListeners <init> ()V 14 <appendix> argL0 ; # org/eclipse/core/internal/jobs/JobListeners$$Lambda+0x000002229018f1b8
instanceKlass  @bci org/eclipse/core/internal/jobs/JobListeners <init> ()V 5 <appendix> argL0 ; # org/eclipse/core/internal/jobs/JobListeners$$Lambda+0x000002229018ef98
instanceKlass org/eclipse/core/internal/jobs/JobListeners$IListenerDoit
instanceKlass org/eclipse/core/runtime/jobs/IJobChangeEvent
instanceKlass org/eclipse/core/internal/jobs/JobListeners
instanceKlass org/eclipse/core/internal/jobs/ImplicitJobs
instanceKlass org/eclipse/core/internal/jobs/JobManager$1
instanceKlass org/eclipse/core/runtime/ProgressMonitorWrapper
instanceKlass org/eclipse/core/runtime/IProgressMonitorWithBlocking
instanceKlass org/eclipse/core/internal/jobs/InternalJobGroup
instanceKlass org/eclipse/core/runtime/jobs/ILock
instanceKlass org/eclipse/core/runtime/jobs/IJobChangeListener
instanceKlass org/eclipse/core/internal/jobs/JobManager
instanceKlass org/eclipse/core/runtime/jobs/IJobManager
instanceKlass org/eclipse/core/internal/jobs/JobOSGiUtils
instanceKlass org/eclipse/core/internal/jobs/JobActivator
instanceKlass org/eclipse/core/resources/IWorkspaceRoot
instanceKlass org/eclipse/core/resources/IContainer
instanceKlass org/eclipse/core/resources/IResource
instanceKlass org/eclipse/core/runtime/jobs/ISchedulingRule
instanceKlass org/eclipse/core/runtime/PlatformObject
instanceKlass org/eclipse/core/internal/resources/ICoreConstants
instanceKlass  @bci java/time/format/DateTimeFormatter <clinit> ()V 1075 <appendix> argL0 ; # java/time/format/DateTimeFormatter$$Lambda+0x80000000d
instanceKlass  @bci java/time/format/DateTimeFormatter <clinit> ()V 1067 <appendix> argL0 ; # java/time/format/DateTimeFormatter$$Lambda+0x80000000c
instanceKlass java/time/Period
instanceKlass java/time/chrono/ChronoPeriod
instanceKlass java/time/format/DateTimeFormatterBuilder$TextPrinterParser
instanceKlass java/time/format/DateTimeTextProvider$1
instanceKlass java/time/format/DateTimeTextProvider
instanceKlass java/time/format/DateTimeTextProvider$LocaleStore
instanceKlass java/time/format/DateTimeFormatterBuilder$InstantPrinterParser
instanceKlass java/time/format/DateTimeFormatterBuilder$StringLiteralPrinterParser
instanceKlass java/time/format/DateTimeFormatterBuilder$ZoneIdPrinterParser
instanceKlass java/time/format/DateTimeFormatterBuilder$OffsetIdPrinterParser
instanceKlass java/time/format/DecimalStyle
instanceKlass java/time/format/DateTimeFormatterBuilder$CompositePrinterParser
instanceKlass java/time/format/DateTimeFormatterBuilder$CharLiteralPrinterParser
instanceKlass java/time/format/DateTimeFormatterBuilder$NumberPrinterParser
instanceKlass java/time/format/DateTimeFormatterBuilder$DateTimePrinterParser
instanceKlass java/time/temporal/JulianFields
instanceKlass java/time/temporal/IsoFields
instanceKlass  @bci java/time/format/DateTimeFormatterBuilder <clinit> ()V 0 <appendix> argL0 ; # java/time/format/DateTimeFormatterBuilder$$Lambda+0x80000000e
instanceKlass java/time/temporal/TemporalQuery
instanceKlass java/time/format/DateTimeFormatterBuilder
instanceKlass java/time/format/DateTimeFormatter
instanceKlass org/eclipse/osgi/internal/debug/EclipseDebugTrace
instanceKlass org/eclipse/core/internal/utils/Policy$1
instanceKlass org/eclipse/core/runtime/IProgressMonitor
instanceKlass org/eclipse/core/internal/utils/Policy
instanceKlass org/eclipse/core/resources/ResourcesPlugin$WorkspaceInitCustomizer
instanceKlass org/eclipse/core/resources/IWorkspace
instanceKlass org/eclipse/core/runtime/IAdaptable
instanceKlass org/eclipse/jdt/ls/core/internal/managers/ProjectsManager
instanceKlass org/eclipse/jdt/ls/core/internal/managers/IProjectsManager
instanceKlass org/eclipse/core/resources/ISaveParticipant
instanceKlass org/eclipse/core/internal/runtime/LogServiceFactory
instanceKlass org/eclipse/equinox/internal/app/AppCommands
instanceKlass  @bci org/eclipse/jdt/ls/core/internal/handlers/BundleUtils startBundle (Ljava/lang/String;)V 60 <adapter> ; # java/lang/invoke/LambdaForm$MH+0x0000022290188400
instanceKlass  @bci org/eclipse/jdt/ls/core/internal/handlers/BundleUtils startBundle (Ljava/lang/String;)V 60 <appendix> form vmentry <vmtarget> ; # java/lang/invoke/LambdaForm$MH+0x0000022290188000
# instanceKlass java/lang/invoke/LambdaForm$MH+0x0000022290187c00
instanceKlass  @bci org/eclipse/jdt/ls/core/internal/handlers/BundleUtils startBundle (Ljava/lang/String;)V 60 <appendix> form names 6 function resolvedHandle form vmentry <vmtarget> ; # java/lang/invoke/LambdaForm$DMH+0x0000022290187800
instanceKlass  @bci org/eclipse/jdt/ls/core/internal/handlers/BundleUtils startBundle (Ljava/lang/String;)V 60 <appendix> argL3 form vmentry <vmtarget> ; # java/lang/invoke/LambdaForm$MH+0x0000022290187400
# instanceKlass java/lang/invoke/LambdaForm$MH+0x0000022290187000
# instanceKlass java/lang/invoke/LambdaForm$MH+0x0000022290186c00
# instanceKlass java/lang/invoke/LambdaForm$MH+0x0000022290186800
# instanceKlass java/lang/invoke/LambdaForm$MH+0x0000022290186400
instanceKlass  @bci org/eclipse/jdt/ls/core/internal/handlers/BundleUtils startBundle (Ljava/lang/String;)V 60 <appendix> form names 10 function resolvedHandle form vmentry <vmtarget> ; # java/lang/invoke/LambdaForm$DMH+0x0000022290186000
instanceKlass  @bci org/eclipse/jdt/ls/core/internal/handlers/BundleUtils startBundle (Ljava/lang/String;)V 60 <appendix> argL1 form vmentry <vmtarget> ; # java/lang/invoke/LambdaForm$MH+0x0000022290185c00
# instanceKlass java/lang/invoke/LambdaForm$MH+0x0000022290185800
# instanceKlass java/lang/invoke/LambdaForm$MH+0x0000022290185400
# instanceKlass java/lang/invoke/LambdaForm$MH+0x0000022290185000
instanceKlass org/eclipse/equinox/internal/app/EclipseAppContainer$RegisterService
instanceKlass org/eclipse/core/runtime/spi/RegistryContributor
instanceKlass org/eclipse/equinox/app/IApplicationContext
instanceKlass org/osgi/service/application/ApplicationHandle
instanceKlass org/osgi/service/application/ApplicationDescriptor
instanceKlass org/eclipse/osgi/service/runnable/ApplicationLauncher
instanceKlass org/eclipse/osgi/service/runnable/ApplicationRunnable
instanceKlass org/eclipse/osgi/service/runnable/ParameterizedRunnable
instanceKlass org/eclipse/equinox/internal/app/IBranding
instanceKlass org/eclipse/equinox/internal/app/EclipseAppContainer
instanceKlass org/osgi/service/application/ScheduledApplication
instanceKlass org/eclipse/equinox/internal/app/AppPersistence
instanceKlass org/eclipse/equinox/internal/app/Activator
instanceKlass org/eclipse/equinox/internal/app/CommandLineArgs
instanceKlass org/eclipse/core/internal/preferences/legacy/InitLegacyPreferences
instanceKlass org/eclipse/core/internal/preferences/legacy/ProductPreferencesService
instanceKlass org/eclipse/core/internal/preferences/exchange/IProductPreferencesService
instanceKlass org/eclipse/core/internal/runtime/KeyStoreUtil
instanceKlass org/eclipse/core/internal/runtime/AuthorizationHandler
instanceKlass org/eclipse/core/runtime/IBundleGroupProvider
instanceKlass  @bci org/eclipse/core/internal/runtime/InternalPlatform <clinit> ()V 98 <appendix> argL0 ; # org/eclipse/core/internal/runtime/InternalPlatform$$Lambda+0x0000022290181200
instanceKlass org/eclipse/core/runtime/ILog
instanceKlass org/eclipse/core/internal/runtime/InternalPlatform
instanceKlass org/eclipse/core/runtime/Plugin
instanceKlass org/eclipse/equinox/internal/frameworkadmin/equinox/Log
instanceKlass java/lang/Process
instanceKlass org/eclipse/equinox/internal/provisional/configuratormanipulator/ConfiguratorManipulator
instanceKlass org/eclipse/equinox/internal/provisional/frameworkadmin/Manipulator
instanceKlass org/eclipse/equinox/internal/frameworkadmin/equinox/EquinoxFwAdminImpl
instanceKlass org/eclipse/equinox/internal/provisional/frameworkadmin/FrameworkAdmin
instanceKlass org/osgi/util/promise/DeferredPromiseImpl$ResolveWith
instanceKlass  @bci org/osgi/util/promise/PromiseFactory$All run ()V 81 <appendix> member <vmtarget> ; # org/osgi/util/promise/PromiseFactory$All$$Lambda+0x0000022290154c48
instanceKlass  @cpi org/eclipse/jdt/ls/core/internal/commands/ProjectCommand 1172 form vmentry <vmtarget> ; # java/lang/invoke/LambdaForm$DMH+0x000002229017cc00
instanceKlass org/osgi/util/promise/PromiseImpl$Result
instanceKlass org/osgi/util/promise/PromiseFactory$All
instanceKlass org/osgi/util/promise/PromiseImpl$InlineCallback
instanceKlass org/eclipse/core/internal/content/ContentTypeHandler
instanceKlass org/eclipse/core/runtime/QualifiedName
instanceKlass org/apache/felix/scr/impl/inject/methods/ActivateMethod$1
# instanceKlass java/lang/invoke/LambdaForm$MH+0x000002229017c800
# instanceKlass java/lang/invoke/LambdaForm$MH+0x000002229017c400
# instanceKlass java/lang/invoke/LambdaForm$MH+0x000002229017c000
instanceKlass org/apache/felix/scr/impl/inject/MethodResult
instanceKlass org/eclipse/core/internal/content/ContentTypeManager$ContentTypeRegistryChangeListener
instanceKlass org/apache/felix/scr/impl/manager/DependencyManager$OpenStatusImpl
instanceKlass org/apache/felix/scr/impl/manager/SingleComponentManager$1
instanceKlass org/apache/felix/scr/impl/inject/ReferenceMethod$1
instanceKlass org/apache/felix/scr/impl/inject/methods/BaseMethod$Resolved
instanceKlass org/apache/felix/scr/impl/inject/methods/BaseMethod$MethodInfo
instanceKlass org/apache/felix/scr/impl/inject/methods/BaseMethod$1
instanceKlass  @bci java/util/stream/Collectors joining (Ljava/lang/CharSequence;Ljava/lang/CharSequence;Ljava/lang/CharSequence;)Ljava/util/stream/Collector; 22 <appendix> argL0 ; # java/util/stream/Collectors$$Lambda+0x800000042
instanceKlass  @bci java/util/stream/Collectors joining (Ljava/lang/CharSequence;Ljava/lang/CharSequence;Ljava/lang/CharSequence;)Ljava/util/stream/Collector; 17 <appendix> argL0 ; # java/util/stream/Collectors$$Lambda+0x800000040
instanceKlass  @bci java/util/stream/Collectors joining (Ljava/lang/CharSequence;Ljava/lang/CharSequence;Ljava/lang/CharSequence;)Ljava/util/stream/Collector; 12 <appendix> argL0 ; # java/util/stream/Collectors$$Lambda+0x80000003d
instanceKlass  @bci java/util/stream/Collectors joining (Ljava/lang/CharSequence;Ljava/lang/CharSequence;Ljava/lang/CharSequence;)Ljava/util/stream/Collector; 7 <appendix> member <vmtarget> ; # java/util/stream/Collectors$$Lambda+0x800000045
instanceKlass  @bci java/lang/Class methodToString (Ljava/lang/String;[Ljava/lang/Class;)Ljava/lang/String; 42 <appendix> argL0 ; # java/lang/Class$$Lambda+0x00000222900fb420
instanceKlass org/eclipse/core/internal/content/BasicDescription
instanceKlass org/eclipse/core/internal/content/ContentTypeBuilder
instanceKlass org/eclipse/core/runtime/content/IContentTypeManager$ISelectionPolicy
instanceKlass org/eclipse/core/internal/content/ContentTypeCatalog
instanceKlass org/eclipse/core/runtime/content/IContentTypeManager$IContentTypeChangeListener
instanceKlass org/eclipse/core/internal/preferences/BundleStateScopeServiceFactory
instanceKlass org/eclipse/core/internal/preferences/Activator$1
instanceKlass  @bci org/eclipse/jdt/ls/core/internal/managers/ScalaGradleSupport addDefaultScalaOutputPath (Ljava/io/File;Ljava/lang/String;Ljava/util/List;)V 6 <appendix> form vmentry <vmtarget> ; # java/lang/invoke/LambdaForm$MH+0x0000022290176c00
# instanceKlass java/lang/invoke/LambdaForm$MH+0x0000022290176800
instanceKlass  @bci org/eclipse/jdt/ls/core/internal/managers/ScalaGradleSupport addDefaultScalaOutputPath (Ljava/io/File;Ljava/lang/String;Ljava/util/List;)V 6 <appendix> argL3 form vmentry <vmtarget> ; # java/lang/invoke/LambdaForm$MH+0x0000022290176400
# instanceKlass java/lang/invoke/LambdaForm$MH+0x0000022290176000
# instanceKlass java/lang/invoke/LambdaForm$MH+0x0000022290175c00
# instanceKlass java/lang/invoke/LambdaForm$MH+0x0000022290175800
instanceKlass org/eclipse/core/internal/registry/ExtensionRegistry$ListenerInfo
instanceKlass org/eclipse/core/runtime/IContributor
instanceKlass org/eclipse/core/internal/preferences/PreferenceServiceRegistryHelper
instanceKlass  @bci org/eclipse/jdt/ls/core/internal/JavaLanguageServerPlugin$1 run (Lorg/eclipse/core/runtime/IProgressMonitor;)Lorg/eclipse/core/runtime/IStatus; 22 <appendix> form vmentry <vmtarget> ; # java/lang/invoke/LambdaForm$MH+0x0000022290175400
instanceKlass  @bci org/eclipse/jdt/ls/core/internal/JavaLanguageServerPlugin$1 run (Lorg/eclipse/core/runtime/IProgressMonitor;)Lorg/eclipse/core/runtime/IStatus; 22 <appendix> argL3 form vmentry <vmtarget> ; # java/lang/invoke/LambdaForm$MH+0x0000022290175000
# instanceKlass java/lang/invoke/LambdaForm$MH+0x0000022290174c00
# instanceKlass java/lang/invoke/LambdaForm$MH+0x0000022290174800
instanceKlass  @bci org/eclipse/jdt/ls/core/internal/handlers/BaseDocumentLifeCycleHandler performValidation (Lorg/eclipse/core/runtime/IProgressMonitor;)Lorg/eclipse/core/runtime/IStatus; 209 <appendix> argL1 argL1 form vmentry <vmtarget> ; # java/lang/invoke/LambdaForm$MH+0x0000022290174400
# instanceKlass java/lang/invoke/LambdaForm$MH+0x0000022290174000
instanceKlass org/eclipse/core/runtime/ListenerList$ListenerListIterator
instanceKlass org/eclipse/core/internal/preferences/OSGiPreferencesServiceManager
instanceKlass org/osgi/service/prefs/PreferencesService
instanceKlass org/eclipse/core/runtime/preferences/AbstractScope
instanceKlass org/eclipse/core/runtime/preferences/IScopeContext
instanceKlass org/eclipse/core/runtime/Assert
instanceKlass org/eclipse/core/runtime/Path
instanceKlass org/eclipse/core/runtime/Path$Constants
instanceKlass org/eclipse/core/runtime/IPath
instanceKlass org/eclipse/core/internal/preferences/ImmutableMap
instanceKlass org/eclipse/core/internal/preferences/EclipsePreferences
instanceKlass org/eclipse/core/runtime/preferences/IScope
instanceKlass org/eclipse/core/internal/preferences/PreferencesService
instanceKlass org/eclipse/core/runtime/preferences/IPreferencesService
instanceKlass org/eclipse/core/internal/preferences/exchange/ILegacyPreferences
instanceKlass org/eclipse/core/internal/preferences/PreferencesOSGiUtils
instanceKlass org/eclipse/core/internal/preferences/Activator
instanceKlass org/eclipse/core/runtime/preferences/IEclipsePreferences
instanceKlass org/apache/felix/scr/impl/inject/ValueUtils
instanceKlass org/eclipse/core/internal/content/ILazySource
instanceKlass org/eclipse/core/internal/adapter/AdapterManagerListener
instanceKlass org/eclipse/core/internal/runtime/IAdapterManagerProvider
instanceKlass org/eclipse/core/runtime/IRegistryEventListener
instanceKlass org/eclipse/core/internal/registry/osgi/RegistryCommandProvider
instanceKlass org/eclipse/osgi/framework/console/CommandProvider
instanceKlass org/eclipse/core/internal/registry/RegistryProviderFactory
instanceKlass org/eclipse/core/internal/registry/osgi/RegistryProviderOSGI
instanceKlass org/eclipse/core/internal/registry/osgi/EclipseBundleListener
instanceKlass org/eclipse/core/internal/registry/OffsetTable
instanceKlass java/util/stream/ReduceOps$8ReducingSink
instanceKlass java/util/stream/Sink$OfLong
instanceKlass java/util/function/LongConsumer
instanceKlass  @bci java/util/stream/LongPipeline sum ()J 2 <appendix> argL0 ; # java/util/stream/LongPipeline$$Lambda+0x00000222900fa250
instanceKlass java/util/function/LongBinaryOperator
instanceKlass java/util/stream/LongStream
instanceKlass  @bci org/eclipse/core/internal/registry/osgi/EquinoxRegistryStrategy getContainerTimestamp ()J 59 <appendix> argL0 ; # org/eclipse/core/internal/registry/osgi/EquinoxRegistryStrategy$$Lambda+0x000002229016c000
instanceKlass  @cpi org/eclipse/core/internal/registry/osgi/EquinoxRegistryStrategy 203 form vmentry <vmtarget> ; # java/lang/invoke/LambdaForm$DMH+0x000002229016a000
instanceKlass java/util/function/ToLongFunction
instanceKlass  @bci org/eclipse/core/internal/registry/osgi/EquinoxRegistryStrategy getContainerTimestamp ()J 49 <appendix> argL0 ; # org/eclipse/core/internal/registry/osgi/EquinoxRegistryStrategy$$Lambda+0x0000022290169d78
instanceKlass  @bci org/eclipse/core/internal/registry/osgi/EquinoxRegistryStrategy getContainerTimestamp ()J 39 <appendix> argL0 ; # org/eclipse/core/internal/registry/osgi/EquinoxRegistryStrategy$$Lambda+0x0000022290169b38
instanceKlass org/eclipse/core/internal/registry/HashtableOfStringAndInt
instanceKlass org/eclipse/core/internal/registry/KeyedHashSet
instanceKlass org/eclipse/core/runtime/IConfigurationElement
instanceKlass org/eclipse/core/internal/registry/Handle
instanceKlass org/eclipse/core/internal/registry/RegistryObjectManager
instanceKlass org/eclipse/core/internal/registry/IObjectManager
instanceKlass  @bci org/eclipse/core/internal/registry/RegistryProperties getContextProperty (Ljava/lang/String;)Ljava/lang/String; 18 <appendix> member <vmtarget> ; # org/eclipse/core/internal/registry/RegistryProperties$$Lambda+0x0000022290162d08
instanceKlass org/eclipse/core/internal/registry/RegistryTimestamp
instanceKlass org/eclipse/core/internal/registry/TableReader
instanceKlass org/eclipse/core/runtime/ListenerList
instanceKlass org/eclipse/core/internal/registry/ReadWriteMonitor
instanceKlass org/eclipse/core/internal/registry/RegistryObjectFactory
instanceKlass org/eclipse/core/runtime/IExtensionDelta
instanceKlass org/eclipse/core/runtime/ISafeRunnable
instanceKlass org/eclipse/core/runtime/IExtensionPoint
instanceKlass org/eclipse/core/runtime/IExtension
instanceKlass org/eclipse/core/internal/registry/RegistryObject
instanceKlass org/eclipse/core/internal/registry/KeyedElement
instanceKlass org/eclipse/core/internal/registry/ExtensionRegistry
instanceKlass org/eclipse/core/runtime/spi/IDynamicExtensionRegistry
instanceKlass org/eclipse/core/runtime/IExtensionRegistry
instanceKlass org/eclipse/core/runtime/RegistryFactory
instanceKlass org/eclipse/core/internal/registry/ReferenceMap$IEntry
instanceKlass org/eclipse/core/internal/registry/ReferenceMap
instanceKlass org/eclipse/core/internal/registry/osgi/OSGIUtils
instanceKlass org/eclipse/core/internal/registry/osgi/EquinoxUtils
instanceKlass org/eclipse/core/internal/registry/RegistryProperties
instanceKlass org/eclipse/core/runtime/spi/IRegistryProvider
instanceKlass org/eclipse/core/runtime/spi/RegistryStrategy
instanceKlass org/eclipse/core/internal/registry/osgi/Activator
instanceKlass org/eclipse/core/runtime/IRegistryChangeListener
instanceKlass org/eclipse/core/internal/content/IContentTypeInfo
instanceKlass org/eclipse/core/runtime/content/IContentDescription
instanceKlass org/osgi/service/prefs/Preferences
instanceKlass org/eclipse/core/runtime/content/IContentType
instanceKlass org/eclipse/core/runtime/content/IContentTypeSettings
instanceKlass org/apache/felix/scr/impl/inject/internal/ComponentConstructorImpl
instanceKlass org/apache/felix/scr/impl/inject/ReferenceMethods$1
instanceKlass org/apache/felix/scr/impl/inject/ReferenceMethod
instanceKlass org/apache/felix/scr/impl/inject/methods/BindMethods
instanceKlass org/apache/felix/scr/impl/inject/ReferenceMethods
instanceKlass org/apache/felix/scr/impl/inject/methods/BaseMethod$NotApplicable
instanceKlass org/apache/felix/scr/impl/inject/methods/BaseMethod$NotResolved
instanceKlass org/apache/felix/scr/impl/inject/methods/BaseMethod$State
instanceKlass org/apache/felix/scr/impl/inject/BaseParameter
instanceKlass org/apache/felix/scr/impl/inject/methods/BaseMethod
instanceKlass org/eclipse/core/internal/content/ContentTypeMatcher
instanceKlass org/eclipse/core/runtime/content/IContentTypeManager
instanceKlass org/eclipse/core/runtime/content/IContentTypeMatcher
instanceKlass org/apache/felix/scr/impl/helper/ComponentServiceObjectsHelper
instanceKlass org/apache/felix/scr/impl/manager/EdgeInfo
instanceKlass org/apache/felix/scr/impl/manager/ComponentContextImpl$ComponentInstanceImpl
instanceKlass org/osgi/service/component/ComponentInstance
instanceKlass org/apache/felix/scr/impl/manager/ComponentContextImpl
instanceKlass org/apache/felix/scr/impl/manager/RegistrationManager$RegStateWrapper
instanceKlass org/apache/felix/scr/impl/BundleComponentActivator$ListenerInfo
instanceKlass org/apache/felix/scr/impl/manager/ServiceTracker$AbstractTracked
instanceKlass org/apache/felix/scr/impl/manager/ExtendedServiceListener
instanceKlass org/apache/felix/scr/impl/manager/ServiceTracker
instanceKlass org/apache/felix/scr/impl/helper/Coercions
instanceKlass org/apache/felix/scr/impl/manager/DependencyManager$AbstractCustomizer
instanceKlass org/apache/felix/scr/impl/inject/RefPair
instanceKlass org/apache/felix/scr/impl/manager/DependencyManager$Customizer
instanceKlass org/apache/felix/scr/impl/manager/ServiceTrackerCustomizer
instanceKlass org/apache/felix/scr/impl/inject/OpenStatus
instanceKlass org/apache/felix/scr/impl/manager/DependencyManager
instanceKlass org/apache/felix/scr/impl/manager/ReferenceManager
instanceKlass org/osgi/util/promise/Deferred
instanceKlass org/apache/felix/scr/impl/inject/ScrComponentContext
instanceKlass org/apache/felix/scr/component/ExtComponentContext
instanceKlass org/apache/felix/scr/impl/manager/SingleComponentManager$SetImplementationObject
instanceKlass org/apache/felix/scr/impl/manager/RegistrationManager
instanceKlass org/apache/felix/scr/impl/helper/ConfigAdminTracker$1
instanceKlass org/apache/felix/scr/impl/helper/ConfigAdminTracker
instanceKlass org/apache/felix/scr/impl/inject/ComponentConstructor
instanceKlass org/apache/felix/scr/impl/inject/LifecycleMethod
instanceKlass org/apache/felix/scr/impl/inject/internal/ComponentMethodsImpl
instanceKlass org/apache/felix/scr/impl/metadata/TargetedPID
instanceKlass java/util/concurrent/CompletionStage
instanceKlass org/osgi/util/promise/PromiseImpl
instanceKlass org/osgi/util/promise/Promise
instanceKlass org/osgi/util/promise/PromiseFactory
instanceKlass org/osgi/util/promise/Promises
instanceKlass org/apache/felix/scr/impl/inject/ComponentMethods
instanceKlass org/osgi/service/component/ComponentFactory
instanceKlass org/apache/felix/scr/impl/manager/AbstractComponentManager
instanceKlass org/apache/felix/scr/impl/manager/ComponentManager
instanceKlass org/apache/felix/scr/impl/manager/ConfigurableComponentHolder
instanceKlass org/apache/felix/scr/impl/manager/ComponentContainer
instanceKlass org/apache/felix/scr/impl/ComponentRegistryKey
instanceKlass org/apache/felix/scr/impl/metadata/PropertyMetadata
instanceKlass org/apache/felix/scr/impl/metadata/ReferenceMetadata
instanceKlass org/apache/felix/scr/impl/metadata/ServiceMetadata
instanceKlass org/apache/felix/scr/impl/metadata/ComponentMetadata
instanceKlass org/apache/felix/scr/impl/xml/XmlConstants
instanceKlass com/sun/org/apache/xerces/internal/impl/Constants$ArrayEnumeration
instanceKlass com/sun/org/apache/xerces/internal/impl/Constants
instanceKlass com/sun/org/apache/xerces/internal/parsers/AbstractSAXParser$LocatorProxy
instanceKlass org/xml/sax/ext/Locator2
instanceKlass org/xml/sax/Locator
instanceKlass com/sun/org/apache/xerces/internal/util/XMLSymbols
instanceKlass com/sun/org/apache/xerces/internal/util/XMLChar
instanceKlass com/sun/xml/internal/stream/Entity
instanceKlass com/sun/xml/internal/stream/util/BufferAllocator
instanceKlass com/sun/xml/internal/stream/util/ThreadLocalBufferAllocator
instanceKlass com/sun/org/apache/xerces/internal/impl/XMLEntityManager$EncodingInfo
instanceKlass com/sun/org/apache/xerces/internal/utils/XMLLimitAnalyzer
instanceKlass com/sun/org/apache/xerces/internal/xni/parser/XMLInputSource
instanceKlass com/sun/org/apache/xerces/internal/util/ErrorHandlerWrapper
instanceKlass com/sun/org/apache/xerces/internal/xni/parser/XMLErrorHandler
instanceKlass com/sun/org/apache/xerces/internal/impl/ExternalSubsetResolver
instanceKlass com/sun/org/apache/xerces/internal/util/EntityResolverWrapper
instanceKlass org/xml/sax/ext/EntityResolver2
instanceKlass org/xml/sax/InputSource
instanceKlass com/sun/org/apache/xerces/internal/parsers/AbstractSAXParser$AttributesProxy
instanceKlass org/xml/sax/ext/Attributes2
instanceKlass org/xml/sax/Attributes
instanceKlass org/xml/sax/AttributeList
instanceKlass com/sun/org/apache/xerces/internal/util/FeatureState
instanceKlass com/sun/org/apache/xerces/internal/util/PropertyState
instanceKlass com/sun/org/apache/xerces/internal/impl/msg/XMLMessageFormatter
instanceKlass com/sun/org/apache/xerces/internal/util/MessageFormatter
instanceKlass com/sun/org/apache/xerces/internal/impl/XMLVersionDetector
instanceKlass com/sun/org/apache/xerces/internal/impl/validation/ValidationManager
instanceKlass com/sun/org/apache/xerces/internal/impl/dv/dtd/NMTOKENDatatypeValidator
instanceKlass com/sun/org/apache/xerces/internal/impl/dv/dtd/NOTATIONDatatypeValidator
instanceKlass com/sun/org/apache/xerces/internal/impl/dv/dtd/ENTITYDatatypeValidator
instanceKlass com/sun/org/apache/xerces/internal/impl/dv/dtd/ListDatatypeValidator
instanceKlass com/sun/org/apache/xerces/internal/impl/dv/dtd/IDREFDatatypeValidator
instanceKlass com/sun/org/apache/xerces/internal/impl/dv/dtd/IDDatatypeValidator
instanceKlass com/sun/org/apache/xerces/internal/impl/dv/dtd/StringDatatypeValidator
instanceKlass com/sun/org/apache/xerces/internal/impl/dv/DatatypeValidator
instanceKlass com/sun/org/apache/xerces/internal/impl/dv/DTDDVFactory
instanceKlass com/sun/org/apache/xerces/internal/impl/dtd/DTDGrammarBucket
instanceKlass com/sun/org/apache/xerces/internal/impl/dtd/XMLAttributeDecl
instanceKlass com/sun/org/apache/xerces/internal/impl/dtd/XMLSimpleType
instanceKlass com/sun/org/apache/xerces/internal/impl/dtd/XMLElementDecl
instanceKlass com/sun/org/apache/xerces/internal/impl/validation/ValidationState
instanceKlass com/sun/org/apache/xerces/internal/impl/dv/ValidationContext
instanceKlass com/sun/org/apache/xerces/internal/impl/dtd/XMLDTDValidator
instanceKlass com/sun/org/apache/xerces/internal/impl/RevalidationHandler
instanceKlass com/sun/org/apache/xerces/internal/impl/dtd/XMLDTDValidatorFilter
instanceKlass com/sun/org/apache/xerces/internal/xni/parser/XMLDocumentFilter
instanceKlass com/sun/org/apache/xerces/internal/impl/dtd/XMLEntityDecl
instanceKlass com/sun/org/apache/xerces/internal/impl/dtd/XMLDTDProcessor
instanceKlass com/sun/org/apache/xerces/internal/xni/parser/XMLDTDContentModelFilter
instanceKlass com/sun/org/apache/xerces/internal/xni/parser/XMLDTDFilter
instanceKlass com/sun/org/apache/xerces/internal/xni/parser/XMLDTDScanner
instanceKlass com/sun/org/apache/xerces/internal/xni/parser/XMLDTDContentModelSource
instanceKlass com/sun/org/apache/xerces/internal/xni/parser/XMLDTDSource
instanceKlass com/sun/org/apache/xerces/internal/xni/grammars/XMLDTDDescription
instanceKlass com/sun/org/apache/xerces/internal/xni/grammars/XMLGrammarDescription
instanceKlass com/sun/org/apache/xerces/internal/impl/XMLDocumentScannerImpl$TrailingMiscDriver
instanceKlass com/sun/org/apache/xerces/internal/impl/XMLDocumentScannerImpl$PrologDriver
instanceKlass com/sun/org/apache/xerces/internal/impl/XMLDocumentScannerImpl$XMLDeclDriver
instanceKlass com/sun/org/apache/xerces/internal/util/NamespaceSupport
instanceKlass com/sun/org/apache/xerces/internal/xni/NamespaceContext
instanceKlass com/sun/org/apache/xerces/internal/util/XMLAttributesImpl$Attribute
instanceKlass com/sun/org/apache/xerces/internal/util/XMLAttributesImpl
instanceKlass com/sun/org/apache/xerces/internal/xni/XMLAttributes
instanceKlass com/sun/org/apache/xerces/internal/impl/XMLDocumentFragmentScannerImpl$FragmentContentDriver
instanceKlass com/sun/org/apache/xerces/internal/impl/XMLDocumentFragmentScannerImpl$Driver
instanceKlass com/sun/org/apache/xerces/internal/impl/XMLDocumentFragmentScannerImpl$ElementStack2
instanceKlass com/sun/org/apache/xerces/internal/xni/QName
instanceKlass com/sun/org/apache/xerces/internal/impl/XMLDocumentFragmentScannerImpl$ElementStack
instanceKlass com/sun/org/apache/xerces/internal/xni/XMLString
instanceKlass com/sun/org/apache/xerces/internal/impl/XMLScanner
instanceKlass com/sun/xml/internal/stream/XMLBufferListener
instanceKlass com/sun/org/apache/xerces/internal/impl/XMLEntityHandler
instanceKlass com/sun/org/apache/xerces/internal/xni/parser/XMLDocumentScanner
instanceKlass com/sun/org/apache/xerces/internal/xni/parser/XMLDocumentSource
instanceKlass com/sun/org/apache/xerces/internal/impl/XMLErrorReporter
instanceKlass com/sun/org/apache/xerces/internal/impl/XMLEntityScanner
instanceKlass com/sun/org/apache/xerces/internal/xni/XMLLocator
instanceKlass com/sun/xml/internal/stream/XMLEntityStorage
instanceKlass com/sun/org/apache/xerces/internal/util/AugmentationsImpl$AugmentationsItemsContainer
instanceKlass com/sun/org/apache/xerces/internal/util/AugmentationsImpl
instanceKlass com/sun/org/apache/xerces/internal/xni/Augmentations
instanceKlass com/sun/org/apache/xerces/internal/util/XMLResourceIdentifierImpl
instanceKlass com/sun/org/apache/xerces/internal/xni/XMLResourceIdentifier
instanceKlass com/sun/org/apache/xerces/internal/impl/XMLEntityManager
instanceKlass com/sun/org/apache/xerces/internal/xni/parser/XMLEntityResolver
instanceKlass com/sun/org/apache/xerces/internal/xni/parser/XMLComponent
instanceKlass com/sun/org/apache/xerces/internal/util/SymbolTable$Entry
instanceKlass com/sun/org/apache/xerces/internal/util/SymbolTable
instanceKlass jdk/xml/internal/JdkConstants
instanceKlass jdk/xml/internal/JdkXmlUtils
instanceKlass com/sun/org/apache/xerces/internal/util/ParserConfigurationSettings
instanceKlass com/sun/org/apache/xerces/internal/parsers/XML11Configurable
instanceKlass com/sun/org/apache/xerces/internal/xni/parser/XMLPullParserConfiguration
instanceKlass com/sun/org/apache/xerces/internal/xni/parser/XMLParserConfiguration
instanceKlass com/sun/org/apache/xerces/internal/xni/parser/XMLComponentManager
instanceKlass com/sun/org/apache/xerces/internal/parsers/XMLParser
instanceKlass com/sun/org/apache/xerces/internal/xni/XMLDTDContentModelHandler
instanceKlass com/sun/org/apache/xerces/internal/xni/XMLDTDHandler
instanceKlass com/sun/org/apache/xerces/internal/xni/XMLDocumentHandler
instanceKlass org/xml/sax/XMLReader
instanceKlass org/xml/sax/Parser
instanceKlass com/sun/org/apache/xerces/internal/utils/XMLSecurityPropertyManager
instanceKlass com/sun/org/apache/xerces/internal/utils/XMLSecurityManager
instanceKlass javax/xml/parsers/SAXParser
instanceKlass com/sun/org/apache/xerces/internal/xs/PSVIProvider
instanceKlass com/sun/org/apache/xerces/internal/jaxp/JAXPConstants
instanceKlass  @bci javax/xml/parsers/FactoryFinder newInstance (Ljava/lang/Class;Ljava/lang/String;Ljava/lang/ClassLoader;ZZ)Ljava/lang/Object; 104 <appendix> member <vmtarget> ; # javax/xml/parsers/FactoryFinder$$Lambda+0x00000222900dfb70
instanceKlass  @bci jdk/xml/internal/SecuritySupport getContextClassLoader ()Ljava/lang/ClassLoader; 0 <appendix> argL0 ; # jdk/xml/internal/SecuritySupport$$Lambda+0x00000222900df6e8
instanceKlass  @bci javax/xml/parsers/FactoryFinder find (Ljava/lang/Class;Ljava/lang/String;)Ljava/lang/Object; 104 <appendix> member <vmtarget> ; # javax/xml/parsers/FactoryFinder$$Lambda+0x00000222900df4c0
instanceKlass javax/xml/parsers/FactoryFinder$1
instanceKlass  @bci jdk/xml/internal/SecuritySupport getFileInputStream (Ljava/io/File;)Ljava/io/FileInputStream; 1 <appendix> member <vmtarget> ; # jdk/xml/internal/SecuritySupport$$Lambda+0x00000222900df068
instanceKlass  @bci jdk/xml/internal/SecuritySupport doesFileExist (Ljava/io/File;)Z 1 <appendix> member <vmtarget> ; # jdk/xml/internal/SecuritySupport$$Lambda+0x00000222900dee40
instanceKlass  @bci javax/xml/parsers/FactoryFinder find (Ljava/lang/Class;Ljava/lang/String;)Ljava/lang/Object; 6 <appendix> member <vmtarget> ; # javax/xml/parsers/FactoryFinder$$Lambda+0x00000222900dec18
instanceKlass  @bci jdk/xml/internal/SecuritySupport getSystemProperty (Ljava/lang/String;)Ljava/lang/String; 1 <appendix> member <vmtarget> ; # jdk/xml/internal/SecuritySupport$$Lambda+0x00000222900de9f0
instanceKlass jdk/xml/internal/SecuritySupport
instanceKlass javax/xml/parsers/FactoryFinder
instanceKlass javax/xml/parsers/SAXParserFactory
instanceKlass org/xml/sax/helpers/DefaultHandler
instanceKlass org/xml/sax/ErrorHandler
instanceKlass org/xml/sax/ContentHandler
instanceKlass org/xml/sax/DTDHandler
instanceKlass org/xml/sax/EntityResolver
instanceKlass org/apache/felix/scr/impl/BundleComponentActivator
instanceKlass org/apache/felix/scr/impl/manager/ComponentActivator
instanceKlass org/apache/felix/scr/impl/manager/ExtendedServiceListenerContext
instanceKlass org/eclipse/core/internal/runtime/IAdapterFactoryExt
instanceKlass org/eclipse/core/internal/runtime/AdapterFactoryBridge$LazyAdapterFactory
instanceKlass org/eclipse/core/internal/runtime/AdapterFactoryBridge
instanceKlass org/eclipse/core/runtime/IAdapterFactory
instanceKlass org/eclipse/core/internal/runtime/TracingOptions$1
instanceKlass org/eclipse/core/internal/runtime/TracingOptions
instanceKlass java/util/AbstractMap$1$1
instanceKlass org/osgi/service/url/URLStreamHandlerService
instanceKlass  @bci org/eclipse/core/runtime/ServiceCaller current ()Ljava/util/Optional; 4 <appendix> argL0 ; # org/eclipse/core/runtime/ServiceCaller$$Lambda+0x0000022290143078
instanceKlass  @bci org/eclipse/jdt/ls/core/internal/managers/ScalaGradleSupport addDefaultScalaOutputPath (Ljava/io/File;Ljava/lang/String;Ljava/util/List;)V 6 <appendix> argL2 form vmentry <vmtarget> ; # java/lang/invoke/LambdaForm$MH+0x0000022290148000
instanceKlass  @bci org/eclipse/core/runtime/ServiceCaller trackCurrent ()Ljava/util/Optional; 19 <appendix> member <vmtarget> ; # org/eclipse/core/runtime/ServiceCaller$$Lambda+0x0000022290142e30
instanceKlass  @bci org/eclipse/core/runtime/ServiceCaller getCurrent ()Ljava/util/Optional; 12 <appendix> member <vmtarget> ; # org/eclipse/core/runtime/ServiceCaller$$Lambda+0x0000022290142be8
instanceKlass org/eclipse/core/runtime/ServiceCaller$ReferenceAndService
instanceKlass org/eclipse/core/internal/runtime/AdapterManager
instanceKlass org/eclipse/core/runtime/IAdapterManager
instanceKlass org/eclipse/core/internal/runtime/PlatformURLConverter
instanceKlass org/eclipse/core/internal/runtime/RuntimeLog
instanceKlass org/eclipse/core/runtime/IStatus
instanceKlass org/eclipse/core/internal/runtime/PlatformLogWriter
instanceKlass org/eclipse/osgi/internal/log/ExtendedLogReaderServiceImpl
instanceKlass  @bci org/eclipse/core/runtime/ServiceCaller <init> (Ljava/lang/Class;Ljava/lang/Class;Ljava/lang/String;)V 39 <appendix> argL0 ; # org/eclipse/core/runtime/ServiceCaller$$Lambda+0x0000022290141000
instanceKlass  @bci org/osgi/framework/FrameworkUtil getBundle (Ljava/lang/Class;)Lorg/osgi/framework/Bundle; 26 <appendix> member <vmtarget> ; # org/osgi/framework/FrameworkUtil$$Lambda+0x0000022290144000
instanceKlass  @bci org/osgi/framework/FrameworkUtil getBundle (Ljava/lang/Class;)Lorg/osgi/framework/Bundle; 17 <appendix> argL0 ; # org/osgi/framework/FrameworkUtil$$Lambda+0x000002229012fbb8
instanceKlass  @bci org/osgi/framework/FrameworkUtil getBundle (Ljava/lang/Class;)Lorg/osgi/framework/Bundle; 1 <appendix> member <vmtarget> ; # org/osgi/framework/FrameworkUtil$$Lambda+0x000002229012f990
instanceKlass  @bci org/eclipse/core/runtime/ServiceCaller <init> (Ljava/lang/Class;Ljava/lang/Class;Ljava/lang/String;)V 31 <appendix> argL0 ; # org/eclipse/core/runtime/ServiceCaller$$Lambda+0x0000022290140ca8
instanceKlass org/eclipse/core/runtime/ServiceCaller
instanceKlass org/eclipse/core/internal/runtime/Activator
instanceKlass org/apache/felix/scr/impl/config/ScrMetaTypeProviderServiceFactory
instanceKlass org/apache/felix/scr/impl/config/ScrManagedServiceServiceFactory
instanceKlass org/apache/felix/scr/impl/ComponentCommands$2
instanceKlass org/apache/felix/scr/impl/ComponentCommands$1
instanceKlass org/apache/felix/scr/impl/ComponentCommands
instanceKlass org/apache/felix/scr/impl/Activator$ScrExtension
instanceKlass org/apache/felix/scr/impl/runtime/ServiceComponentRuntimeImpl
instanceKlass org/apache/felix/scr/impl/ComponentRegistry$UpdateChangeCountProperty
instanceKlass org/apache/felix/scr/impl/manager/ComponentHolder
instanceKlass org/apache/felix/scr/impl/manager/RegionConfigurationSupport
instanceKlass org/apache/felix/scr/impl/ComponentRegistry
instanceKlass org/apache/felix/scr/impl/ComponentActorExecutor$1
instanceKlass org/apache/felix/scr/impl/logger/ScrLogManager$1
instanceKlass org/apache/felix/scr/impl/logger/LogManager$LogDomain
instanceKlass org/apache/felix/scr/impl/logger/LogManager$Lock
instanceKlass org/apache/felix/scr/impl/logger/LogManager$LoggerFacade
instanceKlass org/apache/felix/scr/impl/logger/BundleLogger
instanceKlass org/apache/felix/scr/impl/logger/ComponentLogger
instanceKlass org/apache/felix/scr/impl/logger/ScrLogger
instanceKlass org/apache/felix/scr/impl/logger/InternalLogger
instanceKlass org/apache/felix/scr/impl/logger/ScrLoggerFactory
instanceKlass org/osgi/service/component/ComponentContext
instanceKlass org/osgi/service/component/ComponentServiceObjects
instanceKlass org/apache/felix/scr/impl/inject/internal/ClassUtils
instanceKlass org/apache/felix/scr/impl/config/ScrConfigurationImpl
instanceKlass org/osgi/service/component/runtime/ServiceComponentRuntime
instanceKlass org/apache/felix/scr/impl/manager/ScrConfiguration
instanceKlass org/apache/felix/scr/impl/logger/LogConfiguration
instanceKlass org/apache/felix/scr/impl/AbstractExtender
# instanceKlass java/lang/invoke/LambdaForm$MH+0x0000022290137800
instanceKlass org/eclipse/osgi/internal/loader/buddy/PolicyHandler
instanceKlass org/apache/aries/spifly/WeavingData
instanceKlass org/apache/aries/spifly/ConsumerRestriction
instanceKlass org/apache/aries/spifly/MethodRestriction
instanceKlass org/apache/aries/spifly/ArgRestrictions
instanceKlass org/apache/aries/spifly/BundleDescriptor
instanceKlass  @bci org/apache/aries/spifly/BaseActivator addConsumerWeavingData (Lorg/osgi/framework/Bundle;Ljava/lang/String;)V 177 <appendix> member <vmtarget> ; # org/apache/aries/spifly/BaseActivator$$Lambda+0x0000022290132e38
instanceKlass  @bci org/apache/aries/spifly/BaseActivator addConsumerWeavingData (Lorg/osgi/framework/Bundle;Ljava/lang/String;)V 161 <appendix> member <vmtarget> ; # org/apache/aries/spifly/BaseActivator$$Lambda+0x0000022290132be0
instanceKlass  @bci org/apache/aries/spifly/BaseActivator addConsumerWeavingData (Lorg/osgi/framework/Bundle;Ljava/lang/String;)V 149 <appendix> argL0 ; # org/apache/aries/spifly/BaseActivator$$Lambda+0x00000222901329c0
instanceKlass  @bci org/apache/aries/spifly/BaseActivator addConsumerWeavingData (Lorg/osgi/framework/Bundle;Ljava/lang/String;)V 141 <appendix> argL0 ; # org/apache/aries/spifly/BaseActivator$$Lambda+0x0000022290132780
instanceKlass org/apache/aries/spifly/ConsumerBundleTrackerCustomizer
instanceKlass java/util/Formattable
instanceKlass java/time/LocalTime$1
instanceKlass sun/util/locale/provider/LocaleResources
instanceKlass  @bci sun/util/locale/provider/JRELocaleProviderAdapter getDecimalFormatSymbolsProvider ()Ljava/text/spi/DecimalFormatSymbolsProvider; 8 <appendix> member <vmtarget> ; # sun/util/locale/provider/JRELocaleProviderAdapter$$Lambda+0x800000065
instanceKlass java/text/DecimalFormatSymbols
instanceKlass sun/util/resources/Bundles$2
instanceKlass sun/util/resources/Bundles$CacheKeyReference
instanceKlass  @bci sun/util/cldr/CLDRLocaleProviderAdapter applyAliases (Ljava/util/Locale;)Ljava/util/Locale; 4 <appendix> argL0 ; # sun/util/cldr/CLDRLocaleProviderAdapter$$Lambda+0x80000005e
instanceKlass sun/util/resources/LocaleData$LocaleDataResourceBundleProvider
instanceKlass java/util/spi/ResourceBundleProvider
instanceKlass sun/util/resources/Bundles$CacheKey
instanceKlass sun/util/resources/Bundles
instanceKlass sun/util/resources/LocaleData$LocaleDataStrategy
instanceKlass sun/util/resources/Bundles$Strategy
instanceKlass sun/util/resources/LocaleData$1
instanceKlass sun/util/resources/LocaleData
instanceKlass java/util/Locale$Builder
instanceKlass sun/util/locale/provider/CalendarDataUtility
instanceKlass sun/util/locale/provider/AvailableLanguageTags
instanceKlass  @bci sun/util/locale/provider/JRELocaleProviderAdapter getDateFormatSymbolsProvider ()Ljava/text/spi/DateFormatSymbolsProvider; 8 <appendix> member <vmtarget> ; # sun/util/locale/provider/JRELocaleProviderAdapter$$Lambda+0x800000064
instanceKlass sun/util/resources/cldr/provider/CLDRLocaleDataMetaInfo
instanceKlass jdk/internal/module/ModulePatcher$PatchedModuleReader
instanceKlass  @bci sun/util/cldr/CLDRLocaleProviderAdapter <init> ()V 4 <appendix> argL0 ; # sun/util/cldr/CLDRLocaleProviderAdapter$$Lambda+0x800000060
instanceKlass sun/util/locale/InternalLocaleBuilder$CaseInsensitiveChar
instanceKlass sun/util/locale/InternalLocaleBuilder
instanceKlass sun/util/locale/StringTokenIterator
instanceKlass sun/util/locale/ParseStatus
instanceKlass sun/util/locale/LanguageTag
instanceKlass sun/util/cldr/CLDRBaseLocaleDataMetaInfo
instanceKlass sun/util/locale/provider/LocaleDataMetaInfo
instanceKlass sun/util/locale/provider/ResourceBundleBasedAdapter
instanceKlass sun/util/locale/provider/LocaleProviderAdapter
instanceKlass java/util/spi/LocaleServiceProvider
instanceKlass java/text/DateFormatSymbols
instanceKlass java/time/ZonedDateTime$1
instanceKlass java/util/Calendar
instanceKlass java/util/Formatter$FixedString
instanceKlass java/util/Formatter$DateTime
instanceKlass java/util/Formatter$Flags
instanceKlass java/util/Formatter$FormatSpecifier
instanceKlass java/util/Formatter$FormatString
instanceKlass java/util/Formatter$Conversion
instanceKlass  @bci java/util/regex/Pattern Range (II)Ljava/util/regex/Pattern$CharPredicate; 23 <appendix> member <vmtarget> ; # java/util/regex/Pattern$$Lambda+0x800000029
instanceKlass java/util/Formatter
instanceKlass  @bci java/util/ResourceBundle$ResourceBundleProviderHelper loadPropertyResourceBundle (Ljava/lang/Module;Ljava/lang/Module;Ljava/lang/String;Ljava/util/Locale;)Ljava/util/ResourceBundle; 14 <appendix> member <vmtarget> ; # java/util/ResourceBundle$ResourceBundleProviderHelper$$Lambda+0x00000222900db338
instanceKlass  @bci java/util/ResourceBundle$ResourceBundleProviderHelper newResourceBundle (Ljava/lang/Class;)Ljava/util/ResourceBundle; 22 <appendix> member <vmtarget> ; # java/util/ResourceBundle$ResourceBundleProviderHelper$$Lambda+0x80000000f
instanceKlass  @bci java/util/ResourceBundle$ResourceBundleProviderHelper loadResourceBundle (Ljava/lang/Module;Ljava/lang/Module;Ljava/lang/String;Ljava/util/Locale;)Ljava/util/ResourceBundle; 13 <appendix> member <vmtarget> ; # java/util/ResourceBundle$ResourceBundleProviderHelper$$Lambda+0x00000222900da9f0
instanceKlass java/util/ResourceBundle$ResourceBundleProviderHelper
instanceKlass java/util/ResourceBundle$3
instanceKlass  @bci java/util/ResourceBundle getLoader (Ljava/lang/Module;)Ljava/lang/ClassLoader; 6 <appendix> member <vmtarget> ; # java/util/ResourceBundle$$Lambda+0x00000222900da590
instanceKlass java/util/ResourceBundle$CacheKeyReference
instanceKlass java/util/ResourceBundle$CacheKey
instanceKlass java/util/ResourceBundle$Control
instanceKlass java/util/logging/Level$RbAccess
instanceKlass  @bci java/util/logging/LogRecord inferCaller ()V 18 <appendix> member <vmtarget> ; # java/util/logging/LogRecord$$Lambda+0x00000222900d9ad0
instanceKlass java/lang/StackStreamFactory$FrameBuffer
instanceKlass java/lang/StackStreamFactory
instanceKlass  @bci java/util/logging/LogRecord$CallerFinder get ()Ljava/util/Optional; 4 <appendix> member <vmtarget> ; # java/util/logging/LogRecord$CallerFinder$$Lambda+0x00000222900d82d0
instanceKlass  @bci java/util/logging/LogRecord$CallerFinder <clinit> ()V 0 <appendix> argL0 ; # java/util/logging/LogRecord$CallerFinder$$Lambda+0x00000222900d80b0
instanceKlass  @bci org/eclipse/jdt/ls/core/internal/handlers/WorkspaceDiagnosticsHandler checkPreviewFeatureValidity (Ljava/util/List;)V 6 <bsm> form vmentry <vmtarget> ; # java/lang/invoke/LambdaForm$DMH+0x0000022290136400
instanceKlass java/util/logging/LogRecord$CallerFinder
instanceKlass java/time/LocalDate$1
instanceKlass  @bci java/time/temporal/TemporalAdjusters nextOrSame (Ljava/time/DayOfWeek;)Ljava/time/temporal/TemporalAdjuster; 6 <appendix> member <vmtarget> ; # java/time/temporal/TemporalAdjusters$$Lambda+0x00000222900d7c40
instanceKlass  @cpi java/time/temporal/TemporalAdjusters 209 form vmentry <vmtarget> ; # java/lang/invoke/LambdaForm$DMH+0x0000022290136000
instanceKlass java/time/temporal/TemporalAdjusters
instanceKlass java/time/chrono/AbstractChronology
instanceKlass java/time/chrono/Chronology
instanceKlass java/time/zone/Ser
instanceKlass java/io/Externalizable
instanceKlass java/time/zone/ZoneRulesProvider$1
instanceKlass java/time/zone/ZoneRulesProvider
instanceKlass sun/util/calendar/ZoneInfoFile$ZoneOffsetTransitionRule
instanceKlass sun/util/calendar/ZoneInfoFile$1
instanceKlass sun/util/calendar/ZoneInfoFile
instanceKlass java/util/TimeZone
instanceKlass java/util/logging/LogManager$CloseOnReset
instanceKlass java/util/logging/StreamHandler$1
instanceKlass java/util/logging/Handler$1
instanceKlass java/util/logging/ErrorManager
instanceKlass jdk/internal/logger/SimpleConsoleLogger$Formatting
instanceKlass  @bci java/util/logging/SimpleFormatter <init> ()V 5 <appendix> argL0 ; # java/util/logging/SimpleFormatter$$Lambda+0x00000222900d48f0
instanceKlass java/util/logging/Formatter
instanceKlass java/time/Clock
instanceKlass java/time/InstantSource
instanceKlass java/util/logging/LogRecord
instanceKlass org/apache/aries/spifly/ProviderServiceFactory
instanceKlass ch/qos/logback/classic/spi/LogbackServiceProvider
instanceKlass org/slf4j/spi/SLF4JServiceProvider
instanceKlass org/eclipse/osgi/internal/framework/EquinoxBundle$ResolvedModuleClassLoader
instanceKlass org/eclipse/osgi/internal/framework/EquinoxBundle$1
instanceKlass org/apache/aries/spifly/ProviderBundleTrackerCustomizer$ServiceDetails
instanceKlass org/eclipse/osgi/storage/bundlefile/ZipBundleFile$1
instanceKlass  @bci org/eclipse/osgi/storage/bundlefile/ZipBundleFile getPaths ()Ljava/lang/Iterable; 1 <appendix> member <vmtarget> ; # org/eclipse/osgi/storage/bundlefile/ZipBundleFile$$Lambda+0x000002229012ea88
instanceKlass  @bci org/apache/aries/spifly/BaseActivator registerProviderBundle (Ljava/lang/String;Lorg/osgi/framework/Bundle;Ljava/util/Map;)V 33 <appendix> member <vmtarget> ; # org/apache/aries/spifly/BaseActivator$$Lambda+0x0000022290131e90
instanceKlass org/apache/aries/spifly/Pair
instanceKlass  @bci org/apache/aries/spifly/BaseActivator registerProviderBundle (Ljava/lang/String;Lorg/osgi/framework/Bundle;Ljava/util/Map;)V 5 <appendix> argL0 ; # org/apache/aries/spifly/BaseActivator$$Lambda+0x0000022290131a30
instanceKlass  @bci org/osgi/framework/FrameworkUtil <clinit> ()V 27 <appendix> member <vmtarget> ; # org/osgi/framework/FrameworkUtil$$Lambda+0x000002229012e850
instanceKlass org/osgi/framework/connect/FrameworkUtilHelper
instanceKlass  @bci org/osgi/framework/FrameworkUtil <clinit> ()V 8 <appendix> argL0 ; # org/osgi/framework/FrameworkUtil$$Lambda+0x000002229012e430
instanceKlass org/osgi/framework/FrameworkUtil
instanceKlass  @bci org/eclipse/core/internal/jobs/JobManager startJob (Lorg/eclipse/core/internal/jobs/Worker;)Lorg/eclipse/core/runtime/jobs/Job; 45 <adapter> ; # java/lang/invoke/LambdaForm$MH+0x0000022290134c00
# instanceKlass java/lang/invoke/LambdaForm$DMH+0x0000022290134800
instanceKlass  @bci org/eclipse/core/internal/jobs/JobManager startJob (Lorg/eclipse/core/internal/jobs/Worker;)Lorg/eclipse/core/runtime/jobs/Job; 45 <appendix> form vmentry <vmtarget> ; # java/lang/invoke/LambdaForm$DMH+0x0000022290134400
instanceKlass  @bci aQute/bnd/header/Attrs mergeWith (LaQute/bnd/header/Attrs;Z)V 4 <appendix> member <vmtarget> ; # aQute/bnd/header/Attrs$$Lambda+0x00000222901317f8
instanceKlass  @cpi aQute/bnd/header/Attrs 639 form vmentry <vmtarget> ; # java/lang/invoke/LambdaForm$DMH+0x0000022290134000
instanceKlass  @bci org/apache/aries/spifly/ProviderBundleTrackerCustomizer getFromAutoProviderProperty (Lorg/osgi/framework/Bundle;Ljava/util/Map;)Ljava/util/Map$Entry; 58 <appendix> argL0 ; # org/apache/aries/spifly/ProviderBundleTrackerCustomizer$$Lambda+0x00000222901315d8
instanceKlass  @bci org/apache/aries/spifly/ProviderBundleTrackerCustomizer getFromAutoProviderProperty (Lorg/osgi/framework/Bundle;Ljava/util/Map;)Ljava/util/Map$Entry; 50 <appendix> member <vmtarget> ; # org/apache/aries/spifly/ProviderBundleTrackerCustomizer$$Lambda+0x0000022290131390
instanceKlass java/util/AbstractMap$SimpleImmutableEntry
instanceKlass  @bci aQute/bnd/stream/EntryPipeline values ()Ljava/util/stream/Stream; 4 <appendix> argL0 ; # aQute/bnd/stream/EntryPipeline$$Lambda+0x0000022290131150
instanceKlass  @bci aQute/bnd/stream/EntryPipeline filterKey (Ljava/util/function/Predicate;)LaQute/bnd/stream/MapStream; 14 <appendix> member <vmtarget> ; # aQute/bnd/stream/EntryPipeline$$Lambda+0x0000022290130ef8
instanceKlass  @bci org/apache/aries/spifly/ProviderBundleTrackerCustomizer getFromAutoProviderProperty (Lorg/osgi/framework/Bundle;Ljava/util/Map;)Ljava/util/Map$Entry; 27 <appendix> member <vmtarget> ; # org/apache/aries/spifly/ProviderBundleTrackerCustomizer$$Lambda+0x0000022290130ca0
instanceKlass sun/invoke/util/VerifyAccess$1
instanceKlass aQute/bnd/stream/EntryPipeline
instanceKlass  @bci org/apache/aries/spifly/ProviderBundleTrackerCustomizer getFromAutoProviderProperty (Lorg/osgi/framework/Bundle;Ljava/util/Map;)Ljava/util/Map$Entry; 15 <appendix> argL0 ; # org/apache/aries/spifly/ProviderBundleTrackerCustomizer$$Lambda+0x0000022290130640
instanceKlass  @bci org/apache/aries/spifly/ProviderBundleTrackerCustomizer getFromAutoProviderProperty (Lorg/osgi/framework/Bundle;Ljava/util/Map;)Ljava/util/Map$Entry; 7 <appendix> argL0 ; # org/apache/aries/spifly/ProviderBundleTrackerCustomizer$$Lambda+0x0000022290130400
instanceKlass aQute/bnd/stream/MapStream
instanceKlass org/apache/aries/spifly/SpiFlyConstants
instanceKlass org/apache/aries/spifly/ConsumerHeaderProcessor
instanceKlass  @bci aQute/bnd/header/OSGiHeader parseHeader (Ljava/lang/String;LaQute/service/reporter/Reporter;LaQute/bnd/header/Parameters;)LaQute/bnd/header/Parameters; 437 <appendix> member <vmtarget> ; # aQute/bnd/header/OSGiHeader$$Lambda+0x0000022290128800
instanceKlass  @bci aQute/bnd/header/Attrs <clinit> ()V 72 <appendix> argL0 ; # aQute/bnd/header/Attrs$$Lambda+0x000002229012bc10
instanceKlass  @bci aQute/bnd/header/Attrs <clinit> ()V 64 <appendix> argL0 ; # aQute/bnd/header/Attrs$$Lambda+0x000002229012b9f0
instanceKlass  @bci aQute/bnd/header/Attrs <clinit> ()V 56 <appendix> argL0 ; # aQute/bnd/header/Attrs$$Lambda+0x000002229012b7d0
instanceKlass  @bci aQute/bnd/header/Attrs <clinit> ()V 48 <appendix> argL0 ; # aQute/bnd/header/Attrs$$Lambda+0x000002229012b5b0
instanceKlass  @bci aQute/bnd/header/Attrs <clinit> ()V 40 <appendix> argL0 ; # aQute/bnd/header/Attrs$$Lambda+0x000002229012b390
instanceKlass  @bci aQute/bnd/header/Attrs <clinit> ()V 32 <appendix> argL0 ; # aQute/bnd/header/Attrs$$Lambda+0x000002229012b170
instanceKlass  @bci aQute/bnd/header/Attrs <clinit> ()V 24 <appendix> argL0 ; # aQute/bnd/header/Attrs$$Lambda+0x000002229012af50
instanceKlass  @bci aQute/bnd/header/Attrs <clinit> ()V 16 <appendix> argL0 ; # aQute/bnd/header/Attrs$$Lambda+0x000002229012ad30
instanceKlass aQute/bnd/header/Attrs$DataType
instanceKlass aQute/bnd/header/Attrs
instanceKlass aQute/libg/qtokens/QuotedTokenizer
instanceKlass  @bci java/util/regex/Pattern union (Ljava/util/regex/Pattern$CharPredicate;Ljava/util/regex/Pattern$CharPredicate;Z)Ljava/util/regex/Pattern$CharPredicate; 6 <appendix> member <vmtarget> ; # java/util/regex/Pattern$$Lambda+0x800000031
instanceKlass  @bci java/util/regex/CharPredicates ASCII_WORD ()Ljava/util/regex/Pattern$BmpCharPredicate; 0 <appendix> argL0 ; # java/util/regex/CharPredicates$$Lambda+0x00000222900d2dc0
instanceKlass aQute/bnd/header/OSGiHeader
instanceKlass org/eclipse/osgi/framework/util/CaseInsensitiveDictionaryMap$CaseInsentiveEntry
instanceKlass org/eclipse/osgi/framework/util/CaseInsensitiveDictionaryMap$EntryIterator
instanceKlass org/eclipse/osgi/framework/util/CaseInsensitiveDictionaryMap$KeyIterator
instanceKlass java/util/ResourceBundle$1
instanceKlass jdk/internal/access/JavaUtilResourceBundleAccess
instanceKlass java/util/ResourceBundle
instanceKlass  @bci org/eclipse/osgi/storage/Storage lambda$7 (Ljava/util/List;Ljava/lang/String;)Ljava/util/stream/Stream; 7 <appendix> member <vmtarget> ; # org/eclipse/osgi/storage/Storage$$Lambda+0x000002229012c000
instanceKlass org/eclipse/osgi/internal/container/InternalUtils$1
instanceKlass  @bci org/eclipse/osgi/storage/Storage findEntries (Ljava/util/List;Ljava/lang/String;Ljava/lang/String;I)Ljava/util/Enumeration; 101 <appendix> argL0 ; # org/eclipse/osgi/storage/Storage$$Lambda+0x0000022290127a80
instanceKlass  @bci org/eclipse/osgi/storage/Storage findEntries (Ljava/util/List;Ljava/lang/String;Ljava/lang/String;I)Ljava/util/Enumeration; 91 <appendix> member <vmtarget> ; # org/eclipse/osgi/storage/Storage$$Lambda+0x0000022290127838
instanceKlass org/eclipse/osgi/storage/ManifestLocalization$BundleResourceBundle
instanceKlass org/eclipse/osgi/storage/ManifestLocalization
instanceKlass org/apache/aries/spifly/ProviderBundleTrackerCustomizer
instanceKlass org/osgi/util/tracker/BundleTracker
instanceKlass  @bci org/apache/aries/spifly/BaseActivator start (Lorg/osgi/framework/BundleContext;Ljava/lang/String;)V 46 <appendix> argL0 ; # org/apache/aries/spifly/BaseActivator$$Lambda+0x0000022290129668
instanceKlass  @bci org/apache/aries/spifly/BaseActivator start (Lorg/osgi/framework/BundleContext;Ljava/lang/String;)V 20 <appendix> argL0 ; # org/apache/aries/spifly/BaseActivator$$Lambda+0x0000022290129428
instanceKlass aQute/bnd/header/Parameters
instanceKlass java/util/AbstractList$Itr
instanceKlass  @bci org/eclipse/osgi/internal/weaving/WovenClassImpl notifyWovenClassListeners ()V 1 <appendix> member <vmtarget> ; # org/eclipse/osgi/internal/weaving/WovenClassImpl$$Lambda+0x0000022290126c90
instanceKlass  @bci org/eclipse/osgi/internal/serviceregistry/ServiceRegistrationImpl$FrameworkHookRegistration getSafeService (Lorg/eclipse/osgi/internal/framework/BundleContextImpl;Lorg/eclipse/osgi/internal/serviceregistry/ServiceConsumer;)Ljava/lang/Object; 17 <appendix> member <vmtarget> ; # org/eclipse/osgi/internal/serviceregistry/ServiceRegistrationImpl$FrameworkHookRegistration$$Lambda+0x0000022290126a38
instanceKlass org/apache/aries/spifly/Util
instanceKlass org/objectweb/asm/Opcodes
instanceKlass org/objectweb/asm/ClassVisitor
instanceKlass org/apache/aries/spifly/dynamic/ClientWeavingHook
instanceKlass java/util/logging/Logger$SystemLoggerHelper$1
instanceKlass java/util/logging/Logger$SystemLoggerHelper
instanceKlass java/util/logging/LogManager$4
instanceKlass jdk/internal/logger/BootstrapLogger$BootstrapExecutors
instanceKlass jdk/internal/logger/LoggerFinderLoader
instanceKlass  @bci java/lang/System$LoggerFinder accessProvider ()Ljava/lang/System$LoggerFinder; 8 <appendix> argL0 ; # java/lang/System$LoggerFinder$$Lambda+0x00000222900d1470
instanceKlass  @bci java/util/logging/Level$KnownLevel findByName (Ljava/lang/String;Ljava/util/function/Function;)Ljava/util/Optional; 29 <appendix> argL0 ; # java/util/logging/Level$KnownLevel$$Lambda+0x800000022
instanceKlass  @bci java/util/logging/Level findLevel (Ljava/lang/String;)Ljava/util/logging/Level; 13 <appendix> argL0 ; # java/util/logging/Level$$Lambda+0x800000010
instanceKlass java/util/logging/LogManager$LoggerContext$1
instanceKlass java/util/logging/LogManager$VisitedLoggers
instanceKlass java/util/logging/LogManager$2
instanceKlass java/util/logging/LogManager$LoggingProviderAccess
instanceKlass java/util/logging/LogManager$LogNode
instanceKlass java/util/logging/LogManager$LoggerContext
instanceKlass java/util/logging/LogManager$1
instanceKlass java/util/logging/LogManager
instanceKlass java/util/logging/Logger$ConfigurationData
instanceKlass java/util/logging/Logger$LoggerBundle
instanceKlass  @bci java/util/logging/Level$KnownLevel add (Ljava/util/logging/Level;)V 49 <appendix> argL0 ; # java/util/logging/Level$KnownLevel$$Lambda+0x800000021
instanceKlass  @bci java/util/logging/Level$KnownLevel add (Ljava/util/logging/Level;)V 19 <appendix> argL0 ; # java/util/logging/Level$KnownLevel$$Lambda+0x800000020
instanceKlass java/util/logging/Level
instanceKlass java/util/logging/Handler
instanceKlass java/util/logging/Logger
instanceKlass org/osgi/util/tracker/BundleTrackerCustomizer
instanceKlass org/eclipse/osgi/internal/loader/ModuleClassLoader$DefineClassResult
instanceKlass org/apache/aries/spifly/BaseActivator
instanceKlass org/eclipse/osgi/internal/weaving/WeavingHookConfigurator$WovenClassContext
instanceKlass org/eclipse/osgi/internal/weaving/WovenClassImpl
instanceKlass org/osgi/framework/hooks/weaving/WovenClass
instanceKlass org/eclipse/osgi/internal/loader/classpath/ClasspathManager$DefineContext
instanceKlass org/eclipse/osgi/internal/loader/BundleLoader$3
instanceKlass  @bci org/eclipse/osgi/internal/framework/EquinoxEventPublisher notifyEventHooksPrivileged (Lorg/osgi/framework/BundleEvent;Ljava/util/Collection;)V 98 <appendix> member <vmtarget> ; # org/eclipse/osgi/internal/framework/EquinoxEventPublisher$$Lambda+0x0000022290122dd0
instanceKlass org/eclipse/osgi/container/ModuleContainer$ContainerStartLevel$2
instanceKlass java/util/concurrent/CountDownLatch
instanceKlass org/eclipse/osgi/internal/framework/EquinoxContainerAdaptor$1$1
instanceKlass org/eclipse/osgi/container/ModuleResolutionReport
instanceKlass  @bci java/util/stream/StreamSpliterators$WrappingSpliterator forEachRemaining (Ljava/util/function/Consumer;)V 33 <appendix> member <vmtarget> ; # java/util/stream/StreamSpliterators$WrappingSpliterator$$Lambda+0x00000222900d0360
instanceKlass  @cpi org/eclipse/core/internal/jobs/JobListeners 385 form vmentry <vmtarget> ; # java/lang/invoke/LambdaForm$DMH+0x0000022290124000
instanceKlass  @bci java/util/stream/Collectors toList ()Ljava/util/stream/Collector; 14 <appendix> argL0 ; # java/util/stream/Collectors$$Lambda+0x00000222900d0118
instanceKlass  @bci java/util/stream/Collectors toList ()Ljava/util/stream/Collector; 9 <appendix> argL0 ; # java/util/stream/Collectors$$Lambda+0x00000222900cfee8
instanceKlass  @bci java/util/stream/Collectors toList ()Ljava/util/stream/Collector; 4 <appendix> argL0 ; # java/util/stream/Collectors$$Lambda+0x00000222900cfcc8
instanceKlass  @bci org/apache/felix/resolver/Candidates$FaultyResourcesReport getUnresolvedRequirements ()Ljava/util/Collection; 38 <appendix> argL0 ; # org/apache/felix/resolver/Candidates$FaultyResourcesReport$$Lambda+0x0000022290121bc8
instanceKlass  @bci org/apache/felix/resolver/Candidates$FaultyResourcesReport getUnresolvedRequirements ()Ljava/util/Collection; 14 <appendix> argL0 ; # org/apache/felix/resolver/Candidates$FaultyResourcesReport$$Lambda+0x0000022290121988
instanceKlass java/util/concurrent/ConcurrentLinkedQueue$Node
instanceKlass org/apache/felix/resolver/EnhancedExecutor
instanceKlass org/apache/felix/resolver/PackageSpaces
instanceKlass org/apache/felix/resolver/Backlog
instanceKlass  @bci org/apache/felix/resolver/Candidates prepare ()Lorg/apache/felix/resolver/ResolutionError; 924 <appendix> argL0 ; # org/apache/felix/resolver/Candidates$$Lambda+0x0000022290119730
instanceKlass org/apache/felix/resolver/util/CandidateSelector
instanceKlass org/apache/felix/resolver/util/OpenHashMap$MapEntry
instanceKlass org/apache/felix/resolver/util/OpenHashMap$MapIterator
instanceKlass org/apache/felix/resolver/util/OpenHashMap$1
instanceKlass org/eclipse/osgi/container/ModuleResolutionReport$EntryImpl
instanceKlass org/eclipse/osgi/report/resolution/ResolutionReport$Entry
instanceKlass  @bci org/eclipse/osgi/internal/framework/FilterImpl$Equal compare_Version (Lorg/osgi/framework/Version;)Z 3 <appendix> argL0 ; # org/eclipse/osgi/internal/framework/FilterImpl$Equal$$Lambda+0x000002229011ac58
instanceKlass org/apache/felix/resolver/Candidates$PopulateResult
instanceKlass org/apache/felix/resolver/util/OpenHashMap
instanceKlass org/osgi/service/resolver/HostedCapability
instanceKlass org/apache/felix/resolver/Candidates
instanceKlass org/apache/felix/resolver/Util
instanceKlass org/apache/felix/resolver/ResolveSession
instanceKlass org/eclipse/osgi/container/ModuleResolver$ResolveProcess$DynamicFragments
instanceKlass  @bci org/eclipse/osgi/container/ModuleResolver$ResolveProcess removeSubstituted (Ljava/util/List;)V 2 <appendix> member <vmtarget> ; # org/eclipse/osgi/container/ModuleResolver$ResolveProcess$$Lambda+0x000002229011dbf0
instanceKlass  @bci org/eclipse/osgi/container/ModuleResolver removeNonEffectiveCapabilities (Ljava/util/Collection;)V 2 <appendix> member <vmtarget> ; # org/eclipse/osgi/container/ModuleResolver$$Lambda+0x000002229011d998
instanceKlass  @bci org/eclipse/osgi/container/ModuleResolver$ResolveProcess filterDisabled (Ljava/util/List;)V 2 <appendix> member <vmtarget> ; # org/eclipse/osgi/container/ModuleResolver$ResolveProcess$$Lambda+0x000002229011d740
instanceKlass java/util/Collections$ReverseComparator2
instanceKlass java/util/Collections$ReverseComparator
instanceKlass  @bci org/eclipse/osgi/container/ModuleResolver$ResolveProcess resolveNonPayLoadFragments ()Ljava/util/Map; 84 <appendix> argL0 ; # org/eclipse/osgi/container/ModuleResolver$ResolveProcess$$Lambda+0x000002229011d500
instanceKlass org/eclipse/osgi/internal/framework/OSGiFrameworkHooks$CoreResolverHookFactory$CoreResolverHook
instanceKlass org/eclipse/osgi/report/resolution/ResolutionReport$Listener
instanceKlass  @bci org/eclipse/osgi/internal/framework/OSGiFrameworkHooks$CoreResolverHookFactory getHookReferences (Lorg/eclipse/osgi/internal/serviceregistry/ServiceRegistry;Lorg/eclipse/osgi/internal/framework/BundleContextImpl;)[Lorg/eclipse/osgi/internal/serviceregistry/ServiceReferenceImpl; 2 <appendix> member <vmtarget> ; # org/eclipse/osgi/internal/framework/OSGiFrameworkHooks$CoreResolverHookFactory$$Lambda+0x000002229011ca18
instanceKlass org/eclipse/osgi/container/ModuleResolutionReport$Builder
instanceKlass org/osgi/service/resolver/ResolveContext
instanceKlass org/eclipse/osgi/container/ModuleDatabase$1
instanceKlass org/eclipse/osgi/container/ModuleContainer$ResolutionLock$Permits
# instanceKlass java/lang/invoke/LambdaForm$MH+0x0000022290118400
# instanceKlass java/lang/invoke/LambdaForm$MH+0x0000022290118000
instanceKlass org/eclipse/osgi/framework/eventmgr/EventManager$EventThread$Queued
instanceKlass  @bci org/eclipse/osgi/framework/eventmgr/EventManager getEventThread ()Lorg/eclipse/osgi/framework/eventmgr/EventManager$EventThread; 24 <appendix> member <vmtarget> ; # org/eclipse/osgi/framework/eventmgr/EventManager$$Lambda+0x00000222901175e0
instanceKlass org/eclipse/osgi/container/ModuleContainer$ContainerWiring$1
instanceKlass org/osgi/dto/DTO
instanceKlass  @bci org/eclipse/osgi/internal/framework/BundleContextImpl notifyFindHooksPriviledged (Lorg/eclipse/osgi/internal/framework/BundleContextImpl;Ljava/util/Collection;)V 73 <appendix> member <vmtarget> ; # org/eclipse/osgi/internal/framework/BundleContextImpl$$Lambda+0x0000022290115400
instanceKlass org/eclipse/osgi/framework/util/FilePath
instanceKlass sun/nio/ch/FileChannelImpl$Closer
instanceKlass sun/nio/fs/WindowsChannelFactory$Flags
instanceKlass sun/nio/fs/WindowsChannelFactory$1
instanceKlass sun/nio/fs/WindowsChannelFactory
instanceKlass org/eclipse/core/runtime/internal/adaptor/ConsoleManager
instanceKlass org/eclipse/core/runtime/internal/adaptor/DefaultStartupMonitor
instanceKlass org/eclipse/osgi/service/runnable/StartupMonitor
instanceKlass java/lang/Thread$Builder$OfVirtual
instanceKlass java/lang/Thread$Builder$OfPlatform
instanceKlass java/lang/Thread$Builder
instanceKlass org/eclipse/osgi/internal/serviceregistry/ServiceFactoryUse$1
instanceKlass java/util/LinkedList$ListItr
instanceKlass org/eclipse/osgi/internal/resolver/StateImpl
instanceKlass org/eclipse/osgi/service/resolver/GenericDescription
instanceKlass org/eclipse/osgi/service/resolver/HostSpecification
instanceKlass org/eclipse/osgi/service/resolver/GenericSpecification
instanceKlass org/eclipse/osgi/service/resolver/BundleSpecification
instanceKlass org/eclipse/osgi/service/resolver/BundleDescription
instanceKlass org/eclipse/osgi/service/resolver/ImportPackageSpecification
instanceKlass org/eclipse/osgi/service/resolver/NativeCodeSpecification
instanceKlass org/eclipse/osgi/service/resolver/VersionConstraint
instanceKlass org/eclipse/osgi/service/resolver/ExportPackageDescription
instanceKlass org/eclipse/osgi/service/resolver/NativeCodeDescription
instanceKlass org/eclipse/osgi/service/resolver/BaseDescription
instanceKlass org/eclipse/osgi/internal/resolver/StateObjectFactoryImpl
instanceKlass org/eclipse/osgi/service/resolver/Resolver
instanceKlass org/eclipse/osgi/service/resolver/State
instanceKlass org/eclipse/osgi/service/resolver/StateObjectFactory
instanceKlass org/eclipse/osgi/compatibility/state/PlatformAdminImpl
instanceKlass org/eclipse/osgi/service/resolver/PlatformAdmin
instanceKlass org/eclipse/osgi/compatibility/state/Activator
instanceKlass org/eclipse/osgi/internal/serviceregistry/ServiceConsumer$2
instanceKlass org/eclipse/osgi/internal/serviceregistry/ServiceConsumer$1
instanceKlass org/eclipse/osgi/internal/serviceregistry/ServiceConsumer
instanceKlass org/eclipse/osgi/service/security/TrustEngine
instanceKlass org/eclipse/osgi/internal/signedcontent/SignedContentConstants
instanceKlass org/eclipse/osgi/internal/signedcontent/SignedBundleHook$1
instanceKlass org/eclipse/osgi/internal/framework/XMLParsingServiceFactory
instanceKlass org/eclipse/osgi/storage/BundleLocalizationImpl
instanceKlass org/eclipse/osgi/service/localization/BundleLocalization
instanceKlass org/eclipse/osgi/storage/url/BundleURLConverter
instanceKlass org/eclipse/osgi/service/urlconversion/URLConverter
instanceKlass org/apache/felix/resolver/Logger
instanceKlass org/apache/felix/resolver/ResolutionError
instanceKlass org/apache/felix/resolver/ResolverImpl
instanceKlass org/osgi/service/resolver/Resolver
instanceKlass org/eclipse/osgi/internal/framework/legacy/StartLevelImpl
instanceKlass org/eclipse/osgi/internal/framework/legacy/PackageAdminImpl
instanceKlass org/osgi/service/condition/ConditionImpl
instanceKlass org/osgi/service/condition/Condition
instanceKlass  @bci org/eclipse/equinox/plurl/impl/PlurlImpl add (Ljava/net/ContentHandlerFactory;)V 13 <appendix> argL0 ; # org/eclipse/equinox/plurl/impl/PlurlImpl$$Lambda+0x000002229010f900
instanceKlass  @bci org/eclipse/equinox/plurl/impl/PlurlImpl$5 getContent ()Ljava/util/function/Consumer; 155 <appendix> member <vmtarget> ; # org/eclipse/equinox/plurl/impl/PlurlImpl$5$$Lambda+0x000002229010f468
instanceKlass  @bci org/eclipse/equinox/plurl/impl/PlurlImpl add (Ljava/net/URLStreamHandlerFactory;)V 13 <appendix> argL0 ; # org/eclipse/equinox/plurl/impl/PlurlImpl$$Lambda+0x000002229010f218
instanceKlass org/eclipse/equinox/plurl/impl/PlurlImpl$PlurlFactoryHolder
instanceKlass  @bci org/eclipse/equinox/plurl/impl/PlurlImpl$5 getContent ()Ljava/util/function/Consumer; 141 <appendix> member <vmtarget> ; # org/eclipse/equinox/plurl/impl/PlurlImpl$5$$Lambda+0x000002229010eb30
instanceKlass org/eclipse/osgi/internal/url/ContentHandlerFactoryImpl
instanceKlass org/eclipse/osgi/internal/url/URLStreamHandlerFactoryImpl
instanceKlass org/eclipse/equinox/plurl/impl/PlurlImpl$PlurlContentHandlerFactory
instanceKlass org/eclipse/equinox/plurl/impl/PlurlImpl$LegacyFactory
# instanceKlass java/lang/invoke/LambdaForm$MH+0x0000022290109000
# instanceKlass java/lang/invoke/LambdaForm$MH+0x0000022290108c00
instanceKlass org/eclipse/equinox/plurl/impl/StackWalkerCallStack
instanceKlass sun/awt/www/content/MultimediaContentHandlers
instanceKlass  @bci org/eclipse/equinox/plurl/impl/PlurlImpl <init> ()V 126 <appendix> member <vmtarget> ; # org/eclipse/equinox/plurl/impl/PlurlImpl$$Lambda+0x000002229010d548
instanceKlass org/eclipse/equinox/plurl/impl/URLToHandler
instanceKlass java/net/UrlDeserializedState
instanceKlass java/net/InetAddress
instanceKlass org/eclipse/equinox/plurl/impl/CallStack
instanceKlass java/net/ContentHandler
instanceKlass org/eclipse/equinox/plurl/PlurlStreamHandler$PlurlSetter
instanceKlass org/eclipse/equinox/plurl/impl/PlurlImpl
instanceKlass org/eclipse/osgi/internal/log/ConfigAdminListener
instanceKlass  @bci org/eclipse/osgi/internal/serviceregistry/ServiceRegistry notifyFindHooksPrivileged (Lorg/eclipse/osgi/internal/framework/BundleContextImpl;Ljava/lang/String;Ljava/lang/String;ZLjava/util/Collection;)V 101 <adapter> ; # java/lang/invoke/LambdaForm$MH+0x0000022290108800
# instanceKlass java/lang/invoke/LambdaForm$DMH+0x0000022290108400
instanceKlass  @bci org/eclipse/osgi/internal/serviceregistry/ServiceRegistry notifyFindHooksPrivileged (Lorg/eclipse/osgi/internal/framework/BundleContextImpl;Ljava/lang/String;Ljava/lang/String;ZLjava/util/Collection;)V 101 <appendix> form vmentry <vmtarget> ; # java/lang/invoke/LambdaForm$DMH+0x0000022290108000
instanceKlass  @bci org/eclipse/osgi/internal/serviceregistry/ServiceRegistry notifyFindHooksPrivileged (Lorg/eclipse/osgi/internal/framework/BundleContextImpl;Ljava/lang/String;Ljava/lang/String;ZLjava/util/Collection;)V 101 <appendix> member <vmtarget> ; # org/eclipse/osgi/internal/serviceregistry/ServiceRegistry$$Lambda+0x0000022290100800
instanceKlass  @cpi org/eclipse/osgi/internal/serviceregistry/ServiceRegistry 1105 form vmentry <vmtarget> ; # java/lang/invoke/LambdaForm$DMH+0x0000022290100400
instanceKlass org/eclipse/osgi/internal/serviceregistry/ShrinkableCollection
instanceKlass org/eclipse/osgi/internal/framework/FilterImpl$Parser
instanceKlass org/eclipse/osgi/internal/framework/FilterImpl
instanceKlass org/osgi/util/tracker/AbstractTracked
instanceKlass org/osgi/util/tracker/ServiceTracker
instanceKlass org/eclipse/osgi/internal/log/EventAdminAdapter
instanceKlass org/eclipse/osgi/internal/serviceregistry/ServiceRegistry$2
instanceKlass org/eclipse/osgi/framework/eventmgr/CopyOnWriteIdentityMap$Snapshot$SnapshotIterator
instanceKlass org/eclipse/osgi/framework/eventmgr/ListenerQueue
instanceKlass  @bci org/eclipse/osgi/internal/serviceregistry/ServiceRegistry notifyEventListenerHooksPrivileged (Lorg/osgi/framework/ServiceEvent;Ljava/util/Map;)V 77 <appendix> member <vmtarget> ; # org/eclipse/osgi/internal/serviceregistry/ServiceRegistry$$Lambda+0x0000022290106c28
instanceKlass  @bci org/eclipse/osgi/internal/serviceregistry/ServiceRegistry notifyEventHooksPrivileged (Lorg/osgi/framework/ServiceEvent;Ljava/util/Collection;)V 77 <appendix> member <vmtarget> ; # org/eclipse/osgi/internal/serviceregistry/ServiceRegistry$$Lambda+0x0000022290106640
instanceKlass org/eclipse/osgi/framework/eventmgr/CopyOnWriteIdentityMap$Snapshot
instanceKlass org/osgi/framework/PrototypeServiceFactory
instanceKlass org/eclipse/osgi/framework/util/CaseInsensitiveDictionaryMap$CaseInsensitiveKey
instanceKlass org/eclipse/osgi/internal/serviceregistry/ServiceReferenceImpl
instanceKlass org/eclipse/osgi/internal/serviceregistry/ServiceUse
instanceKlass  @bci org/eclipse/osgi/internal/serviceregistry/ServiceRegistry notifyListenerHooksPrivileged (Ljava/util/Collection;Z)V 106 <appendix> form vmentry <vmtarget> ; # java/lang/invoke/LambdaForm$DMH+0x0000022290100000
instanceKlass  @bci org/eclipse/osgi/internal/serviceregistry/ServiceRegistry notifyListenerHooksPrivileged (Ljava/util/Collection;Z)V 106 <appendix> member <vmtarget> ; # org/eclipse/osgi/internal/serviceregistry/ServiceRegistry$$Lambda+0x00000222900bdcc8
instanceKlass  @cpi org/eclipse/osgi/internal/serviceregistry/ServiceRegistry 1128 form vmentry <vmtarget> ; # java/lang/invoke/LambdaForm$DMH+0x00000222900bcc00
instanceKlass org/eclipse/osgi/internal/serviceregistry/HookContext
instanceKlass org/osgi/framework/UnfilteredServiceListener
instanceKlass org/eclipse/osgi/internal/serviceregistry/FilteredServiceListener
instanceKlass org/osgi/framework/hooks/service/ListenerHook$ListenerInfo
instanceKlass org/eclipse/osgi/framework/eventmgr/CopyOnWriteIdentityMap$Entry
instanceKlass org/eclipse/osgi/framework/eventmgr/CopyOnWriteIdentityMap
instanceKlass org/eclipse/osgi/internal/log/OrderedExecutor
instanceKlass org/eclipse/osgi/internal/framework/BundleContextImpl$2
instanceKlass org/osgi/service/startlevel/StartLevel
instanceKlass org/osgi/service/packageadmin/PackageAdmin
instanceKlass org/eclipse/equinox/plurl/PlurlContentHandlerFactory
instanceKlass java/net/ContentHandlerFactory
instanceKlass org/eclipse/equinox/plurl/PlurlStreamHandlerFactory
instanceKlass org/eclipse/equinox/plurl/PlurlFactory
instanceKlass org/eclipse/equinox/plurl/Plurl
instanceKlass org/eclipse/osgi/internal/framework/SystemBundleActivator
instanceKlass org/eclipse/osgi/internal/loader/classpath/TitleVersionVendor
instanceKlass org/eclipse/osgi/internal/loader/classpath/ManifestPackageAttributes
instanceKlass org/eclipse/osgi/internal/loader/classpath/ClasspathEntry$PDEData
instanceKlass org/eclipse/osgi/internal/loader/classpath/ClasspathEntry
instanceKlass org/eclipse/osgi/internal/loader/classpath/FragmentClasspath
instanceKlass org/eclipse/osgi/internal/loader/classpath/ClasspathManager
instanceKlass org/eclipse/osgi/internal/loader/ModuleClassLoader$ClassNameLock$1
instanceKlass org/eclipse/osgi/internal/loader/ModuleClassLoader$ClassNameLock
instanceKlass org/eclipse/osgi/internal/container/KeyBasedLockStore
instanceKlass org/eclipse/osgi/internal/loader/BundleLoaderSources
instanceKlass org/eclipse/osgi/internal/loader/BundleLoader$1
instanceKlass org/eclipse/osgi/internal/loader/sources/PackageSource
instanceKlass java/lang/ApplicationShutdownHooks$1
instanceKlass java/lang/ApplicationShutdownHooks
instanceKlass org/eclipse/osgi/internal/framework/StorageSaver$StorageSaverTask
instanceKlass org/eclipse/osgi/internal/framework/StorageSaver
instanceKlass java/util/concurrent/Executors$RunnableAdapter
instanceKlass java/util/concurrent/FutureTask$WaitNode
instanceKlass java/util/concurrent/FutureTask
instanceKlass jdk/internal/vm/ThreadContainers
instanceKlass jdk/internal/vm/StackableScope
instanceKlass java/util/concurrent/RunnableScheduledFuture
instanceKlass java/util/concurrent/ScheduledFuture
instanceKlass java/util/concurrent/Delayed
instanceKlass java/util/concurrent/RunnableFuture
instanceKlass java/util/concurrent/Future
instanceKlass java/util/concurrent/ThreadPoolExecutor$AbortPolicy
instanceKlass java/util/concurrent/AbstractExecutorService
instanceKlass java/util/concurrent/ScheduledExecutorService
instanceKlass java/util/concurrent/ExecutorService
instanceKlass java/util/concurrent/Executors
instanceKlass java/util/HashMap$HashMapSpliterator
instanceKlass  @bci java/lang/SecurityManager nonExportedPkgs (Ljava/lang/module/ModuleDescriptor;)Ljava/util/Set; 92 <appendix> member <vmtarget> ; # java/lang/SecurityManager$$Lambda+0x00000222900c7da8
instanceKlass  @bci java/lang/SecurityManager nonExportedPkgs (Ljava/lang/module/ModuleDescriptor;)Ljava/util/Set; 76 <appendix> argL0 ; # java/lang/SecurityManager$$Lambda+0x00000222900c7b68
instanceKlass  @bci java/lang/SecurityManager nonExportedPkgs (Ljava/lang/module/ModuleDescriptor;)Ljava/util/Set; 66 <appendix> argL0 ; # java/lang/SecurityManager$$Lambda+0x00000222900c7918
instanceKlass  @bci java/lang/SecurityManager nonExportedPkgs (Ljava/lang/module/ModuleDescriptor;)Ljava/util/Set; 47 <appendix> member <vmtarget> ; # java/lang/SecurityManager$$Lambda+0x00000222900c76e0
instanceKlass  @bci java/lang/SecurityManager nonExportedPkgs (Ljava/lang/module/ModuleDescriptor;)Ljava/util/Set; 31 <appendix> argL0 ; # java/lang/SecurityManager$$Lambda+0x00000222900c74a0
instanceKlass  @bci java/lang/SecurityManager nonExportedPkgs (Ljava/lang/module/ModuleDescriptor;)Ljava/util/Set; 21 <appendix> argL0 ; # java/lang/SecurityManager$$Lambda+0x00000222900c7250
instanceKlass  @cpi org/eclipse/jdt/internal/core/search/PatternSearchJob 560 form vmentry <vmtarget> ; # java/lang/invoke/LambdaForm$DMH+0x00000222900bc800
instanceKlass  @bci java/lang/SecurityManager addNonExportedPackages (Ljava/lang/ModuleLayer;)V 59 <appendix> argL0 ; # java/lang/SecurityManager$$Lambda+0x00000222900c7020
instanceKlass  @cpi org/eclipse/core/internal/net/Policy 113 form vmentry <vmtarget> ; # java/lang/invoke/LambdaForm$DMH+0x00000222900bc400
instanceKlass  @bci java/lang/SecurityManager addNonExportedPackages (Ljava/lang/ModuleLayer;)V 49 <appendix> argL0 ; # java/lang/SecurityManager$$Lambda+0x00000222900c6de0
instanceKlass  @bci java/lang/SecurityManager addNonExportedPackages (Ljava/lang/ModuleLayer;)V 39 <appendix> argL0 ; # java/lang/SecurityManager$$Lambda+0x00000222900c6ba0
instanceKlass  @bci java/lang/SecurityManager addNonExportedPackages (Ljava/lang/ModuleLayer;)V 29 <appendix> member <vmtarget> ; # java/lang/SecurityManager$$Lambda+0x00000222900c6948
instanceKlass  @cpi java/lang/SecurityManager 518 form vmentry <vmtarget> ; # java/lang/invoke/LambdaForm$DMH+0x00000222900bc000
instanceKlass  @bci java/lang/SecurityManager addNonExportedPackages (Ljava/lang/ModuleLayer;)V 17 <appendix> argL0 ; # java/lang/SecurityManager$$Lambda+0x00000222900c6708
instanceKlass org/eclipse/osgi/internal/framework/ContextFinder$1
instanceKlass org/osgi/framework/ServiceObjects
instanceKlass org/eclipse/osgi/internal/framework/BundleContextImpl
instanceKlass org/osgi/framework/hooks/weaving/WovenClassListener
instanceKlass org/osgi/framework/hooks/weaving/WeavingHook
instanceKlass org/osgi/framework/hooks/service/FindHook
instanceKlass org/osgi/framework/hooks/service/EventListenerHook
instanceKlass org/osgi/framework/hooks/service/EventHook
instanceKlass org/osgi/framework/hooks/bundle/FindHook
instanceKlass org/osgi/framework/hooks/bundle/EventHook
instanceKlass org/osgi/framework/hooks/bundle/CollisionHook
instanceKlass org/eclipse/osgi/internal/serviceregistry/ServiceRegistry$FrameworkHookHolder
instanceKlass org/osgi/framework/hooks/service/ListenerHook
instanceKlass org/eclipse/osgi/internal/serviceregistry/ServiceRegistrationImpl
instanceKlass org/osgi/framework/ServiceRegistration
instanceKlass org/eclipse/osgi/internal/serviceregistry/ServiceRegistry
instanceKlass org/eclipse/osgi/framework/eventmgr/EventManager
instanceKlass org/eclipse/osgi/internal/framework/EquinoxEventPublisher
# instanceKlass java/lang/invoke/LambdaForm$MH+0x00000222900b5c00
# instanceKlass java/lang/invoke/LambdaForm$MH+0x00000222900b5800
# instanceKlass java/lang/invoke/LambdaForm$MH+0x00000222900b5400
instanceKlass org/eclipse/osgi/storage/bundlefile/BundleEntry
instanceKlass org/eclipse/osgi/container/ModuleDatabase$2
instanceKlass java/util/ArrayList$SubList$1
# instanceKlass java/lang/invoke/LambdaForm$MH+0x00000222900b5000
# instanceKlass java/lang/invoke/LambdaForm$MH+0x00000222900b4c00
# instanceKlass java/lang/invoke/LambdaForm$MH+0x00000222900b4800
instanceKlass  @bci org/eclipse/jdt/internal/core/JrtPackageFragmentRoot$JrtModuleKey hashCode ()I 1 <appendix> argL1 form vmentry <vmtarget> ; # java/lang/invoke/LambdaForm$MH+0x00000222900b4400
instanceKlass  @cpi org/eclipse/jdt/internal/compiler/lookup/CompilationUnitScope 1154 form vmentry <vmtarget> ; # java/lang/invoke/LambdaForm$DMH+0x00000222900b4000
instanceKlass java/lang/reflect/AnnotatedType
instanceKlass java/lang/reflect/TypeVariable
instanceKlass org/eclipse/osgi/container/ModuleWiring$LoaderInitializer
instanceKlass org/eclipse/osgi/container/ModuleWiring
instanceKlass org/eclipse/osgi/container/ModuleWire
instanceKlass org/osgi/framework/wiring/BundleWire
instanceKlass java/util/Collections$UnmodifiableMap$UnmodifiableEntrySet$UnmodifiableEntry
instanceKlass java/util/Collections$UnmodifiableMap$UnmodifiableEntrySet$1
instanceKlass org/eclipse/osgi/internal/container/Capabilities$NamespaceSet
instanceKlass org/eclipse/osgi/container/ModuleRequirement
instanceKlass org/osgi/framework/wiring/BundleRequirement
instanceKlass org/eclipse/osgi/container/ModuleRevision$2
instanceKlass org/eclipse/osgi/internal/container/NamespaceList$Builder$8
instanceKlass org/eclipse/osgi/container/ModuleCapability
instanceKlass org/osgi/framework/wiring/BundleCapability
instanceKlass org/osgi/resource/Capability
instanceKlass org/eclipse/osgi/internal/container/NamespaceList$3
instanceKlass org/eclipse/osgi/internal/container/NamespaceList$2
instanceKlass org/eclipse/osgi/internal/container/NamespaceList$1
instanceKlass org/eclipse/osgi/internal/container/NamespaceList
instanceKlass org/eclipse/osgi/container/ModuleRevision$1
instanceKlass org/osgi/framework/wiring/BundleWiring
instanceKlass org/osgi/resource/Wiring
instanceKlass org/eclipse/osgi/container/ModuleRevision
instanceKlass org/eclipse/osgi/container/ModuleRevisions
instanceKlass org/osgi/framework/wiring/BundleRevisions
instanceKlass org/lombokweb/asm/Opcodes
instanceKlass org/lombokweb/asm/Handler
instanceKlass lombok/patcher/MethodLogistics
instanceKlass org/lombokweb/asm/Label
instanceKlass org/lombokweb/asm/Type
instanceKlass org/lombokweb/asm/Frame
instanceKlass org/lombokweb/asm/Context
instanceKlass org/lombokweb/asm/Attribute
instanceKlass lombok/patcher/scripts/ExitFromMethodEarlyScript$1
instanceKlass org/lombokweb/asm/ByteVector
instanceKlass org/lombokweb/asm/Symbol
instanceKlass org/lombokweb/asm/SymbolTable
instanceKlass org/lombokweb/asm/FieldVisitor
instanceKlass org/lombokweb/asm/MethodVisitor
instanceKlass org/lombokweb/asm/AnnotationVisitor
instanceKlass org/lombokweb/asm/ModuleVisitor
instanceKlass org/lombokweb/asm/RecordComponentVisitor
instanceKlass org/lombokweb/asm/ClassReader
instanceKlass org/eclipse/osgi/internal/framework/EquinoxBundle
instanceKlass org/eclipse/osgi/internal/container/NamespaceList$Builder$2
instanceKlass org/eclipse/osgi/container/ModuleRevisionBuilder$GenericInfo$1
instanceKlass org/eclipse/osgi/container/ModuleRevisionBuilder$GenericInfo
instanceKlass org/eclipse/osgi/container/ModuleRevisionBuilder
instanceKlass org/osgi/resource/Wire
instanceKlass org/eclipse/osgi/container/ModuleDatabase$Persistence
instanceKlass org/eclipse/osgi/container/ModuleContainer$ContainerStartLevel
instanceKlass org/eclipse/osgi/container/ModuleContainer$ContainerWiring
instanceKlass org/eclipse/osgi/container/ModuleResolver
instanceKlass org/eclipse/osgi/container/ModuleContainer$ResolutionLock
instanceKlass org/eclipse/osgi/internal/container/LockSet
instanceKlass org/osgi/framework/startlevel/FrameworkStartLevel
instanceKlass org/osgi/framework/wiring/FrameworkWiring
instanceKlass org/osgi/resource/Requirement
instanceKlass org/eclipse/osgi/report/resolution/ResolutionReport
instanceKlass org/eclipse/osgi/container/ModuleContainer
instanceKlass org/eclipse/osgi/internal/container/Capabilities
instanceKlass org/eclipse/osgi/container/Module
instanceKlass org/osgi/framework/startlevel/BundleStartLevel
instanceKlass org/eclipse/osgi/container/ModuleDatabase
instanceKlass java/util/concurrent/LinkedBlockingQueue$Node
instanceKlass java/util/concurrent/RejectedExecutionHandler
instanceKlass org/eclipse/osgi/internal/framework/EquinoxContainerAdaptor$1
instanceKlass java/util/concurrent/LinkedTransferQueue$DualNode
instanceKlass java/util/concurrent/TransferQueue
instanceKlass java/util/concurrent/atomic/AtomicReference
instanceKlass org/eclipse/osgi/internal/container/AtomicLazyInitializer
instanceKlass org/eclipse/osgi/internal/framework/OSGiFrameworkHooks$BundleCollisionHook
instanceKlass org/osgi/framework/ServiceReference
instanceKlass org/osgi/framework/hooks/resolver/ResolverHook
instanceKlass org/eclipse/osgi/internal/framework/OSGiFrameworkHooks$CoreResolverHookFactory
instanceKlass org/osgi/framework/hooks/resolver/ResolverHookFactory
instanceKlass org/eclipse/osgi/container/ModuleCollisionHook
instanceKlass org/eclipse/osgi/internal/framework/OSGiFrameworkHooks
instanceKlass org/eclipse/osgi/container/ModuleContainerAdaptor$1
instanceKlass org/eclipse/osgi/container/ModuleLoader
instanceKlass java/util/concurrent/Callable
instanceKlass java/util/concurrent/BlockingQueue
instanceKlass java/util/concurrent/Executor
instanceKlass org/eclipse/osgi/internal/permadmin/SecurityRow
instanceKlass org/eclipse/osgi/internal/permadmin/PermissionAdminTable
instanceKlass org/osgi/service/permissionadmin/PermissionInfo
instanceKlass org/osgi/service/condpermadmin/ConditionalPermissionUpdate
instanceKlass org/osgi/service/condpermadmin/ConditionalPermissionInfo
instanceKlass org/eclipse/osgi/internal/permadmin/SecurityAdmin
instanceKlass org/osgi/service/condpermadmin/ConditionalPermissionAdmin
instanceKlass org/osgi/service/permissionadmin/PermissionAdmin
instanceKlass org/eclipse/osgi/storage/PermissionData
instanceKlass  @bci org/eclipse/osgi/storage/Storage connectPersistentBundles (Ljava/util/List;)V 2 <appendix> member <vmtarget> ; # org/eclipse/osgi/storage/Storage$$Lambda+0x00000222900a0c30
instanceKlass  @cpi org/eclipse/jdt/internal/compiler/lookup/BoundSet 1049 form vmentry <vmtarget> ; # java/lang/invoke/LambdaForm$DMH+0x00000222900a4000
instanceKlass org/eclipse/osgi/storage/BundleInfo$Generation
instanceKlass org/eclipse/osgi/storage/BundleInfo
instanceKlass org/eclipse/osgi/framework/util/ObjectPool
instanceKlass jdk/internal/util/ByteArray
instanceKlass org/eclipse/osgi/storagemanager/StorageManager$Entry
instanceKlass org/eclipse/osgi/framework/internal/reliablefile/ReliableFile$CacheInfo
instanceKlass java/util/ComparableTimSort
instanceKlass java/lang/Shutdown$Lock
instanceKlass java/lang/Shutdown
instanceKlass java/io/DeleteOnExitHook$1
instanceKlass java/io/DeleteOnExitHook
instanceKlass  @bci org/eclipse/osgi/framework/internal/reliablefile/ReliableFile createTempFile (Ljava/lang/String;Ljava/lang/String;Ljava/io/File;)Ljava/io/File; 61 <appendix> argL0 ; # org/eclipse/osgi/framework/internal/reliablefile/ReliableFile$$Lambda+0x0000022290099270
instanceKlass org/eclipse/osgi/framework/internal/reliablefile/ReliableFile
instanceKlass sun/nio/ch/FileKey
instanceKlass sun/nio/ch/FileLockTable
instanceKlass sun/nio/ch/NativeThread
instanceKlass java/nio/channels/FileLock
instanceKlass sun/nio/ch/NativeThreadSet
instanceKlass sun/nio/ch/IOUtil
instanceKlass sun/nio/ch/NativeDispatcher
instanceKlass java/nio/file/attribute/FileAttribute
instanceKlass java/nio/channels/spi/AbstractInterruptibleChannel
instanceKlass java/nio/channels/InterruptibleChannel
instanceKlass java/nio/channels/ScatteringByteChannel
instanceKlass java/nio/channels/GatheringByteChannel
instanceKlass java/nio/channels/SeekableByteChannel
instanceKlass java/nio/channels/ByteChannel
instanceKlass java/nio/channels/WritableByteChannel
instanceKlass java/nio/channels/ReadableByteChannel
instanceKlass java/nio/channels/Channel
instanceKlass org/eclipse/osgi/internal/location/Locker_JavaNio
instanceKlass org/eclipse/osgi/storagemanager/StorageManager
instanceKlass org/eclipse/osgi/storage/FrameworkExtensionInstaller
instanceKlass org/eclipse/osgi/storage/bundlefile/MRUBundleFileList
instanceKlass org/eclipse/osgi/framework/eventmgr/EventDispatcher
instanceKlass org/osgi/framework/Filter
instanceKlass org/eclipse/osgi/storage/ContentProvider
instanceKlass org/eclipse/osgi/storage/bundlefile/BundleFile
instanceKlass org/eclipse/osgi/container/ModuleContainerAdaptor
instanceKlass org/eclipse/osgi/storage/Storage
instanceKlass  @bci org/eclipse/osgi/internal/cds/CDSHookConfigurator addHooks (Lorg/eclipse/osgi/internal/hookregistry/HookRegistry;)V 77 <appendix> argL0 ; # org/eclipse/osgi/internal/cds/CDSHookConfigurator$$Lambda+0x000002229009def8
instanceKlass org/eclipse/osgi/signedcontent/SignedContent
# instanceKlass java/lang/invoke/LambdaForm$DMH+0x0000022290098400
instanceKlass java/lang/invoke/MethodHandle$1
instanceKlass org/eclipse/osgi/internal/hookregistry/StorageHookFactory$StorageHook
instanceKlass org/eclipse/osgi/internal/hookregistry/StorageHookFactory
instanceKlass org/osgi/framework/BundleActivator
instanceKlass org/eclipse/osgi/internal/cds/CDSHookConfigurator
instanceKlass org/eclipse/osgi/internal/signedcontent/SignedBundleHook
instanceKlass org/eclipse/osgi/signedcontent/SignedContentFactory
instanceKlass org/eclipse/osgi/internal/hookregistry/ActivatorHookFactory
instanceKlass org/osgi/framework/wiring/BundleRevision
instanceKlass org/osgi/resource/Resource
instanceKlass org/eclipse/osgi/internal/connect/ConnectHookConfigurator
instanceKlass org/eclipse/osgi/internal/hookregistry/HookConfigurator
instanceKlass java/net/URLClassLoader$3$1
instanceKlass java/net/URLClassLoader$3
instanceKlass org/eclipse/osgi/internal/framework/EquinoxContainer$ConnectModules
instanceKlass  @bci org/eclipse/osgi/internal/log/ExtendedLogServiceImpl applyLogLevels (Lorg/eclipse/osgi/internal/log/ExtendedLogServiceFactory$EquinoxLoggerContext;)V 20 <appendix> member <vmtarget> ; # org/eclipse/osgi/internal/log/ExtendedLogServiceImpl$$Lambda+0x0000022290097518
instanceKlass  @bci org/eclipse/osgi/internal/log/ExtendedLogServiceImpl applyLogLevels (Lorg/eclipse/osgi/internal/log/ExtendedLogServiceFactory$EquinoxLoggerContext;)V 5 <appendix> member <vmtarget> ; # org/eclipse/osgi/internal/log/ExtendedLogServiceImpl$$Lambda+0x00000222900972e0
instanceKlass  @cpi org/eclipse/lsp4j/jsonrpc/services/ServiceEndpoints 267 form vmentry <vmtarget> ; # java/lang/invoke/LambdaForm$DMH+0x0000022290098000
instanceKlass org/eclipse/osgi/internal/log/ExtendedLogServiceFactory$EquinoxLoggerContext
instanceKlass org/eclipse/osgi/internal/log/EquinoxLogFactory$1
instanceKlass org/eclipse/osgi/framework/log/FrameworkLog
instanceKlass org/eclipse/osgi/internal/log/EquinoxLogFactory
instanceKlass org/osgi/service/log/FormatterLogger
instanceKlass org/eclipse/osgi/internal/log/LoggerImpl
instanceKlass org/eclipse/osgi/internal/log/ExtendedLogServiceImpl
instanceKlass org/eclipse/osgi/internal/log/ExtendedLogServiceFactory$EquinoxLoggerAdmin
instanceKlass org/osgi/service/log/admin/LoggerContext
instanceKlass org/eclipse/osgi/internal/log/LoggerContextTargetMap
instanceKlass org/eclipse/osgi/internal/log/LogServiceManager$MockSystemBundle
instanceKlass org/osgi/service/log/admin/LoggerAdmin
instanceKlass org/eclipse/osgi/internal/log/ExtendedLogServiceFactory
instanceKlass org/eclipse/osgi/framework/util/ArrayMap
instanceKlass java/util/concurrent/locks/ReentrantReadWriteLock$WriteLock
instanceKlass java/util/concurrent/locks/ReentrantReadWriteLock$ReadLock
instanceKlass java/util/concurrent/locks/ReentrantReadWriteLock
instanceKlass java/util/concurrent/locks/ReadWriteLock
instanceKlass org/eclipse/osgi/internal/log/ExtendedLogReaderServiceFactory$1
instanceKlass org/osgi/service/log/LogEntry
instanceKlass org/eclipse/osgi/internal/log/ExtendedLogReaderServiceFactory
instanceKlass org/osgi/framework/ServiceFactory
instanceKlass org/eclipse/equinox/log/ExtendedLogReaderService
instanceKlass org/osgi/service/log/LogReaderService
instanceKlass org/eclipse/equinox/log/ExtendedLogService
instanceKlass org/eclipse/equinox/log/Logger
instanceKlass org/osgi/service/log/Logger
instanceKlass org/osgi/service/log/LogService
instanceKlass org/osgi/service/log/LoggerFactory
instanceKlass org/eclipse/osgi/internal/log/LogServiceManager
instanceKlass org/osgi/framework/AllServiceListener
instanceKlass org/osgi/framework/ServiceListener
instanceKlass org/eclipse/osgi/internal/log/EquinoxLogWriter
instanceKlass org/eclipse/equinox/log/LogFilter
instanceKlass org/eclipse/equinox/log/SynchronousLogListener
instanceKlass org/osgi/service/log/LogListener
instanceKlass org/eclipse/osgi/internal/log/EquinoxLogServices
instanceKlass org/eclipse/osgi/util/ManifestElement
instanceKlass org/eclipse/osgi/internal/debug/Debug
instanceKlass org/eclipse/osgi/service/debug/DebugOptionsListener
instanceKlass org/eclipse/osgi/service/debug/DebugTrace
instanceKlass org/eclipse/osgi/internal/debug/FrameworkDebugOptions
instanceKlass org/osgi/util/tracker/ServiceTrackerCustomizer
instanceKlass java/nio/file/FileVisitor
instanceKlass org/eclipse/osgi/storage/StorageUtil
instanceKlass org/eclipse/osgi/internal/location/BasicLocation
instanceKlass org/eclipse/osgi/internal/location/EquinoxLocations
instanceKlass java/util/concurrent/atomic/AtomicBoolean
instanceKlass java/util/UUID
instanceKlass java/util/Random
instanceKlass java/util/random/RandomGenerator
instanceKlass org/eclipse/osgi/internal/container/InternalUtils
instanceKlass org/osgi/framework/Version
instanceKlass org/eclipse/osgi/internal/location/Locker
instanceKlass org/eclipse/osgi/internal/location/LocationHelper
instanceKlass org/eclipse/osgi/internal/framework/EquinoxConfiguration$ConfigValues
instanceKlass org/eclipse/osgi/internal/util/Tokenizer
instanceKlass java/nio/charset/CoderResult
instanceKlass sun/util/logging/PlatformLogger
instanceKlass sun/util/logging/PlatformLogger$ConfigurableBridge$LoggerConfiguration
instanceKlass jdk/internal/logger/BootstrapLogger$RedirectedLoggers
instanceKlass jdk/internal/logger/LazyLoggers$LazyLoggerAccessor
instanceKlass jdk/internal/logger/LazyLoggers$LoggerAccessor
instanceKlass jdk/internal/logger/AbstractLoggerWrapper
instanceKlass java/util/ServiceLoader$ProviderImpl
instanceKlass java/util/ServiceLoader$Provider
instanceKlass java/util/ServiceLoader$1
instanceKlass sun/util/logging/internal/LoggingProviderImpl$LogManagerAccess
instanceKlass java/util/concurrent/CopyOnWriteArrayList$COWIterator
instanceKlass jdk/internal/logger/BootstrapLogger$DetectBackend$1
instanceKlass jdk/internal/logger/BootstrapLogger$DetectBackend
instanceKlass jdk/internal/logger/BootstrapLogger
instanceKlass sun/util/logging/PlatformLogger$ConfigurableBridge
instanceKlass sun/util/logging/PlatformLogger$Bridge
instanceKlass jdk/internal/logger/DefaultLoggerFinder$1
instanceKlass java/lang/System$LoggerFinder
instanceKlass jdk/internal/logger/LazyLoggers$LazyLoggerFactories
instanceKlass jdk/internal/logger/LazyLoggers$1
instanceKlass jdk/internal/logger/LazyLoggers
instanceKlass jdk/internal/event/EventHelper$ThreadTrackHolder
instanceKlass java/net/URLClassLoader$2
instanceKlass org/eclipse/osgi/internal/framework/AliasMapper
instanceKlass org/eclipse/osgi/framework/util/KeyedElement
instanceKlass org/eclipse/osgi/internal/hookregistry/ClassLoaderHook
instanceKlass org/eclipse/osgi/internal/hookregistry/HookRegistry
instanceKlass org/eclipse/osgi/service/datalocation/Location
instanceKlass org/eclipse/osgi/service/debug/DebugOptions
instanceKlass org/eclipse/osgi/internal/framework/EquinoxConfiguration
instanceKlass org/eclipse/osgi/service/environment/EnvironmentInfo
# instanceKlass org/eclipse/osgi/internal/framework/EquinoxContainer$$InjectedInvoker+0x000002229008c400
instanceKlass java/lang/invoke/MethodHandleImpl$BindCaller$InjectedInvokerHolder
instanceKlass java/lang/invoke/MethodHandleImpl$BindCaller
# instanceKlass java/lang/invoke/LambdaForm$MH+0x000002229008c000
# instanceKlass java/lang/invoke/LambdaForm$MH+0x000002229008ac00
instanceKlass java/lang/annotation/Target
instanceKlass java/lang/reflect/Proxy$ProxyBuilder$1
instanceKlass jdk/internal/org/objectweb/asm/Edge
instanceKlass  @bci java/lang/reflect/ProxyGenerator addProxyMethod (Ljava/lang/reflect/Method;Ljava/lang/Class;)V 23 <appendix> argL0 ; # java/lang/reflect/ProxyGenerator$$Lambda+0x0000022290034320
instanceKlass  @bci java/lang/reflect/ProxyGenerator addProxyMethod (Ljava/lang/reflect/ProxyGenerator$ProxyMethod;)V 10 <appendix> argL0 ; # java/lang/reflect/ProxyGenerator$$Lambda+0x00000222900340e0
instanceKlass java/lang/reflect/ProxyGenerator$ProxyMethod
instanceKlass  @bci java/lang/reflect/Proxy getLoader (Ljava/lang/Module;)Ljava/lang/ClassLoader; 6 <appendix> member <vmtarget> ; # java/lang/reflect/Proxy$$Lambda+0x0000022290033988
instanceKlass  @bci java/lang/module/ModuleDescriptor$Builder packages (Ljava/util/Set;)Ljava/lang/module/ModuleDescriptor$Builder; 17 <appendix> argL0 ; # java/lang/module/ModuleDescriptor$Builder$$Lambda+0x800000002
instanceKlass java/lang/module/ModuleDescriptor$Builder
instanceKlass  @bci java/lang/reflect/Proxy$ProxyBuilder getDynamicModule (Ljava/lang/ClassLoader;)Ljava/lang/Module; 4 <appendix> argL0 ; # java/lang/reflect/Proxy$ProxyBuilder$$Lambda+0x0000022290033548
instanceKlass java/lang/PublicMethods
instanceKlass java/lang/reflect/Proxy$ProxyBuilder
instanceKlass  @bci java/lang/reflect/Proxy getProxyConstructor (Ljava/lang/Class;Ljava/lang/ClassLoader;[Ljava/lang/Class;)Ljava/lang/reflect/Constructor; 35 <appendix> argL0 ; # java/lang/reflect/Proxy$$Lambda+0x0000022290032cb0
instanceKlass java/lang/reflect/Proxy
instanceKlass sun/reflect/annotation/AnnotationInvocationHandler
instanceKlass java/lang/reflect/InvocationHandler
instanceKlass sun/reflect/annotation/AnnotationParser$1
instanceKlass sun/reflect/annotation/ExceptionProxy
instanceKlass java/lang/annotation/Inherited
instanceKlass java/lang/annotation/Retention
instanceKlass sun/reflect/annotation/AnnotationType$1
instanceKlass sun/reflect/annotation/AnnotationType
instanceKlass java/lang/reflect/GenericArrayType
instanceKlass sun/reflect/generics/visitor/Reifier
instanceKlass sun/reflect/generics/visitor/TypeTreeVisitor
instanceKlass sun/reflect/generics/factory/CoreReflectionFactory
instanceKlass sun/reflect/generics/factory/GenericsFactory
instanceKlass sun/reflect/generics/scope/AbstractScope
instanceKlass sun/reflect/generics/scope/Scope
instanceKlass sun/reflect/generics/tree/ClassTypeSignature
instanceKlass sun/reflect/generics/tree/SimpleClassTypeSignature
instanceKlass sun/reflect/generics/tree/FieldTypeSignature
instanceKlass sun/reflect/generics/tree/BaseType
instanceKlass sun/reflect/generics/tree/TypeSignature
instanceKlass sun/reflect/generics/tree/ReturnType
instanceKlass sun/reflect/generics/tree/TypeArgument
instanceKlass sun/reflect/generics/tree/TypeTree
instanceKlass sun/reflect/generics/tree/Tree
instanceKlass sun/reflect/generics/parser/SignatureParser
instanceKlass org/eclipse/osgi/framework/util/SecureAction$1
instanceKlass org/eclipse/osgi/framework/util/SecureAction
instanceKlass org/eclipse/osgi/internal/framework/EquinoxContainer
instanceKlass org/eclipse/osgi/launch/Equinox
# instanceKlass java/lang/invoke/LambdaForm$MH+0x000002229008a800
# instanceKlass java/lang/invoke/LambdaForm$MH+0x000002229008a400
# instanceKlass java/lang/invoke/LambdaForm$MH+0x000002229008a000
instanceKlass org/osgi/framework/BundleContext
instanceKlass org/osgi/framework/BundleReference
instanceKlass java/util/EventObject
instanceKlass org/eclipse/core/runtime/adaptor/EclipseStarter$InitialBundle
instanceKlass org/eclipse/core/runtime/adaptor/EclipseStarter$StartupEventListener
instanceKlass org/osgi/framework/FrameworkListener
instanceKlass org/osgi/framework/SynchronousBundleListener
instanceKlass java/util/concurrent/Semaphore
instanceKlass org/osgi/framework/launch/Framework
instanceKlass org/osgi/framework/Bundle
instanceKlass org/osgi/framework/BundleListener
instanceKlass java/util/EventListener
instanceKlass org/eclipse/equinox/plurl/PlurlStreamHandler
instanceKlass org/eclipse/core/runtime/adaptor/EclipseStarter
instanceKlass  @bci java/io/FilePermissionCollection add (Ljava/security/Permission;)V 68 <appendix> argL0 ; # java/io/FilePermissionCollection$$Lambda+0x000002229002ccb8
instanceKlass sun/security/util/FilePermCompat
instanceKlass java/io/FilePermission$1
instanceKlass jdk/internal/access/JavaIOFilePermissionAccess
instanceKlass sun/security/util/MemoryCache$QueueCacheEntry
instanceKlass java/net/URLClassLoader$1
instanceKlass  @bci org/eclipse/equinox/launcher/Main basicRun ([Ljava/lang/String;)V 162 <appendix> argL0 ; # org/eclipse/equinox/launcher/Main$$Lambda+0x0000022290084b88
instanceKlass java/nio/file/FileStore
instanceKlass sun/nio/fs/WindowsSecurity
instanceKlass sun/nio/fs/AbstractAclFileAttributeView
instanceKlass java/nio/file/attribute/AclFileAttributeView
instanceKlass java/nio/file/attribute/FileOwnerAttributeView
instanceKlass sun/nio/fs/WindowsLinkSupport
instanceKlass sun/nio/fs/WindowsFileSystemProvider$1
instanceKlass org/eclipse/equinox/launcher/JNIBridge
instanceKlass  @bci java/util/stream/MatchOps makeRef (Ljava/util/function/Predicate;Ljava/util/stream/MatchOps$MatchKind;)Ljava/util/stream/TerminalOp; 20 <appendix> member <vmtarget> ; # java/util/stream/MatchOps$$Lambda+0x000002229002a160
instanceKlass java/util/stream/MatchOps$BooleanTerminalSink
instanceKlass java/util/stream/MatchOps$MatchOp
instanceKlass java/util/stream/MatchOps
instanceKlass  @bci org/eclipse/equinox/launcher/Main extractFromJAR (Ljava/lang/String;Ljava/lang/String;)Ljava/lang/String; 146 <appendix> member <vmtarget> ; # org/eclipse/equinox/launcher/Main$$Lambda+0x00000222900846e0
instanceKlass java/util/AbstractList$RandomAccessSpliterator
instanceKlass  @bci org/eclipse/equinox/launcher/Main getLibraryFromFragment (Ljava/lang/String;Ljava/lang/String;)Ljava/lang/String; 96 <appendix> argL0 ; # org/eclipse/equinox/launcher/Main$$Lambda+0x0000022290084490
instanceKlass  @bci org/eclipse/equinox/launcher/Main getLibraryFromFragment (Ljava/lang/String;Ljava/lang/String;)Ljava/lang/String; 86 <appendix> argL0 ; # org/eclipse/equinox/launcher/Main$$Lambda+0x0000022290084250
instanceKlass  @bci java/util/zip/ZipFile stream ()Ljava/util/stream/Stream; 25 <appendix> member <vmtarget> ; # java/util/zip/ZipFile$$Lambda+0x00000222900293f8
instanceKlass java/util/Spliterators$AbstractSpliterator
instanceKlass  @bci java/util/stream/StreamSpliterators$WrappingSpliterator initPartialTraversalState ()V 37 <appendix> member <vmtarget> ; # java/util/stream/StreamSpliterators$WrappingSpliterator$$Lambda+0x00000222900291d0
instanceKlass java/util/function/BooleanSupplier
instanceKlass java/util/stream/Sink$ChainedInt
instanceKlass java/util/stream/Sink$OfInt
instanceKlass java/util/function/IntConsumer
instanceKlass  @bci java/util/stream/StreamSpliterators$WrappingSpliterator initPartialTraversalState ()V 24 <appendix> member <vmtarget> ; # java/util/stream/StreamSpliterators$WrappingSpliterator$$Lambda+0x00000222900281f0
instanceKlass java/util/stream/StreamSpliterators
instanceKlass  @bci org/eclipse/equinox/launcher/Main getLibraryPath (Ljava/lang/String;Ljava/util/List;)Ljava/lang/String; 189 <appendix> argL0 ; # org/eclipse/equinox/launcher/Main$$Lambda+0x0000022290084000
instanceKlass  @bci org/eclipse/equinox/launcher/Main getLibraryPath (Ljava/lang/String;Ljava/util/List;)Ljava/lang/String; 179 <appendix> member <vmtarget> ; # org/eclipse/equinox/launcher/Main$$Lambda+0x000002229001bcc0
instanceKlass java/util/stream/Stream$Builder
instanceKlass java/util/stream/Streams$AbstractStreamBuilderImpl
instanceKlass java/util/stream/Streams$2
instanceKlass java/util/stream/Streams
instanceKlass java/util/stream/StreamSpliterators$AbstractWrappingSpliterator
instanceKlass  @bci java/util/stream/AbstractPipeline spliterator ()Ljava/util/Spliterator; 103 <appendix> member <vmtarget> ; # java/util/stream/AbstractPipeline$$Lambda+0x0000022290027270
instanceKlass java/util/stream/Streams$ConcatSpliterator
instanceKlass  @bci org/eclipse/equinox/launcher/Main getLibraryPath (Ljava/lang/String;Ljava/util/List;)Ljava/lang/String; 142 <appendix> argL0 ; # org/eclipse/equinox/launcher/Main$$Lambda+0x000002229001ba80
instanceKlass  @bci org/eclipse/equinox/launcher/Main getLibraryPath (Ljava/lang/String;Ljava/util/List;)Ljava/lang/String; 132 <appendix> member <vmtarget> ; # org/eclipse/equinox/launcher/Main$$Lambda+0x000002229001b858
instanceKlass  @cpi org/eclipse/equinox/launcher/Main 2081 form vmentry <vmtarget> ; # java/lang/invoke/LambdaForm$DMH+0x0000022290082c00
instanceKlass  @bci org/eclipse/equinox/launcher/Main getLibraryPath (Ljava/lang/String;Ljava/util/List;)Ljava/lang/String; 116 <appendix> member <vmtarget> ; # org/eclipse/equinox/launcher/Main$$Lambda+0x000002229001b610
instanceKlass java/util/function/IntUnaryOperator
instanceKlass java/util/stream/Streams$RangeIntSpliterator
instanceKlass java/util/stream/IntStream
instanceKlass  @bci org/eclipse/jdt/internal/core/index/DiskIndex readChunk ([Ljava/lang/String;Ljava/io/InputStream;II)V 180 <appendix> form vmentry <vmtarget> ; # java/lang/invoke/LambdaForm$MH+0x0000022290082800
# instanceKlass java/lang/invoke/LambdaForm$MH+0x0000022290082400
instanceKlass  @bci org/eclipse/jdt/internal/core/index/DiskIndex readChunk ([Ljava/lang/String;Ljava/io/InputStream;II)V 180 <appendix> argL3 form vmentry <vmtarget> ; # java/lang/invoke/LambdaForm$MH+0x0000022290082000
# instanceKlass java/lang/invoke/LambdaForm$MH+0x0000022290081c00
# instanceKlass java/lang/invoke/LambdaForm$MH+0x0000022290081800
# instanceKlass java/lang/invoke/LambdaForm$MH+0x0000022290081400
# instanceKlass java/lang/invoke/LambdaForm$MH+0x0000022290081000
instanceKlass  @bci org/eclipse/jdt/internal/core/index/DiskIndex readChunk ([Ljava/lang/String;Ljava/io/InputStream;II)V 180 <appendix> argL1 form vmentry <vmtarget> ; # java/lang/invoke/LambdaForm$MH+0x0000022290080c00
# instanceKlass java/lang/invoke/LambdaForm$MH+0x0000022290080800
# instanceKlass java/lang/invoke/LambdaForm$MH+0x0000022290080400
# instanceKlass java/lang/invoke/LambdaForm$MH+0x0000022290080000
instanceKlass java/io/RandomAccessFile$1
instanceKlass  @bci org/eclipse/jdt/internal/compiler/util/Messages initializeMessages (Ljava/lang/String;Ljava/lang/Class;)V 68 <appendix> form vmentry <vmtarget> ; # java/lang/invoke/LambdaForm$MH+0x000002229001fc00
instanceKlass java/lang/invoke/LambdaFormEditor$1
# instanceKlass java/lang/invoke/LambdaForm$MH+0x000002229001f800
instanceKlass  @bci org/eclipse/jdt/internal/compiler/util/Messages initializeMessages (Ljava/lang/String;Ljava/lang/Class;)V 68 <appendix> argL3 form vmentry <vmtarget> ; # java/lang/invoke/LambdaForm$MH+0x000002229001f400
# instanceKlass java/lang/invoke/LambdaForm$MH+0x000002229001f000
# instanceKlass java/lang/invoke/LambdaForm$MH+0x000002229001ec00
# instanceKlass java/lang/invoke/LambdaForm$MH+0x000002229001e800
# instanceKlass java/lang/invoke/LambdaForm$MH+0x000002229001e400
instanceKlass  @bci org/eclipse/jdt/internal/compiler/util/Messages initializeMessages (Ljava/lang/String;Ljava/lang/Class;)V 68 <appendix> argL1 form vmentry <vmtarget> ; # java/lang/invoke/LambdaForm$MH+0x000002229001e000
# instanceKlass java/lang/invoke/LambdaForm$MH+0x000002229001dc00
# instanceKlass java/lang/invoke/LambdaForm$MH+0x000002229001d800
# instanceKlass java/lang/invoke/LambdaForm$MH+0x000002229001d400
instanceKlass  @bci org/eclipse/equinox/launcher/Main searchFor (Ljava/lang/String;Ljava/lang/String;)Ljava/lang/String; 95 <appendix> member <vmtarget> ; # org/eclipse/equinox/launcher/Main$$Lambda+0x000002229001b3c8
instanceKlass  @bci org/eclipse/equinox/launcher/Main findMax (Ljava/lang/String;Ljava/util/List;)Ljava/util/Optional; 34 <appendix> argL0 ; # org/eclipse/equinox/launcher/Main$$Lambda+0x000002229001b188
instanceKlass java/util/stream/ReduceOps$2ReducingSink
instanceKlass  @bci java/util/function/BinaryOperator maxBy (Ljava/util/Comparator;)Ljava/util/function/BinaryOperator; 6 <appendix> member <vmtarget> ; # java/util/function/BinaryOperator$$Lambda+0x0000022290024518
instanceKlass  @bci java/util/Comparator comparing (Ljava/util/function/Function;Ljava/util/Comparator;)Ljava/util/Comparator; 12 <appendix> member <vmtarget> ; # java/util/Comparator$$Lambda+0x0000022290024278
instanceKlass  @cpi java/util/Comparator 256 form vmentry <vmtarget> ; # java/lang/invoke/LambdaForm$DMH+0x000002229001d000
instanceKlass  @bci java/util/Comparator comparing (Ljava/util/function/Function;)Ljava/util/Comparator; 6 <appendix> member <vmtarget> ; # java/util/Comparator$$Lambda+0x0000022290023fd8
instanceKlass  @bci org/eclipse/equinox/launcher/Main$Identifier <clinit> ()V 34 <appendix> argL0 ; # org/eclipse/equinox/launcher/Main$Identifier$$Lambda+0x000002229001af48
instanceKlass  @bci org/eclipse/equinox/launcher/Main$Identifier <clinit> ()V 18 <appendix> argL0 ; # org/eclipse/equinox/launcher/Main$Identifier$$Lambda+0x000002229001ad28
instanceKlass  @bci java/util/Comparator thenComparing (Ljava/util/Comparator;)Ljava/util/Comparator; 7 <appendix> member <vmtarget> ; # java/util/Comparator$$Lambda+0x0000022290023d38
instanceKlass  @cpi java/util/Comparator 251 form vmentry <vmtarget> ; # java/lang/invoke/LambdaForm$DMH+0x000002229001cc00
instanceKlass  @bci org/eclipse/equinox/launcher/Main$Identifier <clinit> ()V 8 <appendix> argL0 ; # org/eclipse/equinox/launcher/Main$Identifier$$Lambda+0x000002229001ab08
instanceKlass  @bci java/util/Comparator comparingInt (Ljava/util/function/ToIntFunction;)Ljava/util/Comparator; 6 <appendix> member <vmtarget> ; # java/util/Comparator$$Lambda+0x0000022290023a98
instanceKlass  @bci java/lang/invoke/BootstrapMethodInvoker invoke (Ljava/lang/Class;Ljava/lang/invoke/MethodHandle;Ljava/lang/String;Ljava/lang/Object;Ljava/lang/Object;Ljava/lang/Class;)Ljava/lang/Object; 462 <adapter> ; # java/lang/invoke/LambdaForm$MH+0x000002229001c800
instanceKlass  @cpi java/util/Comparator 259 form vmentry <vmtarget> ; # java/lang/invoke/LambdaForm$DMH+0x000002229001c400
instanceKlass  @bci org/eclipse/equinox/launcher/Main$Identifier <clinit> ()V 0 <appendix> argL0 ; # org/eclipse/equinox/launcher/Main$Identifier$$Lambda+0x000002229001a8e8
instanceKlass java/util/function/ToIntFunction
instanceKlass  @bci org/eclipse/equinox/launcher/Main findMax (Ljava/lang/String;Ljava/util/List;)Ljava/util/Optional; 18 <appendix> argL0 ; # org/eclipse/equinox/launcher/Main$$Lambda+0x000002229001a6a8
instanceKlass  @cpi org/eclipse/jdt/ls/core/internal/handlers/WorkspaceDiagnosticsHandler 897 form vmentry <vmtarget> ; # java/lang/invoke/LambdaForm$DMH+0x000002229001c000
instanceKlass  @bci org/eclipse/equinox/launcher/Main findMax (Ljava/lang/String;Ljava/util/List;)Ljava/util/Optional; 8 <appendix> member <vmtarget> ; # org/eclipse/equinox/launcher/Main$$Lambda+0x000002229001a250
instanceKlass java/util/ArrayList$ArrayListSpliterator
instanceKlass  @bci org/eclipse/jdt/launching/IJavaLaunchConfigurationConstants <clinit> ()V 3 <appendix> form vmentry <vmtarget> ; # java/lang/invoke/LambdaForm$MH+0x0000022290019c00
instanceKlass java/util/stream/AbstractSpinedBuffer
instanceKlass java/util/stream/Node$Builder
instanceKlass java/util/stream/Node$OfDouble
instanceKlass java/util/stream/Node$OfLong
instanceKlass java/util/stream/Node$OfInt
instanceKlass java/util/stream/Node$OfPrimitive
instanceKlass java/util/stream/Nodes$EmptyNode
instanceKlass java/util/stream/Node
instanceKlass java/util/stream/Nodes
instanceKlass  @bci java/util/stream/ReferencePipeline toArray ()[Ljava/lang/Object; 1 <appendix> argL0 ; # java/util/stream/ReferencePipeline$$Lambda+0x0000022290022c18
instanceKlass java/util/ImmutableCollections$Access$1
instanceKlass jdk/internal/access/JavaUtilCollectionAccess
instanceKlass java/util/ImmutableCollections$Access
instanceKlass  @bci org/eclipse/equinox/launcher/Main getArrayFromList (Ljava/lang/String;)Ljava/util/List; 32 <appendix> argL0 ; # org/eclipse/equinox/launcher/Main$$Lambda+0x000002229001a000
instanceKlass  @bci org/eclipse/equinox/launcher/Main getArrayFromList (Ljava/lang/String;)Ljava/util/List; 22 <appendix> argL0 ; # org/eclipse/equinox/launcher/Main$$Lambda+0x0000022290015d00
instanceKlass java/util/regex/Pattern$1MatcherIterator
instanceKlass sun/net/www/MimeEntry
instanceKlass java/util/Hashtable$Enumerator
instanceKlass java/util/Collections$SynchronizedCollection
instanceKlass java/util/Properties$EntrySet
instanceKlass sun/net/www/MimeTable$DefaultInstanceHolder$1
instanceKlass sun/net/www/MimeTable$DefaultInstanceHolder
instanceKlass sun/net/www/MimeTable$2
instanceKlass sun/net/www/MimeTable$1
instanceKlass sun/net/www/MimeTable
instanceKlass java/net/URLConnection$1
instanceKlass java/net/FileNameMap
instanceKlass  @bci org/eclipse/jdt/ls/core/internal/handlers/BaseDiagnosticsHandler endReporting ()V 44 <appendix> form vmentry <vmtarget> ; # java/lang/invoke/LambdaForm$MH+0x0000022290019800
# instanceKlass java/lang/invoke/LambdaForm$MH+0x0000022290019400
instanceKlass  @bci org/eclipse/jdt/ls/core/internal/handlers/BaseDiagnosticsHandler endReporting ()V 44 <appendix> argL3 form vmentry <vmtarget> ; # java/lang/invoke/LambdaForm$MH+0x0000022290019000
# instanceKlass java/lang/invoke/LambdaForm$MH+0x0000022290018c00
# instanceKlass java/lang/invoke/LambdaForm$MH+0x0000022290018800
# instanceKlass java/lang/invoke/LambdaForm$MH+0x0000022290018400
# instanceKlass java/lang/invoke/LambdaForm$MH+0x0000022290018000
instanceKlass  @bci org/eclipse/jdt/ls/core/internal/handlers/BaseDiagnosticsHandler endReporting ()V 44 <appendix> argL1 form vmentry <vmtarget> ; # java/lang/invoke/LambdaForm$MH+0x0000022290017c00
instanceKlass  @bci org/eclipse/jdt/ls/core/internal/managers/ScalaGradleSupport addDefaultScalaOutputPath (Ljava/io/File;Ljava/lang/String;Ljava/util/List;)V 6 <appendix> argL1 form vmentry <vmtarget> ; # java/lang/invoke/LambdaForm$MH+0x0000022290017800
# instanceKlass java/lang/invoke/LambdaForm$MH+0x0000022290017400
instanceKlass  @bci org/eclipse/jdt/ls/core/internal/managers/ProgressiveProjectReporter reportNewProjects ()V 146 <appendix> argL1 form vmentry <vmtarget> ; # java/lang/invoke/LambdaForm$MH+0x0000022290017000
# instanceKlass java/lang/invoke/LambdaForm$MH+0x0000022290016c00
# instanceKlass java/lang/invoke/LambdaForm$MH+0x0000022290016800
instanceKlass java/lang/Long$LongCache
# instanceKlass java/lang/invoke/LambdaForm$MH+0x0000022290016400
instanceKlass java/util/Collections$3
instanceKlass jdk/internal/loader/URLClassPath$1
instanceKlass java/lang/CompoundEnumeration
instanceKlass jdk/internal/loader/BuiltinClassLoader$1
instanceKlass java/util/Collections$EmptyEnumeration
instanceKlass java/util/ServiceLoader$3
instanceKlass java/util/ServiceLoader$2
instanceKlass java/util/ServiceLoader$LazyClassPathLookupIterator
instanceKlass java/util/Spliterators$1Adapter
instanceKlass java/util/Spliterators$ArraySpliterator
instanceKlass java/util/ServiceLoader$ModuleServicesLookupIterator
instanceKlass java/util/ServiceLoader
instanceKlass java/net/spi/URLStreamHandlerProvider
instanceKlass java/net/URL$1
instanceKlass java/net/URL$2
instanceKlass java/net/URL$ThreadTrackHolder
instanceKlass  @bci org/eclipse/equinox/launcher/Main basicRun ([Ljava/lang/String;)V 29 <appendix> argL0 ; # org/eclipse/equinox/launcher/Main$$Lambda+0x0000022290015ae0
instanceKlass java/util/function/IntFunction
instanceKlass  @bci org/eclipse/equinox/launcher/Main processCommandLine (Ljava/util/List;)Ljava/util/List; 832 <appendix> argL0 ; # org/eclipse/equinox/launcher/Main$$Lambda+0x00000222900158b0
instanceKlass  @cpi org/gradle/api/internal/file/DefaultFileCollectionFactory 270 form vmentry <vmtarget> ; # java/lang/invoke/LambdaForm$DMH+0x0000022290016000
instanceKlass  @bci java/util/ArrayDeque copyElements (Ljava/util/Collection;)V 2 <appendix> member <vmtarget> ; # java/util/ArrayDeque$$Lambda+0x0000022290020450
instanceKlass java/lang/Thread$ThreadNumbering
instanceKlass java/nio/file/attribute/PosixFilePermissions
instanceKlass java/security/Policy
instanceKlass jdk/internal/misc/PreviewFeatures
instanceKlass jdk/internal/misc/MainMethodFinder
instanceKlass org/eclipse/equinox/launcher/Main
instanceKlass sun/security/util/ManifestEntryVerifier$SunProviderHolder
instanceKlass java/util/LinkedList$Node
instanceKlass java/util/Base64$Encoder
instanceKlass java/util/Base64$Decoder
instanceKlass java/util/Base64
instanceKlass javax/crypto/SecretKey
instanceKlass sun/security/util/Length
instanceKlass sun/security/util/KeyUtil
instanceKlass java/security/interfaces/XECKey
instanceKlass java/security/interfaces/ECKey
instanceKlass sun/security/util/JarConstraintsParameters
instanceKlass sun/security/util/ConstraintsParameters
instanceKlass java/security/CodeSigner
instanceKlass java/security/Timestamp
instanceKlass sun/security/timestamp/TimestampToken
instanceKlass java/security/cert/CertPath
# instanceKlass java/lang/invoke/LambdaForm$MH+0x0000022290014c00
instanceKlass java/math/MutableBigInteger
instanceKlass sun/security/rsa/RSAPadding
instanceKlass sun/security/rsa/RSACore
instanceKlass java/security/interfaces/RSAPrivateCrtKey
instanceKlass sun/security/pkcs/PKCS8Key
instanceKlass sun/security/util/InternalPrivateKey
instanceKlass java/security/interfaces/RSAPrivateKey
instanceKlass java/security/PrivateKey
instanceKlass javax/security/auth/Destroyable
instanceKlass jdk/internal/icu/util/CodePointTrie$Data
instanceKlass jdk/internal/icu/util/CodePointMap
instanceKlass jdk/internal/icu/util/VersionInfo
instanceKlass  @bci jdk/internal/module/SystemModuleFinders$SystemModuleReader open (Ljava/lang/String;)Ljava/util/Optional; 6 <appendix> member <vmtarget> ; # jdk/internal/module/SystemModuleFinders$SystemModuleReader$$Lambda+0x0000022290078238
instanceKlass jdk/internal/jimage/decompressor/ZipDecompressor
instanceKlass jdk/internal/jimage/decompressor/ResourceDecompressor
instanceKlass jdk/internal/jimage/decompressor/ResourceDecompressorFactory
instanceKlass jdk/internal/jimage/decompressor/ResourceDecompressorRepository
instanceKlass jdk/internal/jimage/decompressor/CompressedResourceHeader
instanceKlass  @bci jdk/internal/jimage/BasicImageReader getResourceBuffer (Ljdk/internal/jimage/ImageLocation;)Ljava/nio/ByteBuffer; 168 <appendix> member <vmtarget> ; # jdk/internal/jimage/BasicImageReader$$Lambda+0x0000022290077178
instanceKlass jdk/internal/jimage/decompressor/ResourceDecompressor$StringsProvider
instanceKlass java/util/TimSort
instanceKlass java/util/Arrays$LegacyMergeSort
instanceKlass java/util/AbstractMap$SimpleEntry
instanceKlass jdk/internal/jimage/ImageBufferCache$2
instanceKlass jdk/internal/jimage/ImageBufferCache
instanceKlass jdk/internal/module/Checks
instanceKlass jdk/internal/icu/impl/ICUBinary$1
instanceKlass jdk/internal/icu/impl/ICUBinary
instanceKlass jdk/internal/icu/impl/NormalizerImpl$IsAcceptable
instanceKlass jdk/internal/icu/impl/ICUBinary$Authenticate
instanceKlass jdk/internal/icu/impl/NormalizerImpl
instanceKlass jdk/internal/icu/impl/Norm2AllModes$Norm2AllModesSingleton
instanceKlass jdk/internal/icu/impl/Norm2AllModes$NFKCSingleton
instanceKlass jdk/internal/icu/impl/Norm2AllModes
instanceKlass jdk/internal/icu/text/Normalizer2
instanceKlass jdk/internal/icu/text/NormalizerBase$ModeImpl
instanceKlass jdk/internal/icu/text/NormalizerBase$NFKDModeImpl
instanceKlass jdk/internal/icu/text/NormalizerBase$1
instanceKlass jdk/internal/icu/text/NormalizerBase$Mode
instanceKlass jdk/internal/icu/text/NormalizerBase
instanceKlass java/text/Normalizer
instanceKlass sun/security/x509/AVAKeyword
instanceKlass java/util/StringJoiner
instanceKlass java/security/Signature$1
instanceKlass jdk/internal/access/JavaSecuritySignatureAccess
instanceKlass java/security/SignatureSpi
instanceKlass sun/security/util/SignatureUtil
instanceKlass java/lang/invoke/VarHandle$AccessDescriptor
instanceKlass sun/security/provider/ByteArrayAccess$BE
instanceKlass sun/security/provider/ByteArrayAccess
instanceKlass sun/security/util/MessageDigestSpi2
instanceKlass sun/security/util/SecurityProperties
instanceKlass sun/security/util/CryptoAlgorithmConstraints$CryptoHolder
instanceKlass java/security/MessageDigestSpi
instanceKlass sun/security/pkcs/SigningCertificateInfo$ESSCertId
instanceKlass sun/security/pkcs/SigningCertificateInfo
instanceKlass sun/security/pkcs/PKCS9Attribute
instanceKlass sun/security/pkcs/PKCS9Attributes
instanceKlass java/time/Instant
instanceKlass java/time/zone/ZoneOffsetTransition
instanceKlass java/time/LocalTime
instanceKlass java/time/temporal/ValueRange
instanceKlass java/time/Duration
instanceKlass java/time/temporal/TemporalAmount
instanceKlass java/time/temporal/TemporalUnit
instanceKlass java/time/temporal/TemporalField
instanceKlass java/time/LocalDate
instanceKlass java/time/chrono/ChronoLocalDate
instanceKlass java/time/ZonedDateTime
instanceKlass java/time/chrono/ChronoZonedDateTime
instanceKlass java/time/LocalDateTime
instanceKlass java/time/chrono/ChronoLocalDateTime
instanceKlass java/time/temporal/Temporal
instanceKlass java/time/zone/ZoneOffsetTransitionRule
instanceKlass java/time/zone/ZoneRules
instanceKlass java/time/temporal/TemporalAdjuster
instanceKlass java/time/temporal/TemporalAccessor
instanceKlass java/time/ZoneId
instanceKlass  @bci java/util/regex/CharPredicates ASCII_DIGIT ()Ljava/util/regex/Pattern$BmpCharPredicate; 0 <appendix> argL0 ; # java/util/regex/CharPredicates$$Lambda+0x800000024
instanceKlass  @bci java/util/regex/CharPredicates ASCII_SPACE ()Ljava/util/regex/Pattern$BmpCharPredicate; 0 <appendix> argL0 ; # java/util/regex/CharPredicates$$Lambda+0x800000025
instanceKlass java/util/regex/CharPredicates
instanceKlass sun/security/util/DisabledAlgorithmConstraints$Constraints$Holder
instanceKlass sun/security/util/DisabledAlgorithmConstraints$Constraint
instanceKlass java/util/StringTokenizer
instanceKlass java/security/spec/ECFieldF2m
instanceKlass java/security/spec/ECParameterSpec
instanceKlass java/security/spec/ECPoint
instanceKlass java/security/spec/EllipticCurve
instanceKlass java/security/spec/ECFieldFp
instanceKlass java/security/spec/ECField
instanceKlass sun/security/util/CurveDB
instanceKlass sun/security/util/DisabledAlgorithmConstraints$Constraints
instanceKlass java/util/TreeMap$PrivateEntryIterator
instanceKlass java/util/NavigableSet
instanceKlass java/util/SortedSet
instanceKlass sun/security/util/AbstractAlgorithmConstraints$1
instanceKlass sun/security/util/AlgorithmDecomposer
instanceKlass sun/security/util/DisabledAlgorithmConstraints$JarHolder
instanceKlass  @bci java/util/regex/Pattern DOT ()Ljava/util/regex/Pattern$CharPredicate; 0 <appendix> argL0 ; # java/util/regex/Pattern$$Lambda+0x0000022290069608
instanceKlass java/util/regex/ASCII
instanceKlass sun/security/util/AbstractAlgorithmConstraints
instanceKlass java/security/AlgorithmConstraints
instanceKlass sun/security/pkcs/SignerInfo
instanceKlass java/security/cert/PolicyQualifierInfo
instanceKlass sun/security/x509/CertificatePolicyId
instanceKlass sun/security/x509/PolicyInformation
instanceKlass sun/security/x509/DistributionPoint
instanceKlass sun/security/util/HostnameChecker
instanceKlass sun/security/x509/DNSName
instanceKlass sun/security/x509/URIName
instanceKlass sun/security/x509/GeneralName
instanceKlass sun/security/x509/AccessDescription
instanceKlass sun/security/x509/GeneralNames
instanceKlass java/lang/invoke/VarForm
instanceKlass java/lang/invoke/VarHandleGuards
instanceKlass java/lang/invoke/VarHandles
instanceKlass java/lang/System$Logger
instanceKlass jdk/internal/event/EventHelper
instanceKlass sun/security/jca/JCAUtil
instanceKlass sun/security/util/MemoryCache$CacheEntry
instanceKlass sun/security/x509/KeyIdentifier
instanceKlass java/util/TreeMap$Entry
# instanceKlass java/lang/invoke/LambdaForm$MH+0x0000022290014800
instanceKlass sun/security/x509/OIDMap$OIDInfo
instanceKlass sun/security/x509/PKIXExtensions
instanceKlass sun/security/x509/OIDMap
instanceKlass sun/security/x509/Extension
instanceKlass java/security/cert/Extension
instanceKlass java/util/Collections$SynchronizedMap
instanceKlass java/util/NavigableMap
instanceKlass java/util/SortedMap
instanceKlass sun/security/x509/CertificateExtensions
instanceKlass sun/security/rsa/RSAUtil
instanceKlass java/security/interfaces/RSAPublicKey
instanceKlass java/security/interfaces/RSAKey
instanceKlass java/security/spec/PSSParameterSpec
instanceKlass java/security/spec/AlgorithmParameterSpec
instanceKlass java/security/spec/RSAPrivateKeySpec
instanceKlass java/security/spec/RSAPublicKeySpec
instanceKlass java/security/KeyFactorySpi
instanceKlass sun/security/rsa/SunRsaSignEntries
instanceKlass sun/security/jca/ProviderList$ServiceList$1
instanceKlass java/security/KeyFactory
instanceKlass  @bci java/security/spec/EncodedKeySpec <clinit> ()V 0 <appendix> argL0 ; # java/security/spec/EncodedKeySpec$$Lambda+0x000002229005f9e0
instanceKlass  @cpi org/eclipse/aether/internal/impl/synccontext/named/NamedLockFactoryAdapterFactoryImpl 350 form vmentry <vmtarget> ; # java/lang/invoke/LambdaForm$DMH+0x0000022290014400
instanceKlass jdk/internal/access/JavaSecuritySpecAccess
instanceKlass java/security/spec/EncodedKeySpec
instanceKlass java/security/spec/KeySpec
instanceKlass sun/security/util/BitArray
instanceKlass sun/security/x509/X509Key
instanceKlass java/security/PublicKey
instanceKlass java/security/Key
instanceKlass sun/security/x509/CertificateX509Key
instanceKlass java/util/Date
instanceKlass sun/util/calendar/CalendarUtils
instanceKlass sun/util/calendar/CalendarDate
instanceKlass sun/util/calendar/CalendarSystem$GregorianHolder
instanceKlass sun/util/calendar/CalendarSystem
instanceKlass sun/security/x509/CertificateValidity
instanceKlass sun/security/x509/AVA
instanceKlass sun/security/x509/RDN
instanceKlass javax/security/auth/x500/X500Principal
instanceKlass  @bci sun/security/x509/X500Name <clinit> ()V 153 <appendix> argL0 ; # sun/security/x509/X500Name$$Lambda+0x000002229005d4d8
instanceKlass sun/security/x509/X500Name
instanceKlass sun/security/x509/GeneralNameInterface
instanceKlass sun/security/x509/CertificateAlgorithmId
instanceKlass sun/security/x509/SerialNumber
instanceKlass sun/security/x509/CertificateSerialNumber
instanceKlass sun/security/x509/CertificateVersion
instanceKlass sun/security/x509/X509CertInfo
instanceKlass sun/security/util/Cache$EqualByteArray
instanceKlass java/security/cert/X509Extension
instanceKlass java/lang/Byte$ByteCache
instanceKlass  @bci sun/security/util/DerInputStream seeOptionalContextSpecific (I)Z 2 <appendix> member <vmtarget> ; # sun/security/util/DerInputStream$$Lambda+0x000002229005ae08
instanceKlass  @cpi org/eclipse/jdt/internal/compiler/ClassFile 3307 form vmentry <vmtarget> ; # java/lang/invoke/LambdaForm$DMH+0x0000022290014000
instanceKlass sun/security/jca/GetInstance$Instance
instanceKlass sun/security/util/Cache
instanceKlass jdk/internal/event/Event
instanceKlass sun/security/jca/GetInstance
instanceKlass java/security/cert/CertificateFactorySpi
instanceKlass java/security/cert/CertificateFactory
instanceKlass sun/security/x509/AlgorithmId
instanceKlass sun/security/util/ByteArrayTagOrder
instanceKlass sun/security/util/ByteArrayLexOrder
instanceKlass sun/security/util/DerValue
instanceKlass sun/security/util/ObjectIdentifier
instanceKlass sun/security/pkcs/ContentInfo
instanceKlass sun/security/util/DerEncoder
instanceKlass sun/security/util/DerInputStream
instanceKlass sun/security/pkcs/PKCS7
instanceKlass java/util/Collections$EmptyIterator
instanceKlass java/util/LinkedHashMap$LinkedHashIterator
instanceKlass sun/security/util/SecurityProviderConstants
instanceKlass java/security/Provider$UString
instanceKlass java/security/Provider$Service
instanceKlass sun/security/provider/NativePRNG$NonBlocking
instanceKlass sun/security/provider/NativePRNG$Blocking
instanceKlass sun/security/provider/NativePRNG
instanceKlass sun/security/provider/SunEntries$1
instanceKlass sun/security/provider/SunEntries
instanceKlass sun/security/util/SecurityConstants
instanceKlass java/security/Security$1
instanceKlass jdk/internal/access/JavaSecurityPropertiesAccess
instanceKlass java/util/concurrent/ConcurrentHashMap$MapEntry
instanceKlass java/io/FileInputStream$1
instanceKlass java/util/Properties$LineReader
instanceKlass  @bci java/security/Security <clinit> ()V 9 <appendix> argL0 ; # java/security/Security$$Lambda+0x80000000b
instanceKlass java/security/Security
instanceKlass sun/security/jca/ProviderList$2
instanceKlass jdk/internal/math/FloatingDecimal$ASCIIToBinaryBuffer
instanceKlass jdk/internal/math/FloatingDecimal$PreparedASCIIToBinaryBuffer
instanceKlass jdk/internal/math/FloatingDecimal$ASCIIToBinaryConverter
instanceKlass jdk/internal/math/FloatingDecimal$BinaryToASCIIBuffer
instanceKlass jdk/internal/math/FloatingDecimal$ExceptionalBinaryToASCIIBuffer
instanceKlass jdk/internal/math/FloatingDecimal$BinaryToASCIIConverter
instanceKlass jdk/internal/math/FloatingDecimal
instanceKlass javax/security/auth/login/Configuration$Parameters
instanceKlass java/security/Policy$Parameters
instanceKlass java/security/cert/CertStoreParameters
instanceKlass java/security/SecureRandomParameters
instanceKlass java/security/Provider$EngineDescription
instanceKlass java/security/Provider$ServiceKey
instanceKlass sun/security/jca/ProviderConfig
instanceKlass sun/security/jca/ProviderList
instanceKlass sun/security/jca/Providers
instanceKlass  @bci sun/security/util/ManifestDigester <init> ([B)V 350 <appendix> argL0 ; # sun/security/util/ManifestDigester$$Lambda+0x000002229004e810
instanceKlass sun/security/util/ManifestDigester$Section
instanceKlass sun/security/util/ManifestDigester$Entry
instanceKlass sun/security/util/ManifestDigester$Position
instanceKlass sun/security/util/ManifestDigester
instanceKlass sun/security/util/ManifestEntryVerifier
instanceKlass jdk/internal/misc/ThreadTracker
instanceKlass java/util/jar/JarFile$ThreadTrackHolder
instanceKlass java/util/jar/JarVerifier
instanceKlass sun/nio/cs/ArrayDecoder
instanceKlass java/nio/charset/CharsetDecoder
instanceKlass sun/launcher/LauncherHelper
instanceKlass lombok/patcher/scripts/ScriptBuilder$SetSymbolDuringMethodCallBuilder
instanceKlass lombok/patcher/scripts/ScriptBuilder$ReplaceMethodCallBuilder
instanceKlass lombok/eclipse/agent/EclipsePatcher$4
instanceKlass lombok/eclipse/agent/EclipsePatcher$3
instanceKlass lombok/patcher/scripts/ScriptBuilder$WrapMethodCallBuilder
instanceKlass lombok/patcher/ScriptManager$WitnessAction
instanceKlass lombok/patcher/scripts/ScriptBuilder$WrapReturnValueBuilder
instanceKlass lombok/patcher/ClassRootFinder
instanceKlass lombok/patcher/scripts/ScriptBuilder$AddFieldBuilder
instanceKlass java/util/Collections$1
instanceKlass lombok/patcher/PatchScript$MethodPatcherFactory
instanceKlass org/lombokweb/asm/ClassVisitor
instanceKlass lombok/patcher/Hook
instanceKlass  @bci java/util/regex/Pattern negate (Ljava/util/regex/Pattern$CharPredicate;)Ljava/util/regex/Pattern$CharPredicate; 1 <appendix> member <vmtarget> ; # java/util/regex/Pattern$$Lambda+0x800000030
instanceKlass java/util/regex/Pattern$BitClass
instanceKlass lombok/patcher/MethodTarget
instanceKlass lombok/patcher/scripts/ScriptBuilder$ExitEarlyBuilder
instanceKlass lombok/patcher/scripts/ScriptBuilder
instanceKlass lombok/eclipse/agent/EclipseLoaderPatcher
instanceKlass lombok/eclipse/agent/EclipsePatcher$2
instanceKlass lombok/eclipse/agent/EclipsePatcher$1
# instanceKlass java/lang/invoke/LambdaForm$MH+0x000002229000d800
# instanceKlass java/lang/invoke/LambdaForm$MH+0x000002229000d400
# instanceKlass java/lang/invoke/LambdaForm$MH+0x000002229000d000
# instanceKlass java/lang/invoke/LambdaForm$MH+0x000002229000cc00
# instanceKlass java/lang/invoke/LambdaForm$BMH+0x000002229000c800
# instanceKlass java/lang/invoke/LambdaForm$DMH+0x000002229000c400
# instanceKlass java/lang/invoke/LambdaForm$DMH+0x000002229000c000
instanceKlass java/lang/instrument/ClassDefinition
instanceKlass lombok/patcher/ScriptManager$OurClassFileTransformer
instanceKlass lombok/patcher/Filter$1
instanceKlass lombok/patcher/TransplantMapper$1
instanceKlass java/lang/instrument/ClassFileTransformer
instanceKlass lombok/patcher/ScriptManager
instanceKlass lombok/patcher/TransplantMapper
instanceKlass lombok/patcher/Filter
instanceKlass lombok/patcher/PatchScript
instanceKlass lombok/patcher/TargetMatcher
instanceKlass lombok/eclipse/agent/EclipsePatcher
instanceKlass lombok/core/AgentLauncher$AgentLaunchable
# instanceKlass java/lang/invoke/LambdaForm$MH+0x0000022290008c00
# instanceKlass java/lang/invoke/LambdaForm$MH+0x0000022290008800
# instanceKlass java/lang/invoke/LambdaForm$MH+0x0000022290008400
# instanceKlass java/lang/invoke/LambdaForm$MH+0x0000022290008000
# instanceKlass java/lang/invoke/LambdaForm$DMH+0x0000022290007c00
# instanceKlass java/lang/invoke/LambdaForm$DMH+0x0000022290007800
instanceKlass  @cpi org/gradle/internal/collect/PersistentMapTrie 324 form vmentry <vmtarget> ; # java/lang/invoke/LambdaForm$DMH+0x0000022290007400
instanceKlass java/lang/ClassValue$Version
instanceKlass java/lang/ClassValue$Identity
instanceKlass java/lang/ClassValue
instanceKlass java/lang/invoke/MethodHandleImpl$ArrayAccessor
instanceKlass java/lang/invoke/MethodHandleImpl$LoopClauses
instanceKlass java/lang/invoke/MethodHandleImpl$CasesHolder
# instanceKlass java/lang/invoke/LambdaForm$MH+0x0000022290007000
instanceKlass  @cpi org/eclipse/jdt/internal/core/SearchableEnvironment 1281 form vmentry <vmtarget> ; # java/lang/invoke/LambdaForm$DMH+0x0000022290006c00
# instanceKlass java/lang/invoke/LambdaForm$MH+0x0000022290006800
# instanceKlass java/lang/invoke/LambdaForm$MH+0x0000022290006400
# instanceKlass java/lang/invoke/LambdaForm$MH+0x0000022290006000
# instanceKlass java/lang/invoke/LambdaForm$BMH+0x0000022290005c00
# instanceKlass java/lang/invoke/LambdaForm$DMH+0x0000022290005800
# instanceKlass java/lang/invoke/LambdaForm$MH+0x0000022290005400
# instanceKlass java/lang/invoke/LambdaForm$DMH+0x0000022290005000
instanceKlass java/lang/invoke/ClassSpecializer$Factory$1Var
instanceKlass java/lang/invoke/MethodHandles$1
# instanceKlass java/lang/invoke/LambdaForm$DMH+0x0000022290004c00
instanceKlass sun/invoke/util/ValueConversions$1
instanceKlass sun/invoke/util/ValueConversions$WrapperCache
# instanceKlass java/lang/invoke/LambdaForm$DMH+0x0000022290004800
instanceKlass jdk/internal/foreign/MemorySessionImpl
instanceKlass java/lang/foreign/MemorySegment$Scope
instanceKlass lombok/core/AgentLauncher$AgentInfo
instanceKlass lombok/core/AgentLauncher
instanceKlass java/util/IdentityHashMap$IdentityHashMapIterator
instanceKlass lombok/launch/ClassFileMetaData
instanceKlass sun/net/www/MessageHeader
instanceKlass sun/net/www/protocol/jar/JarFileFactory
instanceKlass sun/net/www/protocol/jar/URLJarFile$URLJarFileCloseController
instanceKlass java/net/URLConnection
instanceKlass java/util/zip/ZipFile$ZipEntryIterator
instanceKlass java/util/WeakHashMap$HashIterator
instanceKlass java/net/URLDecoder
instanceKlass java/util/regex/IntHashSet
instanceKlass java/util/regex/Matcher
instanceKlass java/util/regex/MatchResult
instanceKlass java/util/regex/Pattern$TreeInfo
instanceKlass  @bci java/util/regex/Pattern Single (I)Ljava/util/regex/Pattern$BmpCharPredicate; 1 <appendix> member <vmtarget> ; # java/util/regex/Pattern$$Lambda+0x800000028
instanceKlass java/util/regex/Pattern$BmpCharPredicate
instanceKlass java/util/regex/Pattern$CharPredicate
instanceKlass java/util/regex/Pattern$Node
instanceKlass java/util/regex/Pattern
instanceKlass jdk/internal/jimage/ImageLocation
instanceKlass jdk/internal/jimage/decompressor/Decompressor
instanceKlass jdk/internal/jimage/ImageStringsReader
instanceKlass jdk/internal/jimage/ImageStrings
instanceKlass jdk/internal/jimage/ImageHeader
instanceKlass jdk/internal/jimage/NativeImageBuffer$1
instanceKlass jdk/internal/jimage/NativeImageBuffer
instanceKlass jdk/internal/jimage/BasicImageReader$1
instanceKlass jdk/internal/jimage/BasicImageReader
instanceKlass jdk/internal/jimage/ImageReader
instanceKlass jdk/internal/jimage/ImageReaderFactory$1
instanceKlass java/net/URI$Parser
instanceKlass java/nio/file/FileSystems$DefaultFileSystemHolder$1
instanceKlass java/nio/file/FileSystems$DefaultFileSystemHolder
instanceKlass java/nio/file/FileSystems
instanceKlass java/nio/file/Paths
instanceKlass jdk/internal/jimage/ImageReaderFactory
instanceKlass jdk/internal/module/SystemModuleFinders$SystemImage
instanceKlass jdk/internal/module/SystemModuleFinders$SystemModuleReader
instanceKlass java/lang/module/ModuleReader
instanceKlass jdk/internal/loader/BuiltinClassLoader$5
instanceKlass jdk/internal/loader/BuiltinClassLoader$2
instanceKlass jdk/internal/module/Resources
instanceKlass java/util/Arrays$ArrayItr
instanceKlass lombok/launch/PackageShader
instanceKlass java/io/Reader
instanceKlass java/lang/Readable
instanceKlass lombok/launch/Main
instanceKlass  @bci jdk/internal/reflect/DirectConstructorHandleAccessor invokeImpl ([Ljava/lang/Object;)Ljava/lang/Object; 88 <adapter> ; # java/lang/invoke/LambdaForm$MH+0x0000022290002c00
# instanceKlass java/lang/invoke/LambdaForm$MH+0x0000022290002800
# instanceKlass java/lang/invoke/LambdaForm$MH+0x0000022290002400
# instanceKlass java/lang/invoke/LambdaForm$MH+0x0000022290002000
instanceKlass  @bci org/eclipse/jdt/ls/core/internal/managers/ScalaGradleSupport addDefaultScalaOutputPath (Ljava/io/File;Ljava/lang/String;Ljava/util/List;)V 21 <appendix> form vmentry <vmtarget> ; # java/lang/invoke/LambdaForm$MH+0x0000022290001c00
# instanceKlass java/lang/invoke/LambdaForm$MH+0x0000022290001800
instanceKlass sun/instrument/InstrumentationImpl$1
instanceKlass lombok/launch/Agent
instanceKlass java/security/SecureClassLoader$DebugHolder
instanceKlass java/security/Permission
instanceKlass java/security/Guard
instanceKlass java/security/PermissionCollection
instanceKlass java/security/SecureClassLoader$1
instanceKlass java/util/zip/Checksum$1
instanceKlass java/util/zip/CRC32
instanceKlass java/util/zip/Checksum
instanceKlass sun/nio/ByteBuffered
instanceKlass java/lang/Package$VersionInfo
instanceKlass java/lang/NamedPackage
instanceKlass java/util/jar/Attributes$Name
instanceKlass java/util/jar/Attributes
instanceKlass jdk/internal/loader/Resource
instanceKlass sun/security/action/GetIntegerAction
instanceKlass sun/security/util/Debug
instanceKlass sun/security/util/SignatureFileVerifier
instanceKlass java/util/zip/ZipFile$InflaterCleanupAction
instanceKlass java/util/zip/Inflater$InflaterZStreamRef
instanceKlass java/util/zip/Inflater
instanceKlass java/util/zip/ZipEntry
instanceKlass java/util/zip/ZipFile$2
instanceKlass java/nio/Bits$1
instanceKlass jdk/internal/misc/VM$BufferPool
instanceKlass java/nio/Bits
instanceKlass sun/nio/ch/DirectBuffer
instanceKlass jdk/internal/perf/PerfCounter$CoreCounters
instanceKlass jdk/internal/perf/Perf
instanceKlass jdk/internal/perf/Perf$GetPerfAction
instanceKlass jdk/internal/perf/PerfCounter
instanceKlass sun/util/locale/LocaleObjectCache
instanceKlass sun/util/locale/BaseLocale$Key
instanceKlass sun/util/locale/LocaleUtils
instanceKlass sun/util/locale/BaseLocale
instanceKlass java/util/Locale
instanceKlass java/nio/file/attribute/FileTime
instanceKlass java/lang/StringCoding
instanceKlass java/util/zip/ZipUtils
instanceKlass java/util/zip/ZipFile$Source$End
instanceKlass java/io/RandomAccessFile$2
instanceKlass jdk/internal/access/JavaIORandomAccessFileAccess
instanceKlass java/io/RandomAccessFile
instanceKlass java/io/DataInput
instanceKlass java/io/DataOutput
instanceKlass sun/nio/fs/WindowsNativeDispatcher$CompletionStatus
instanceKlass sun/nio/fs/WindowsNativeDispatcher$AclInformation
instanceKlass sun/nio/fs/WindowsNativeDispatcher$Account
instanceKlass sun/nio/fs/WindowsNativeDispatcher$DiskFreeSpace
instanceKlass sun/nio/fs/WindowsNativeDispatcher$VolumeInformation
instanceKlass sun/nio/fs/WindowsNativeDispatcher$FirstStream
instanceKlass sun/nio/fs/WindowsNativeDispatcher$FirstFile
instanceKlass java/util/Enumeration
instanceKlass java/util/concurrent/ConcurrentHashMap$Traverser
instanceKlass sun/nio/fs/WindowsNativeDispatcher
instanceKlass sun/nio/fs/NativeBuffer$Deallocator
instanceKlass sun/nio/fs/NativeBuffer
instanceKlass java/lang/ThreadLocal$ThreadLocalMap
instanceKlass java/lang/ThreadLocal
instanceKlass sun/nio/fs/NativeBuffers
instanceKlass sun/nio/fs/WindowsFileAttributes
instanceKlass java/nio/file/attribute/DosFileAttributes
instanceKlass sun/nio/fs/AbstractBasicFileAttributeView
instanceKlass sun/nio/fs/DynamicFileAttributeView
instanceKlass sun/nio/fs/WindowsFileAttributeViews
instanceKlass sun/nio/fs/Util
instanceKlass java/nio/file/attribute/BasicFileAttributeView
instanceKlass java/nio/file/attribute/FileAttributeView
instanceKlass java/nio/file/attribute/AttributeView
instanceKlass java/nio/file/Files
instanceKlass java/nio/file/CopyOption
instanceKlass java/nio/file/attribute/BasicFileAttributes
instanceKlass sun/nio/fs/WindowsPath
instanceKlass java/util/zip/ZipFile$Source$Key
instanceKlass sun/nio/fs/WindowsPathParser$Result
instanceKlass sun/nio/fs/WindowsPathParser
instanceKlass java/nio/file/FileSystem
instanceKlass java/util/concurrent/ForkJoinPool$ManagedBlocker
instanceKlass java/util/concurrent/locks/AbstractQueuedSynchronizer$Node
instanceKlass java/nio/file/OpenOption
instanceKlass java/nio/file/spi/FileSystemProvider
instanceKlass sun/nio/fs/DefaultFileSystemProvider
instanceKlass java/util/zip/ZipFile$Source
instanceKlass java/lang/ref/Cleaner$Cleanable
instanceKlass jdk/internal/ref/CleanerImpl
instanceKlass java/lang/ref/Cleaner$1
instanceKlass java/lang/ref/Cleaner
instanceKlass jdk/internal/ref/CleanerFactory$1
instanceKlass java/util/concurrent/ThreadFactory
instanceKlass jdk/internal/ref/CleanerFactory
instanceKlass java/util/zip/ZipCoder
instanceKlass java/util/zip/ZipFile$CleanableResource
instanceKlass java/lang/Runtime$Version
instanceKlass java/util/jar/JavaUtilJarAccessImpl
instanceKlass jdk/internal/access/JavaUtilJarAccess
instanceKlass jdk/internal/loader/FileURLMapper
instanceKlass jdk/internal/loader/URLClassPath$JarLoader$1
instanceKlass java/util/zip/ZipFile$1
instanceKlass jdk/internal/access/JavaUtilZipFileAccess
instanceKlass java/util/zip/ZipFile
instanceKlass java/util/zip/ZipConstants
instanceKlass jdk/internal/loader/URLClassPath$Loader
instanceKlass jdk/internal/loader/URLClassPath$3
instanceKlass java/security/PrivilegedExceptionAction
instanceKlass sun/net/util/URLUtil
instanceKlass sun/instrument/TransformerManager$TransformerInfo
instanceKlass sun/instrument/TransformerManager
instanceKlass jdk/internal/loader/NativeLibraries$3
instanceKlass jdk/internal/loader/NativeLibrary
instanceKlass java/util/ArrayDeque$DeqIterator
instanceKlass jdk/internal/loader/NativeLibraries$NativeLibraryContext$1
instanceKlass jdk/internal/loader/NativeLibraries$NativeLibraryContext
instanceKlass jdk/internal/loader/NativeLibraries$2
instanceKlass jdk/internal/loader/NativeLibraries$1
instanceKlass jdk/internal/loader/NativeLibraries$LibraryPaths
instanceKlass  @bci sun/instrument/InstrumentationImpl <clinit> ()V 16 <appendix> argL0 ; # sun/instrument/InstrumentationImpl$$Lambda+0x0000022290042df0
instanceKlass sun/instrument/InstrumentationImpl
instanceKlass java/lang/instrument/Instrumentation
instanceKlass java/lang/invoke/StringConcatFactory
instanceKlass jdk/internal/module/ModuleBootstrap$SafeModuleFinder
instanceKlass  @bci java/lang/WeakPairMap computeIfAbsent (Ljava/lang/Object;Ljava/lang/Object;Ljava/util/function/BiFunction;)Ljava/lang/Object; 18 <appendix> member <vmtarget> ; # java/lang/WeakPairMap$$Lambda+0x0000022290042678
instanceKlass  @bci java/lang/Module implAddExportsOrOpens (Ljava/lang/String;Ljava/lang/Module;ZZ)V 145 <appendix> argL0 ; # java/lang/Module$$Lambda+0x0000022290041d20
instanceKlass  @bci jdk/internal/module/ModuleBootstrap decode (Ljava/lang/String;Ljava/lang/String;Z)Ljava/util/Map; 193 <appendix> argL0 ; # jdk/internal/module/ModuleBootstrap$$Lambda+0x0000022290041ae0
instanceKlass java/lang/ModuleLayer$Controller
instanceKlass java/util/concurrent/CopyOnWriteArrayList
instanceKlass jdk/internal/module/ServicesCatalog$ServiceProvider
instanceKlass jdk/internal/loader/AbstractClassLoaderValue$Memoizer
instanceKlass jdk/internal/module/ModuleLoaderMap$Modules
instanceKlass jdk/internal/module/ModuleLoaderMap$Mapper
instanceKlass jdk/internal/module/ModuleLoaderMap
instanceKlass java/lang/module/ResolvedModule
instanceKlass java/util/Collections$UnmodifiableCollection$1
instanceKlass java/util/SequencedMap
instanceKlass java/util/SequencedSet
instanceKlass java/lang/ModuleLayer
instanceKlass java/util/ImmutableCollections$ListItr
instanceKlass java/util/ListIterator
instanceKlass java/lang/module/ModuleFinder$1
instanceKlass java/nio/file/Path
instanceKlass java/nio/file/Watchable
instanceKlass java/lang/module/Resolver
instanceKlass java/lang/module/Configuration
instanceKlass java/util/stream/ForEachOps$ForEachOp
instanceKlass java/util/stream/ForEachOps
instanceKlass  @bci jdk/internal/module/ModuleBootstrap boot2 ()Ljava/lang/ModuleLayer; 791 <appendix> member <vmtarget> ; # jdk/internal/module/ModuleBootstrap$$Lambda+0x00000222900410b0
instanceKlass  @cpi org/eclipse/jdt/internal/core/index/MetaIndex 213 form vmentry <vmtarget> ; # java/lang/invoke/LambdaForm$DMH+0x0000022290000c00
instanceKlass  @bci jdk/internal/module/ModuleBootstrap boot2 ()Ljava/lang/ModuleLayer; 779 <appendix> member <vmtarget> ; # jdk/internal/module/ModuleBootstrap$$Lambda+0x0000022290040e58
instanceKlass  @bci jdk/internal/module/ModuleBootstrap boot2 ()Ljava/lang/ModuleLayer; 767 <appendix> argL0 ; # jdk/internal/module/ModuleBootstrap$$Lambda+0x0000022290040c18
instanceKlass  @bci jdk/internal/module/ModuleBootstrap boot2 ()Ljava/lang/ModuleLayer; 757 <appendix> argL0 ; # jdk/internal/module/ModuleBootstrap$$Lambda+0x00000222900409d8
instanceKlass  @bci java/util/stream/FindOps$FindSink$OfRef <clinit> ()V 43 <appendix> argL0 ; # java/util/stream/FindOps$FindSink$OfRef$$Lambda+0x800000047
instanceKlass  @bci java/util/stream/FindOps$FindSink$OfRef <clinit> ()V 38 <appendix> argL0 ; # java/util/stream/FindOps$FindSink$OfRef$$Lambda+0x800000049
instanceKlass  @bci java/util/stream/FindOps$FindSink$OfRef <clinit> ()V 16 <appendix> argL0 ; # java/util/stream/FindOps$FindSink$OfRef$$Lambda+0x800000048
instanceKlass  @bci java/util/stream/FindOps$FindSink$OfRef <clinit> ()V 11 <appendix> argL0 ; # java/util/stream/FindOps$FindSink$OfRef$$Lambda+0x80000004a
instanceKlass java/util/stream/FindOps$FindOp
instanceKlass java/util/stream/FindOps$FindSink
instanceKlass java/util/stream/FindOps
instanceKlass  @bci jdk/internal/module/DefaultRoots exportsAPI (Ljava/lang/module/ModuleDescriptor;)Z 9 <appendix> argL0 ; # jdk/internal/module/DefaultRoots$$Lambda+0x800000050
instanceKlass java/util/stream/Sink$ChainedReference
instanceKlass java/util/stream/ReduceOps$AccumulatingSink
instanceKlass java/util/stream/TerminalSink
instanceKlass java/util/stream/Sink
instanceKlass java/util/function/Consumer
instanceKlass java/util/stream/ReduceOps$Box
instanceKlass java/util/stream/ReduceOps$ReduceOp
instanceKlass java/util/stream/TerminalOp
instanceKlass java/util/stream/ReduceOps
instanceKlass  @bci java/util/stream/Collectors castingIdentity ()Ljava/util/function/Function; 0 <appendix> argL0 ; # java/util/stream/Collectors$$Lambda+0x800000041
instanceKlass  @bci java/util/stream/Collectors toSet ()Ljava/util/stream/Collector; 14 <appendix> argL0 ; # java/util/stream/Collectors$$Lambda+0x80000003f
instanceKlass java/util/function/BinaryOperator
instanceKlass  @bci java/util/stream/Collectors toSet ()Ljava/util/stream/Collector; 9 <appendix> argL0 ; # java/util/stream/Collectors$$Lambda+0x800000038
instanceKlass java/util/function/BiConsumer
instanceKlass  @bci java/util/stream/Collectors toSet ()Ljava/util/stream/Collector; 4 <appendix> argL0 ; # java/util/stream/Collectors$$Lambda+0x800000044
instanceKlass java/util/stream/Collector
instanceKlass java/util/Collections$UnmodifiableCollection
instanceKlass java/util/stream/Collectors
instanceKlass  @bci jdk/internal/module/DefaultRoots compute (Ljava/lang/module/ModuleFinder;Ljava/lang/module/ModuleFinder;)Ljava/util/Set; 42 <appendix> argL0 ; # jdk/internal/module/DefaultRoots$$Lambda+0x80000004d
instanceKlass  @bci jdk/internal/module/DefaultRoots compute (Ljava/lang/module/ModuleFinder;Ljava/lang/module/ModuleFinder;)Ljava/util/Set; 32 <appendix> member <vmtarget> ; # jdk/internal/module/DefaultRoots$$Lambda+0x800000051
instanceKlass  @bci jdk/internal/module/DefaultRoots compute (Ljava/lang/module/ModuleFinder;Ljava/lang/module/ModuleFinder;)Ljava/util/Set; 21 <appendix> argL0 ; # jdk/internal/module/DefaultRoots$$Lambda+0x80000004e
instanceKlass  @bci org/eclipse/jdt/ls/core/internal/handlers/WorkspaceDiagnosticsHandler checkPreviewFeatureValidity (Ljava/util/List;)V 6 <appendix> form vmentry <vmtarget> ; # java/lang/invoke/LambdaForm$MH+0x0000022290000800
instanceKlass  @bci jdk/internal/module/DefaultRoots compute (Ljava/lang/module/ModuleFinder;Ljava/lang/module/ModuleFinder;)Ljava/util/Set; 11 <appendix> argL0 ; # jdk/internal/module/DefaultRoots$$Lambda+0x80000004f
instanceKlass java/lang/invoke/LambdaProxyClassArchive
instanceKlass java/lang/invoke/InfoFromMemberName
instanceKlass java/lang/invoke/MethodHandleInfo
instanceKlass jdk/internal/org/objectweb/asm/ConstantDynamic
instanceKlass jdk/internal/org/objectweb/asm/Handle
instanceKlass sun/security/action/GetBooleanAction
instanceKlass java/lang/invoke/AbstractValidatingLambdaMetafactory
instanceKlass java/lang/invoke/BootstrapMethodInvoker
instanceKlass java/util/function/Predicate
instanceKlass java/lang/WeakPairMap$Pair$Lookup
instanceKlass java/lang/WeakPairMap$Pair
instanceKlass java/lang/WeakPairMap
instanceKlass java/lang/Module$ReflectionData
instanceKlass java/lang/invoke/LambdaMetafactory
# instanceKlass java/lang/invoke/LambdaForm$MH+0x0000022290000400
instanceKlass java/lang/invoke/MethodHandles$Lookup$ClassDefiner
instanceKlass java/lang/invoke/MethodHandles$Lookup$ClassFile
instanceKlass jdk/internal/org/objectweb/asm/Handler
instanceKlass jdk/internal/org/objectweb/asm/Attribute
instanceKlass jdk/internal/org/objectweb/asm/FieldVisitor
instanceKlass java/util/ArrayList$Itr
instanceKlass sun/invoke/empty/Empty
instanceKlass sun/invoke/util/VerifyType
instanceKlass java/lang/invoke/InvokerBytecodeGenerator$ClassData
instanceKlass jdk/internal/org/objectweb/asm/AnnotationVisitor
instanceKlass jdk/internal/org/objectweb/asm/Frame
instanceKlass jdk/internal/org/objectweb/asm/Label
instanceKlass jdk/internal/org/objectweb/asm/Type
instanceKlass jdk/internal/org/objectweb/asm/MethodVisitor
instanceKlass sun/invoke/util/BytecodeDescriptor
instanceKlass jdk/internal/org/objectweb/asm/ByteVector
instanceKlass jdk/internal/org/objectweb/asm/Symbol
instanceKlass jdk/internal/org/objectweb/asm/SymbolTable
instanceKlass jdk/internal/org/objectweb/asm/ClassVisitor
instanceKlass java/lang/invoke/LambdaFormBuffer
instanceKlass java/lang/invoke/LambdaFormEditor$TransformKey
instanceKlass java/lang/invoke/LambdaFormEditor
instanceKlass java/lang/invoke/Invokers$Holder
instanceKlass java/lang/invoke/DelegatingMethodHandle$Holder
instanceKlass java/lang/invoke/DirectMethodHandle$2
instanceKlass java/lang/invoke/ClassSpecializer$Factory
instanceKlass java/lang/invoke/ClassSpecializer$SpeciesData
instanceKlass java/lang/invoke/ClassSpecializer$1
instanceKlass java/lang/invoke/ClassSpecializer
instanceKlass java/lang/invoke/InvokerBytecodeGenerator$1
instanceKlass java/lang/invoke/InvokerBytecodeGenerator
instanceKlass java/lang/invoke/LambdaForm$Holder
instanceKlass java/lang/invoke/LambdaForm$Name
instanceKlass java/lang/reflect/Array
instanceKlass java/lang/invoke/Invokers
instanceKlass sun/invoke/util/ValueConversions
instanceKlass java/lang/invoke/DirectMethodHandle$Holder
instanceKlass java/lang/Void
instanceKlass sun/invoke/util/Wrapper$Format
instanceKlass java/lang/invoke/MethodHandleImpl$1
instanceKlass jdk/internal/access/JavaLangInvokeAccess
instanceKlass java/lang/invoke/LambdaForm$NamedFunction
instanceKlass java/lang/invoke/MethodHandleImpl
instanceKlass jdk/internal/reflect/MethodHandleAccessorFactory$LazyStaticHolder
instanceKlass java/lang/invoke/MethodTypeForm
instanceKlass jdk/internal/util/StrongReferenceKey
instanceKlass jdk/internal/util/ReferenceKey
instanceKlass jdk/internal/util/ReferencedKeyMap
instanceKlass java/lang/invoke/MethodType$1
instanceKlass sun/reflect/annotation/AnnotationParser
instanceKlass java/lang/Class$3
instanceKlass java/lang/PublicMethods$Key
instanceKlass java/lang/PublicMethods$MethodList
instanceKlass java/util/EnumMap$1
instanceKlass java/util/stream/StreamOpFlag$MaskBuilder
instanceKlass java/util/stream/Stream
instanceKlass java/util/stream/BaseStream
instanceKlass java/util/stream/PipelineHelper
instanceKlass java/util/stream/StreamSupport
instanceKlass java/util/Spliterators$IteratorSpliterator
instanceKlass java/util/Spliterator$OfDouble
instanceKlass java/util/Spliterator$OfLong
instanceKlass java/util/Spliterator$OfInt
instanceKlass java/util/Spliterator$OfPrimitive
instanceKlass java/util/Spliterator
instanceKlass java/util/Spliterators$EmptySpliterator
instanceKlass java/util/Spliterators
instanceKlass jdk/internal/module/DefaultRoots
instanceKlass jdk/internal/loader/BuiltinClassLoader$LoadedModule
instanceKlass jdk/internal/loader/AbstractClassLoaderValue
instanceKlass jdk/internal/module/ServicesCatalog
instanceKlass java/util/Deque
instanceKlass java/util/Queue
instanceKlass sun/net/util/IPAddressUtil$MASKS
instanceKlass sun/net/util/IPAddressUtil
instanceKlass java/net/URLStreamHandler
instanceKlass sun/net/www/ParseUtil
instanceKlass java/net/URL$3
instanceKlass jdk/internal/access/JavaNetURLAccess
instanceKlass java/net/URL$DefaultFactory
instanceKlass java/net/URLStreamHandlerFactory
instanceKlass jdk/internal/loader/URLClassPath
instanceKlass java/security/Principal
instanceKlass java/security/ProtectionDomain$Key
instanceKlass java/security/ProtectionDomain$JavaSecurityAccessImpl
instanceKlass jdk/internal/access/JavaSecurityAccess
instanceKlass java/lang/ClassLoader$ParallelLoaders
instanceKlass java/security/cert/Certificate
instanceKlass jdk/internal/loader/ArchivedClassLoaders
instanceKlass java/util/concurrent/ConcurrentHashMap$CollectionView
instanceKlass jdk/internal/loader/ClassLoaderHelper
instanceKlass jdk/internal/loader/NativeLibraries
instanceKlass java/lang/Module$EnableNativeAccess
instanceKlass jdk/internal/loader/BootLoader
instanceKlass java/util/Optional
instanceKlass jdk/internal/module/SystemModuleFinders$SystemModuleFinder
instanceKlass java/lang/module/ModuleFinder
instanceKlass jdk/internal/module/SystemModuleFinders$3
instanceKlass jdk/internal/module/ModuleHashes$HashSupplier
instanceKlass jdk/internal/module/SystemModuleFinders$2
instanceKlass java/util/function/Supplier
instanceKlass java/lang/module/ModuleReference
instanceKlass jdk/internal/module/ModuleResolution
instanceKlass java/util/Collections$UnmodifiableMap
instanceKlass jdk/internal/module/ModuleHashes$Builder
instanceKlass jdk/internal/module/ModuleHashes
instanceKlass jdk/internal/module/ModuleTarget
instanceKlass java/util/ImmutableCollections$Set12$1
instanceKlass java/lang/reflect/AccessFlag$18
instanceKlass java/lang/reflect/AccessFlag$17
instanceKlass java/lang/reflect/AccessFlag$16
instanceKlass java/lang/reflect/AccessFlag$15
instanceKlass java/lang/reflect/AccessFlag$14
instanceKlass java/lang/reflect/AccessFlag$13
instanceKlass java/lang/reflect/AccessFlag$12
instanceKlass java/lang/reflect/AccessFlag$11
instanceKlass java/lang/reflect/AccessFlag$10
instanceKlass java/lang/reflect/AccessFlag$9
instanceKlass java/lang/reflect/AccessFlag$8
instanceKlass java/lang/reflect/AccessFlag$7
instanceKlass java/lang/reflect/AccessFlag$6
instanceKlass java/lang/reflect/AccessFlag$5
instanceKlass java/lang/reflect/AccessFlag$4
instanceKlass java/lang/reflect/AccessFlag$3
instanceKlass java/lang/reflect/AccessFlag$2
instanceKlass java/lang/reflect/AccessFlag$1
instanceKlass java/lang/module/ModuleDescriptor$Version
instanceKlass java/lang/module/ModuleDescriptor$Provides
instanceKlass java/lang/module/ModuleDescriptor$Opens
instanceKlass java/util/ImmutableCollections$SetN$SetNIterator
instanceKlass java/lang/module/ModuleDescriptor$Exports
instanceKlass java/lang/module/ModuleDescriptor$Requires
instanceKlass jdk/internal/module/Builder
instanceKlass jdk/internal/module/SystemModules$all
instanceKlass jdk/internal/module/SystemModules
instanceKlass jdk/internal/module/SystemModulesMap
instanceKlass java/net/URI$1
instanceKlass jdk/internal/access/JavaNetUriAccess
instanceKlass java/net/URI
instanceKlass jdk/internal/module/SystemModuleFinders
instanceKlass jdk/internal/module/ArchivedModuleGraph
instanceKlass jdk/internal/module/ArchivedBootLayer
instanceKlass jdk/internal/module/ModuleBootstrap$Counters
instanceKlass jdk/internal/module/ModulePatcher
instanceKlass java/io/FileSystem
instanceKlass java/io/DefaultFileSystem
instanceKlass java/io/File
instanceKlass java/lang/module/ModuleDescriptor$1
instanceKlass jdk/internal/access/JavaLangModuleAccess
instanceKlass sun/invoke/util/VerifyAccess
instanceKlass java/util/KeyValueHolder
instanceKlass java/util/ImmutableCollections$MapN$MapNIterator
instanceKlass java/lang/StrictMath
instanceKlass java/lang/invoke/MethodHandles$Lookup
instanceKlass java/lang/invoke/MemberName$Factory
instanceKlass java/lang/invoke/MethodHandles
instanceKlass java/lang/module/ModuleDescriptor
instanceKlass jdk/internal/module/ModuleBootstrap
instanceKlass java/lang/Character$CharacterCache
instanceKlass java/util/HexFormat
instanceKlass jdk/internal/util/ClassFileDumper
instanceKlass sun/security/action/GetPropertyAction
instanceKlass java/lang/invoke/MethodHandleStatics
instanceKlass jdk/internal/misc/Blocker
instanceKlass java/util/concurrent/locks/AbstractQueuedSynchronizer$ConditionObject
instanceKlass java/util/concurrent/locks/Condition
instanceKlass java/util/Collections
instanceKlass java/lang/Thread$ThreadIdentifiers
instanceKlass sun/io/Win32ErrorMode
instanceKlass jdk/internal/misc/OSEnvironment
instanceKlass java/lang/Integer$IntegerCache
instanceKlass jdk/internal/misc/Signal$NativeHandler
instanceKlass java/util/Hashtable$Entry
instanceKlass jdk/internal/misc/Signal
instanceKlass java/lang/Terminator$1
instanceKlass jdk/internal/misc/Signal$Handler
instanceKlass java/lang/Terminator
instanceKlass java/nio/ByteOrder
instanceKlass java/nio/Buffer$2
instanceKlass jdk/internal/access/JavaNioAccess
instanceKlass java/nio/Buffer$1
instanceKlass jdk/internal/misc/ScopedMemoryAccess
instanceKlass java/nio/charset/CodingErrorAction
instanceKlass sun/nio/cs/SingleByte
instanceKlass java/lang/StringUTF16
instanceKlass sun/nio/cs/MS1252$Holder
instanceKlass sun/nio/cs/ArrayEncoder
instanceKlass java/nio/charset/CharsetEncoder
instanceKlass java/io/Writer
instanceKlass java/io/PrintStream$1
instanceKlass jdk/internal/access/JavaIOPrintStreamAccess
instanceKlass jdk/internal/misc/InternalLock
instanceKlass java/io/OutputStream
instanceKlass java/io/Flushable
instanceKlass java/io/FileDescriptor$1
instanceKlass jdk/internal/access/JavaIOFileDescriptorAccess
instanceKlass java/io/FileDescriptor
instanceKlass jdk/internal/util/StaticProperty
instanceKlass jdk/internal/reflect/MethodHandleAccessorFactory
instanceKlass java/lang/reflect/Modifier
instanceKlass java/lang/Class$1
instanceKlass java/lang/Class$Atomic
instanceKlass java/lang/Class$ReflectionData
instanceKlass java/nio/charset/StandardCharsets
instanceKlass sun/nio/cs/HistoricallyNamedCharset
instanceKlass java/nio/charset/spi/CharsetProvider
instanceKlass java/nio/charset/Charset
instanceKlass java/util/HashMap$HashIterator
instanceKlass java/util/concurrent/locks/LockSupport
instanceKlass java/util/concurrent/ConcurrentHashMap$Node
instanceKlass java/util/concurrent/ConcurrentHashMap$CounterCell
instanceKlass java/util/concurrent/locks/ReentrantLock
instanceKlass java/util/concurrent/locks/Lock
instanceKlass java/lang/CharacterData
instanceKlass java/util/Arrays
instanceKlass jdk/internal/util/Preconditions$3
instanceKlass jdk/internal/util/Preconditions$2
instanceKlass jdk/internal/util/Preconditions$4
instanceKlass java/util/function/BiFunction
instanceKlass jdk/internal/util/Preconditions$1
instanceKlass java/util/function/Function
instanceKlass jdk/internal/util/Preconditions
instanceKlass java/lang/Runtime
instanceKlass java/lang/VersionProps
instanceKlass java/lang/StringConcatHelper
instanceKlass java/util/HashMap$Node
instanceKlass java/util/Map$Entry
instanceKlass jdk/internal/util/ArraysSupport
instanceKlass jdk/internal/util/SystemProps$Raw
instanceKlass jdk/internal/util/SystemProps
instanceKlass java/lang/System$2
instanceKlass jdk/internal/access/JavaLangAccess
instanceKlass java/lang/ref/NativeReferenceQueue$Lock
instanceKlass java/lang/ref/ReferenceQueue
instanceKlass java/lang/ref/Reference$1
instanceKlass jdk/internal/access/JavaLangRefAccess
instanceKlass jdk/internal/reflect/ReflectionFactory
instanceKlass java/lang/Math
instanceKlass java/lang/StringLatin1
instanceKlass jdk/internal/reflect/Reflection
instanceKlass jdk/internal/reflect/ReflectionFactory$GetReflectionFactoryAction
instanceKlass java/security/PrivilegedAction
instanceKlass jdk/internal/access/SharedSecrets
instanceKlass java/lang/reflect/ReflectAccess
instanceKlass jdk/internal/access/JavaLangReflectAccess
instanceKlass java/util/ImmutableCollections
instanceKlass java/util/Objects
instanceKlass java/util/Set
instanceKlass jdk/internal/misc/CDS
instanceKlass java/lang/Module$ArchivedData
instanceKlass jdk/internal/misc/VM
instanceKlass java/lang/String$CaseInsensitiveComparator
instanceKlass java/util/Comparator
instanceKlass java/io/ObjectStreamField
instanceKlass jdk/internal/vm/FillerObject
instanceKlass jdk/internal/vm/vector/VectorSupport$VectorPayload
instanceKlass jdk/internal/vm/vector/VectorSupport
instanceKlass java/lang/reflect/RecordComponent
instanceKlass java/util/Iterator
instanceKlass java/lang/Number
instanceKlass java/lang/Character
instanceKlass java/lang/Boolean
instanceKlass java/util/concurrent/locks/AbstractOwnableSynchronizer
instanceKlass java/lang/LiveStackFrame
instanceKlass java/lang/StackFrameInfo
instanceKlass java/lang/StackWalker$StackFrame
instanceKlass java/lang/StackStreamFactory$AbstractStackWalker
instanceKlass java/lang/StackWalker
instanceKlass java/nio/Buffer
instanceKlass java/lang/StackTraceElement
instanceKlass java/util/RandomAccess
instanceKlass java/util/List
instanceKlass java/util/SequencedCollection
instanceKlass java/util/AbstractCollection
instanceKlass java/util/Collection
instanceKlass java/lang/Iterable
instanceKlass java/util/concurrent/ConcurrentMap
instanceKlass java/util/AbstractMap
instanceKlass java/security/CodeSource
instanceKlass jdk/internal/loader/ClassLoaders
instanceKlass java/util/jar/Manifest
instanceKlass java/lang/Enum
instanceKlass java/net/URL
instanceKlass java/io/InputStream
instanceKlass java/io/Closeable
instanceKlass java/lang/AutoCloseable
instanceKlass jdk/internal/module/Modules
instanceKlass jdk/internal/misc/Unsafe
instanceKlass jdk/internal/misc/UnsafeConstants
instanceKlass java/lang/AbstractStringBuilder
instanceKlass java/lang/Appendable
instanceKlass java/lang/AssertionStatusDirectives
instanceKlass jdk/internal/foreign/abi/ABIDescriptor
instanceKlass jdk/internal/foreign/abi/NativeEntryPoint
instanceKlass java/lang/invoke/CallSite
instanceKlass java/lang/invoke/MethodType
instanceKlass java/lang/invoke/TypeDescriptor$OfMethod
instanceKlass java/lang/invoke/LambdaForm
instanceKlass java/lang/invoke/MethodHandleNatives
instanceKlass java/lang/invoke/ResolvedMethodName
instanceKlass java/lang/invoke/MemberName
instanceKlass java/lang/invoke/VarHandle
instanceKlass java/lang/invoke/MethodHandle
instanceKlass jdk/internal/reflect/CallerSensitive
instanceKlass java/lang/annotation/Annotation
instanceKlass jdk/internal/reflect/FieldAccessor
instanceKlass jdk/internal/reflect/ConstantPool
instanceKlass jdk/internal/reflect/ConstructorAccessor
instanceKlass jdk/internal/reflect/MethodAccessor
instanceKlass jdk/internal/reflect/MagicAccessorImpl
instanceKlass jdk/internal/vm/StackChunk
instanceKlass jdk/internal/vm/Continuation
instanceKlass jdk/internal/vm/ContinuationScope
instanceKlass java/lang/reflect/Parameter
instanceKlass java/lang/reflect/Member
instanceKlass java/lang/reflect/AccessibleObject
instanceKlass java/lang/Module
instanceKlass java/util/Map
instanceKlass java/util/Dictionary
instanceKlass java/lang/ThreadGroup
instanceKlass java/lang/Thread$UncaughtExceptionHandler
instanceKlass java/lang/Thread$Constants
instanceKlass java/lang/Thread$FieldHolder
instanceKlass java/lang/Thread
instanceKlass java/lang/Runnable
instanceKlass java/lang/ref/Reference
instanceKlass java/lang/Record
instanceKlass java/security/AccessController
instanceKlass java/security/AccessControlContext
instanceKlass java/security/ProtectionDomain
instanceKlass java/lang/SecurityManager
instanceKlass java/lang/Throwable
instanceKlass java/lang/System
instanceKlass java/lang/ClassLoader
instanceKlass java/lang/Cloneable
instanceKlass java/lang/Class
instanceKlass java/lang/invoke/TypeDescriptor$OfField
instanceKlass java/lang/invoke/TypeDescriptor
instanceKlass java/lang/reflect/Type
instanceKlass java/lang/reflect/GenericDeclaration
instanceKlass java/lang/reflect/AnnotatedElement
instanceKlass java/lang/String
instanceKlass java/lang/constant/ConstantDesc
instanceKlass java/lang/constant/Constable
instanceKlass java/lang/CharSequence
instanceKlass java/lang/Comparable
instanceKlass java/io/Serializable
ciInstanceKlass java/lang/Object 1 1 124 7 1 10 12 1 1 10 7 12 1 1 1 10 7 12 1 1 1 10 12 1 1 8 1 10 12 1 1 10 7 12 1 1 1 10 12 1 10 12 1 1 10 7 12 1 1 1 10 12 1 10 12 1 7 1 10 7 12 1 1 1 10 12 1 1 10 12 1 100 1 8 1 10 12 1 3 8 1 7 1 5 0 1 1 1 1 1 1 1 1 1 1 1 1 1 1 1 1 7 1 1 1 1 1 1 1 1 1 1 7 1 1 1 1 1 1 1 1 1 1 3 1 1
ciMethod java/lang/Object equals (Ljava/lang/Object;)Z 1024 0 16193 0 -1
ciMethod java/lang/Object hashCode ()I 256 0 128 0 -1
ciMethod java/lang/Object clone ()Ljava/lang/Object; 256 0 128 0 -1
ciInstanceKlass java/io/Serializable 1 0 7 100 1 100 1 1 1
ciInstanceKlass java/lang/System 1 1 834 10 7 12 1 1 1 9 7 12 1 1 1 10 12 1 10 12 1 1 10 12 1 1 10 12 1 9 12 1 1 10 7 12 1 1 1 11 100 12 1 1 1 10 100 12 1 1 1 10 12 1 1 10 12 1 1 100 1 8 1 10 12 1 10 7 12 1 1 1 10 7 12 1 1 1 18 12 1 1 10 7 12 1 1 1 7 1 10 12 1 1 10 7 12 1 1 1 10 12 1 10 7 12 1 1 1 9 100 12 1 1 1 10 7 12 1 1 1 11 7 12 1 1 1 10 12 1 1 10 7 12 1 1 1 7 1 10 10 12 1 1 8 1 10 12 1 8 1 10 12 1 9 12 1 1 8 1 10 7 12 1 1 1 10 12 1 1 100 1 8 1 10 9 12 1 1 8 1 10 12 1 1 10 100 12 1 1 1 8 1 10 12 1 7 1 10 12 1 8 1 10 12 1 10 12 1 1 100 1 10 12 10 12 1 9 12 1 1 9 12 1 1 10 7 12 1 1 1 10 7 12 1 1 1 10 12 1 1 10 12 1 10 12 1 10 7 12 1 1 1 10 12 1 100 1 100 1 8 1 10 12 1 10 12 1 1 7 1 10 12 1 100 1 8 1 10 10 12 1 100 1 8 1 10 8 1 10 7 12 1 1 8 1 10 12 100 1 8 1 10 10 12 1 1 10 7 12 1 1 1 100 1 18 12 1 100 1 9 100 12 1 1 1 10 12 1 100 1 10 12 1 1 10 12 1 1 10 7 12 1 1 1 10 12 1 1 10 12 1 10 12 1 10 12 1 1 10 12 1 7 1 10 12 1 9 7 12 1 1 1 10 7 12 1 1 1 10 12 1 10 12 1 10 7 12 1 1 1 7 1 8 1 10 9 12 1 9 12 1 10 12 1 10 7 12 1 1 10 12 1 10 12 1 1 8 1 10 12 1 1 8 1 11 12 1 10 12 11 12 1 1 11 7 12 1 1 1 11 7 12 1 1 11 12 1 1 7 1 11 12 1 10 12 1 8 1 10 12 1 1 8 1 8 1 8 1 8 1 11 12 1 10 12 1 10 12 1 10 12 1 8 1 10 12 1 1 8 1 9 12 1 8 1 10 7 12 1 1 8 1 7 1 9 7 12 1 1 1 10 12 1 7 1 9 12 10 9 12 7 1 10 12 9 12 1 1 8 1 10 12 1 1 8 1 10 7 12 1 1 10 12 1 10 12 1 1 11 7 12 1 1 10 12 10 7 12 1 1 1 9 12 1 1 7 1 8 1 10 12 1 1 10 7 12 1 1 1 7 1 10 12 1 1 10 12 1 8 1 8 1 10 8 1 8 1 8 1 8 1 10 10 7 12 1 1 10 12 1 10 12 1 1 10 12 1 1 10 12 1 10 100 12 1 1 1 10 7 1 8 1 10 10 10 12 1 1 10 12 1 1 8 1 10 12 1 8 1 8 1 10 12 1 10 7 12 1 1 1 10 12 1 1 7 1 10 10 12 1 10 12 1 9 12 1 1 3 1 3 1 1 1 1 1 1 1 1 1 1 1 1 100 1 1 100 1 1 1 1 1 1 1 1 1 1 1 100 1 7 1 1 1 1 1 1 1 1 1 1 1 1 1 1 1 1 1 1 1 1 1 1 1 1 1 1 1 1 1 1 1 1 1 1 1 1 1 1 1 1 1 1 1 1 1 1 1 1 1 1 1 1 1 1 1 1 1 1 100 1 1 1 1 1 1 1 1 1 1 1 1 1 1 1 1 1 1 1 1 1 1 1 1 1 1 1 1 1 1 1 1 1 100 1 1 16 15 10 12 1 1 16 15 10 12 16 1 15 10 100 12 1 1 1 1 1 1 1 1 1 100 1 100 1 1
staticfield java/lang/System in Ljava/io/InputStream; java/io/ByteArrayInputStream
staticfield java/lang/System out Ljava/io/PrintStream; java/io/PrintStream
staticfield java/lang/System err Ljava/io/PrintStream; java/io/PrintStream
instanceKlass com/sun/jna/SecurityManagerExposer
instanceKlass org/eclipse/osgi/internal/permadmin/EquinoxSecurityManager
instanceKlass org/eclipse/osgi/internal/loader/BundleLoader$ClassContext
instanceKlass org/eclipse/osgi/internal/framework/ContextFinder$Finder
ciInstanceKlass java/lang/SecurityManager 1 1 576 10 7 12 1 1 1 9 7 12 1 1 1 10 7 12 1 1 1 100 1 8 1 10 12 1 10 12 1 1 10 7 12 1 1 1 10 7 1 10 100 1 10 9 100 12 1 1 1 10 7 12 1 1 1 10 12 1 1 10 7 12 1 1 100 1 8 1 10 9 12 1 1 9 12 1 8 1 9 12 1 7 1 10 8 1 10 12 1 1 10 12 1 10 12 1 1 100 1 10 10 12 1 1 100 1 8 1 10 12 1 8 1 8 1 8 1 8 1 8 1 8 1 10 12 1 8 1 8 1 8 1 8 1 8 1 10 7 12 1 1 1 10 12 1 1 8 1 100 1 8 1 10 8 1 8 1 8 1 8 1 8 1 10 100 12 1 1 8 1 100 1 8 1 8 1 10 8 1 10 12 1 100 1 8 1 10 10 12 1 1 10 12 1 10 12 1 10 12 1 10 7 12 1 1 1 10 12 1 10 7 12 1 1 11 7 12 1 1 1 18 12 1 1 11 7 12 1 1 1 18 12 1 1 11 12 1 1 18 18 11 12 1 18 12 1 11 12 1 1 9 12 1 1 9 12 1 9 12 1 9 12 1 7 1 10 7 12 1 1 10 12 1 10 12 1 18 12 1 18 10 7 12 1 1 1 18 12 1 10 12 1 18 18 8 1 10 12 1 9 12 1 1 11 7 12 1 1 1 8 1 100 1 10 12 1 10 12 1 1 10 12 1 1 9 12 1 1 10 12 1 10 12 1 1 8 1 100 1 10 9 12 1 8 1 10 12 1 8 1 100 1 10 10 7 12 1 1 10 7 1 9 7 12 1 1 1 11 12 1 1 10 12 1 11 12 1 10 12 1 7 1 10 10 12 1 1 10 12 1 1 1 1 1 1 1 1 1 1 1 7 1 1 1 1 1 1 1 1 1 1 1 1 1 1 1 1 1 1 1 1 1 1 1 1 1 1 1 1 1 1 1 1 1 1 1 1 1 1 1 1 1 1 1 1 1 1 1 1 1 1 1 1 1 1 1 1 3 1 1 1 1 1 1 1 1 1 1 100 1 1 1 1 1 1 1 1 1 1 1 1 1 1 1 1 1 1 1 1 1 1 1 1 1 1 1 1 1 1 1 1 1 1 1 1 1 1 16 15 10 7 12 1 1 1 16 1 16 15 10 12 16 1 15 10 12 16 15 11 7 1 16 1 16 1 15 10 12 16 15 10 12 16 15 10 12 1 16 1 15 11 12 1 15 10 12 16 15 10 16 1 15 10 7 12 1 1 1 1 1 1 100 1 100 1 1
staticfield java/lang/SecurityManager packageAccessLock Ljava/lang/Object; java/lang/Object
staticfield java/lang/SecurityManager packageDefinitionLock Ljava/lang/Object; java/lang/Object
staticfield java/lang/SecurityManager nonExportedPkgs Ljava/util/Map; java/util/concurrent/ConcurrentHashMap
ciInstanceKlass java/security/AccessController 1 1 295 10 7 12 1 1 1 10 7 12 1 1 1 10 7 12 1 1 1 10 12 1 1 10 12 1 1 10 7 12 1 1 1 10 12 1 1 10 12 1 10 12 1 1 10 12 1 100 1 8 1 10 12 1 10 12 1 10 12 1 1 10 12 1 7 1 7 1 10 12 1 1 10 12 1 10 12 1 10 12 1 1 10 7 12 1 1 1 10 12 1 1 9 100 12 1 1 1 10 7 12 1 1 1 10 12 1 10 12 1 9 100 12 1 1 1 10 12 1 10 12 1 1 9 12 1 1 10 100 1 10 11 7 12 1 1 1 10 7 12 1 1 11 7 1 7 1 10 12 1 10 12 1 10 12 1 8 1 10 12 1 1 8 1 10 100 12 1 1 1 8 1 7 1 10 10 12 1 1 10 12 1 10 7 12 1 1 1 10 12 1 8 1 10 7 12 1 1 8 1 8 1 10 12 1 8 1 10 12 1 10 12 1 1 10 12 1 1 1 1 1 1 1 1 1 1 1 1 1 1 1 1 1 1 1 1 1 1 1 1 1 1 1 1 100 1 1 1 1 1 1 1 1 1 1 1 1 1 1 1 1 1 1 1 1 1 1 1 1 1 1 1 1 1 1 1 1 1 1 100 1 7 1 1 1 1 1 1 1 1 1 3 1 1 1
staticfield java/security/AccessController $assertionsDisabled Z 1
instanceKlass org/eclipse/osgi/internal/loader/ModuleClassLoader$GenerationProtectionDomain
ciInstanceKlass java/security/ProtectionDomain 1 1 348 10 7 12 1 1 1 9 7 12 1 1 1 7 1 10 9 12 1 1 9 12 1 1 9 12 1 1 10 7 12 1 1 7 1 9 12 1 9 12 1 1 7 1 9 12 1 1 9 12 1 10 100 12 1 1 10 100 12 1 1 1 10 12 1 1 10 12 1 9 12 1 9 100 12 1 1 10 12 1 1 10 100 1 10 12 1 1 8 1 7 1 8 1 10 12 1 10 11 10 7 12 1 1 1 10 12 1 1 8 1 11 8 1 10 12 1 8 1 8 1 10 12 1 1 10 12 1 10 12 1 1 10 12 1 8 1 10 12 1 8 1 8 1 10 7 12 1 1 1 9 100 12 1 1 1 10 12 1 1 9 100 12 1 1 1 10 7 12 1 1 1 100 1 18 12 1 1 10 7 12 1 1 1 10 7 1 10 12 1 10 12 1 1 11 100 12 1 1 11 12 1 100 1 11 7 12 1 1 1 10 12 1 10 11 12 1 1 11 12 1 1 10 12 1 10 7 12 1 1 10 100 12 1 1 11 12 1 10 12 10 12 1 8 1 8 1 10 7 12 1 1 1 7 1 10 10 7 12 1 1 1 1 1 1 1 1 1 1 7 1 1 7 1 1 1 1 1 1 1 1 1 1 1 1 1 1 1 1 1 1 1 1 1 1 1 1 1 1 1 1 1 1 1 1 1 1 1 1 1 1 1 1 1 1 1 1 7 1 1 1 1 1 1 100 1 1 16 15 10 12 16 15 10 100 12 1 1 1 1 1 1 1 100 1 100 1 1
staticfield java/security/ProtectionDomain filePermCompatInPD Z 0
ciInstanceKlass java/security/CodeSource 1 1 398 10 7 12 1 1 1 9 7 12 1 1 1 9 12 1 1 9 12 1 1 9 12 1 1 10 7 12 1 1 1 9 12 1 1 10 7 12 1 1 10 7 10 7 12 1 1 1 10 100 12 1 1 1 10 12 1 1 7 1 10 10 7 12 1 1 1 10 7 12 1 1 1 10 12 1 1 7 1 10 12 1 1 10 12 1 1 10 12 1 1 10 12 1 10 10 10 12 1 1 10 7 12 1 1 1 10 12 1 10 12 1 10 12 1 8 1 10 12 1 10 12 1 10 12 1 1 10 12 1 8 1 10 12 1 1 10 7 1 10 10 12 1 1 8 1 10 12 1 10 12 1 10 12 1 8 1 8 1 9 12 1 1 100 1 8 1 10 12 1 10 12 1 1 8 1 10 12 1 8 1 8 1 8 1 10 100 12 1 1 10 12 1 1 10 12 1 10 12 1 1 10 12 1 1 10 12 1 1 100 1 100 1 10 12 1 10 12 10 12 1 1 10 100 12 1 1 10 12 1 7 1 10 12 10 100 12 1 1 1 10 8 1 10 12 1 10 12 1 10 12 1 1 100 1 10 12 1 1 100 1 7 1 8 1 8 1 10 10 12 1 1 10 100 12 1 1 1 7 1 10 12 10 12 1 1 11 7 12 1 1 10 10 12 1 11 10 12 1 8 1 100 1 10 12 1 10 12 1 1 10 12 1 11 12 1 1 7 1 1 1 1 5 0 1 1 1 1 1 1 1 1 1 1 1 1 1 1 1 1 1 1 1 1 1 1 1 1 1 1 1 1 1 1 1 1 1 1 1 1 1 1 1 1 1 1 1 1 1 1 1 1 1 1 1 1 1 1 1 1 1 1 1 1 1 1 1 1 1 1 100 1 1 1 1 1 1 1
ciInstanceKlass java/lang/Boolean 1 1 152 10 7 12 1 1 1 9 7 12 1 1 1 10 12 1 1 10 12 1 8 1 10 7 12 1 1 9 12 1 1 9 12 1 10 12 1 1 10 12 1 1 10 12 1 1 10 7 12 1 1 1 100 1 100 1 10 12 1 1 9 100 12 1 1 9 12 10 100 12 1 1 1 10 12 1 1 8 1 10 7 12 1 1 1 9 12 1 1 7 1 7 1 7 1 1 1 1 1 1 5 0 1 1 1 1 1 1 1 1 1 1 3 1 1 1 1 1 1 1 1 1 1 1 1 1 1 1 1 1 1 7 1 1 1 1 1 1 1 1 1 1 100 1 1 1 1 1 1 1 1 1
staticfield java/lang/Boolean TRUE Ljava/lang/Boolean; java/lang/Boolean
staticfield java/lang/Boolean FALSE Ljava/lang/Boolean; java/lang/Boolean
staticfield java/lang/Boolean TYPE Ljava/lang/Class; java/lang/Class
ciInstanceKlass java/lang/Comparable 1 0 12 100 1 100 1 1 1 1 1 1 1 1
ciInstanceKlass java/lang/constant/Constable 1 0 11 100 1 100 1 1 1 1 1 1 1
ciInstanceKlass java/util/Map 1 1 263 11 7 12 1 1 1 11 12 1 1 10 7 12 1 1 11 12 1 1 11 7 12 1 1 1 11 7 12 1 1 1 11 12 1 1 7 1 11 12 1 11 12 1 100 1 100 1 10 12 1 1 11 7 12 1 1 1 11 100 12 1 1 1 11 12 1 11 12 1 10 12 1 1 11 12 1 11 7 12 1 9 7 12 1 1 1 7 1 10 12 7 1 7 1 10 12 1 7 1 10 7 1 11 12 1 11 12 1 1 11 12 1 1 7 1 11 12 1 1 1 1 1 1 1 1 1 1 1 1 1 1 1 1 1 1 1 1 1 1 1 1 1 1 1 1 1 1 1 1 1 1 1 1 1 1 1 1 1 1 1 1 1 1 1 1 1 1 1 1 1 1 1 1 1 1 1 1 1 1 1 1 1 1 1 1 1 1 1 1 1 1 1 1 1 1 1 1 1 1 1 1 1 1 1 1 1 1 1 1 1 1 1 1 1 1 1 1 1 1 1 1 1 1 1 1 1 1 1 1 1 1 1 1 1 1 1 1 1 1 1 1 1 1 100 1 1 1 1 1 1 1 1 1 1 1 1 1 1 1 1 1 1
ciInstanceKlass java/lang/Class 1 1 1687 10 7 12 1 1 1 9 7 12 1 1 1 9 12 1 1 10 12 1 1 8 1 10 12 1 8 1 8 1 10 12 1 1 10 7 12 1 1 1 10 12 1 7 1 10 10 12 1 10 12 1 1 10 12 1 1 10 12 1 1 10 7 12 1 1 10 12 1 10 12 1 10 12 1 8 1 10 12 1 8 1 10 12 1 8 1 8 1 10 12 1 1 10 7 12 1 1 1 18 12 1 1 11 7 12 1 1 1 8 1 8 1 8 1 10 7 12 1 1 1 11 12 1 1 8 1 10 12 1 10 11 100 12 1 1 1 11 7 12 1 1 1 11 8 1 18 8 1 10 12 1 10 7 12 1 1 10 12 1 1 10 7 12 1 1 1 10 12 1 1 10 12 1 1 10 7 12 1 1 1 10 12 9 100 12 1 1 1 10 7 12 1 1 1 10 12 1 10 7 12 1 1 1 10 12 1 1 18 12 1 1 10 7 12 1 1 1 10 7 12 1 10 12 1 1 10 7 1 7 1 10 12 1 1 9 12 1 1 7 1 8 1 10 12 1 10 12 1 1 10 12 1 1 10 7 12 1 1 1 7 1 10 12 1 7 1 7 1 10 10 12 1 1 10 12 1 1 100 1 10 7 12 1 1 1 10 12 1 1 10 12 1 1 9 12 1 1 10 12 1 10 12 1 1 9 12 1 1 9 12 1 1 10 12 1 1 10 7 1 10 12 1 10 12 1 10 12 1 1 10 9 12 1 10 12 1 8 1 10 12 1 1 10 12 1 1 10 12 1 10 12 1 1 10 12 1 1 10 12 1 1 9 7 12 1 1 1 10 7 12 1 1 10 12 10 12 1 10 12 1 10 12 1 10 12 1 9 100 12 1 1 1 9 12 1 10 12 1 10 100 12 1 1 1 10 12 1 1 10 7 12 1 1 10 12 1 10 12 1 1 10 100 12 1 1 1 10 12 1 10 12 1 1 10 12 1 10 12 1 10 12 1 1 10 7 1 10 10 10 12 1 1 10 12 1 1 10 12 10 10 12 1 1 7 1 8 1 10 10 12 1 1 10 12 1 100 1 11 12 1 10 100 12 1 1 10 12 1 10 12 1 10 100 12 1 1 10 10 12 1 1 8 1 10 12 1 10 12 1 1 8 1 10 12 1 9 12 1 10 12 1 10 12 1 10 12 1 10 12 7 1 9 12 1 10 12 1 9 12 1 10 12 1 10 12 1 10 12 1 10 10 12 1 10 12 1 10 7 12 1 1 10 12 1 10 12 1 10 12 1 1 10 12 1 10 12 1 10 12 1 100 1 10 12 1 10 12 1 1 10 12 1 1 10 12 1 1 10 12 1 1 10 12 1 1 10 12 1 1 7 1 10 10 12 1 1 10 12 1 1 10 12 1 1 10 10 12 1 10 12 1 1 10 12 1 1 10 12 1 1 10 12 1 1 7 1 10 10 12 11 7 12 1 1 10 12 1 10 12 1 10 7 12 1 1 1 10 12 1 1 10 10 12 1 1 7 1 10 10 12 1 1 10 7 12 1 1 1 100 1 7 1 10 12 1 1 10 12 1 10 10 12 1 1 10 12 1 10 12 1 10 12 1 10 100 12 1 1 1 11 7 12 1 1 10 12 1 10 12 1 9 12 1 10 12 1 1 10 12 1 9 100 12 1 1 1 9 12 1 10 100 12 1 1 1 10 12 1 10 12 1 10 100 12 1 1 1 10 12 1 10 12 10 12 1 1 100 1 10 8 1 10 12 1 11 11 12 1 1 11 7 12 1 1 11 12 1 8 1 10 12 1 10 12 1 1 9 12 1 9 12 1 1 10 7 12 1 1 9 12 1 10 12 1 1 10 10 12 1 10 7 12 1 1 1 10 7 12 1 1 10 7 12 1 1 9 12 1 1 10 12 1 9 12 1 10 12 1 10 12 1 1 9 12 1 1 9 12 1 10 12 1 10 12 1 1 9 12 1 100 1 10 10 12 1 1 7 1 10 12 1 1 100 11 7 1 9 12 1 1 9 12 1 7 1 10 12 1 9 12 1 1 9 12 1 10 12 1 10 12 1 1 9 12 1 7 1 10 10 12 1 1 10 10 12 1 10 12 10 10 12 1 9 12 1 10 12 1 1 10 7 12 1 1 1 10 12 1 1 10 12 1 8 10 7 8 1 18 8 1 8 1 10 12 1 9 12 1 9 12 1 1 10 12 1 7 1 7 1 10 12 1 9 12 1 1 7 1 10 10 12 1 10 7 1 9 12 1 8 1 10 12 1 7 1 10 12 1 10 12 1 1 100 1 7 1 9 12 1 100 1 8 1 10 10 7 12 1 1 1 10 12 11 7 12 1 1 1 10 12 1 10 12 1 1 10 8 1 8 1 10 12 1 1 9 7 12 1 1 11 12 7 1 11 7 12 1 1 9 12 1 10 100 12 1 1 1 10 7 12 1 1 10 12 1 1 9 12 1 9 10 12 1 1 10 12 1 1 10 12 1 1 10 12 1 1 10 12 1 1 11 12 1 7 1 11 12 1 10 7 12 1 1 1 10 12 1 11 12 1 10 7 12 1 1 1 10 12 1 10 7 12 1 1 1 11 12 1 11 12 1 1 10 12 1 10 12 1 1 9 12 1 1 9 7 12 1 1 10 12 1 10 7 12 1 1 1 10 12 1 1 10 12 1 10 12 1 10 12 1 10 7 12 1 1 1 10 12 1 8 1 10 12 1 10 12 1 10 12 1 100 1 10 12 10 100 12 1 1 1 11 100 12 1 1 1 10 12 1 1 10 12 1 18 12 1 1 11 12 1 1 18 11 12 1 18 12 1 11 12 1 10 12 1 1 10 12 1 10 12 1 10 12 1 10 12 1 10 12 10 12 1 8 1 10 12 1 7 1 9 12 1 1 7 1 7 1 7 1 7 1 1 1 3 1 3 1 3 1 1 1 1 1 1 1 5 0 1 1 1 1 1 1 1 1 1 1 1 1 1 1 1 1 1 1 1 1 1 1 1 1 100 1 1 1 1 1 1 1 100 1 1 1 1 1 7 1 1 1 1 1 1 1 1 1 1 1 1 1 1 1 1 1 1 1 1 1 1 1 1 1 1 1 1 1 1 1 1 1 1 1 1 1 1 1 1 1 1 100 1 1 1 1 1 1 1 1 1 1 1 1 1 1 1 1 1 1 1 1 1 1 1 1 1 1 1 1 1 1 1 100 1 1 1 1 1 1 1 1 1 1 1 1 1 1 1 1 1 1 1 1 3 1 1 1 1 1 1 1 1 1 1 1 1 1 1 1 1 1 1 1 1 1 1 1 1 1 1 1 1 1 1 1 1 1 1 1 7 1 7 1 1 1 1 1 1 1 7 1 1 1 1 1 1 1 1 1 1 1 1 1 1 1 1 1 1 1 1 1 1 1 1 1 1 1 1 1 1 1 1 1 1 1 1 1 1 1 1 1 1 1 1 1 1 1 1 1 1 1 1 1 1 1 1 1 1 1 1 1 1 1 1 1 1 1 1 1 1 1 1 1 1 1 1 1 1 1 1 1 1 1 1 1 1 1 1 1 1 1 1 1 1 1 1 1 1 1 1 1 1 1 1 1 1 1 1 1 1 1 1 1 1 1 1 1 1 1 1 1 1 1 1 16 15 10 12 16 15 11 12 16 1 16 15 16 15 10 12 16 16 15 10 12 16 15 16 1 15 10 12 16 15 10 7 12 1 1 1 1 1 1 1 1 1 1 1 1 1 7 1 1 100 1 100 1 1 100 1 100 1 1 100 1 100 1 1
staticfield java/lang/Class EMPTY_CLASS_ARRAY [Ljava/lang/Class; 0 [Ljava/lang/Class;
staticfield java/lang/Class serialPersistentFields [Ljava/io/ObjectStreamField; 0 [Ljava/io/ObjectStreamField;
ciInstanceKlass java/lang/reflect/AnnotatedElement 1 1 164 11 7 12 1 1 1 11 12 1 1 7 1 10 100 12 1 1 1 10 12 1 1 10 12 1 1 10 12 1 10 100 12 1 1 1 11 12 1 1 11 7 12 1 1 10 7 12 1 1 1 10 12 1 10 100 12 1 1 1 18 12 1 1 11 100 12 1 1 18 12 1 18 12 1 1 10 100 12 1 1 1 11 100 12 1 1 1 7 1 10 100 12 1 1 1 1 1 1 1 1 1 1 1 1 1 1 1 1 1 1 1 1 1 1 1 1 1 100 1 1 1 1 1 1 1 1 1 1 1 16 15 16 1 16 1 15 11 12 16 16 1 15 10 100 12 1 1 1 16 1 15 10 100 12 1 1 1 1 100 1 100 1 1
ciInstanceKlass java/lang/invoke/TypeDescriptor 1 0 17 100 1 100 1 1 1 1 1 1 100 1 100 1 1 1 1
ciInstanceKlass java/lang/reflect/GenericDeclaration 1 0 30 7 1 7 1 7 1 1 1 1 1 1 1 1 100 1 8 1 1 12 10 1 1 1 8 1 1 1 8 1
ciInstanceKlass java/lang/reflect/Type 1 1 17 11 100 12 1 1 1 100 1 1 1 1 1 1 1 1 1
ciInstanceKlass java/lang/invoke/TypeDescriptor$OfField 1 0 21 100 1 100 1 100 1 1 1 1 1 1 1 1 1 1 1 1 1 1 1
ciMethod java/lang/Class isPrimitive ()Z 256 0 128 0 -1
ciInstanceKlass java/lang/StringBuilder 1 1 422 10 7 12 1 1 1 10 12 1 10 12 1 10 12 1 1 10 7 12 1 1 1 10 7 12 1 1 1 10 12 1 10 12 1 10 12 1 10 12 1 10 12 1 10 12 1 10 12 1 10 12 1 10 12 1 10 12 1 10 12 1 10 12 1 10 12 1 10 12 1 1 10 12 1 10 12 1 1 10 12 1 1 10 12 1 10 12 1 10 12 1 10 12 1 10 12 1 10 12 1 10 12 1 10 12 10 12 1 10 12 1 10 12 1 10 12 1 1 10 12 1 10 12 1 10 12 10 12 1 1 10 12 1 10 12 1 10 12 1 10 100 12 1 1 1 9 12 1 1 10 12 1 10 12 1 1 10 12 1 1 9 12 1 1 10 100 12 1 1 1 10 100 1 10 12 1 1 10 100 12 1 1 10 12 1 10 12 1 1 100 1 100 1 8 1 10 10 12 1 1 10 12 1 10 12 1 10 12 1 1 10 12 1 10 12 1 10 12 1 10 12 1 10 12 1 10 12 10 12 1 10 12 1 10 12 1 10 12 1 10 12 1 10 12 1 10 12 1 10 12 1 10 12 1 1 10 12 1 1 10 12 1 10 12 1 10 12 1 10 12 10 12 10 12 1 10 12 1 10 12 1 10 12 10 12 1 10 12 1 10 12 1 10 12 1 10 12 1 10 12 1 10 12 1 10 12 1 10 12 1 1 10 12 1 10 12 1 1 10 12 1 10 12 1 1 10 12 1 10 12 1 1 10 12 1 10 12 1 10 12 1 10 10 12 1 10 12 1 7 1 7 1 7 1 7 1 1 1 1 5 0 1 1 1 1 1 1 1 1 1 1 1 1 1 1 1 1 1 1 1 1 1 1 1 1 1 1 1 1 1 1 1 1 1 1 1 1 1 1 1 1 1 1 1 1 100 1 1 1 7 1 1 1 1 1 1 1 1 1 1 1
instanceKlass java/lang/StringBuilder
instanceKlass java/lang/StringBuffer
ciInstanceKlass java/lang/AbstractStringBuilder 1 1 609 7 1 10 7 12 1 1 1 9 7 12 1 1 1 9 12 1 9 12 1 1 9 12 1 1 10 7 12 1 1 1 10 12 1 1 7 1 3 3 10 12 1 10 12 1 1 11 7 1 100 1 7 1 10 8 1 10 12 1 10 12 1 10 12 1 1 10 12 1 10 12 1 9 12 1 10 12 1 9 12 1 1 10 12 1 1 10 7 12 1 1 1 10 10 12 1 10 12 1 10 12 1 1 10 12 1 1 10 7 12 1 1 1 10 7 12 1 1 1 7 1 8 1 10 10 12 1 1 100 1 10 12 10 12 1 1 10 10 7 12 1 1 1 10 12 1 1 10 12 1 1 10 12 1 1 10 12 1 1 10 10 7 12 1 1 1 10 12 1 100 1 10 10 7 12 1 1 1 9 12 1 1 9 12 1 10 12 1 1 10 10 12 1 1 10 12 10 12 1 10 12 1 1 10 12 1 1 10 12 1 1 10 12 1 10 12 1 1 10 12 1 1 10 12 1 10 12 1 1 8 1 10 12 1 1 10 12 1 10 12 1 10 12 1 10 12 1 10 12 1 10 12 1 10 7 12 1 1 10 12 1 10 12 1 10 7 12 1 1 1 100 1 100 1 10 12 1 10 100 12 1 1 10 12 1 10 12 1 1 10 12 1 10 12 1 1 10 12 1 10 12 1 1 10 12 1 1 10 10 7 12 1 1 1 10 12 1 10 12 1 10 12 1 1 10 12 1 10 12 1 10 12 1 10 12 1 10 12 1 10 12 1 10 12 1 10 12 1 1 10 12 1 10 12 1 10 12 10 12 1 1 18 12 1 1 100 1 10 100 12 1 1 1 18 10 12 1 1 10 12 1 1 10 12 1 10 12 1 1 11 12 1 1 10 12 1 10 12 10 10 10 12 1 10 5 0 10 10 12 1 1 100 1 8 1 10 10 12 1 1 10 100 12 1 1 1 10 12 1 10 12 1 1 100 1 10 12 100 1 10 100 1 10 7 1 1 1 1 1 1 1 1 1 1 1 100 1 1 1 1 1 1 1 1 1 1 1 1 1 1 1 1 1 1 1 1 1 1 1 1 1 1 1 1 1 1 1 1 1 1 1 1 1 1 1 1 1 1 1 1 1 1 1 1 1 1 1 1 1 1 1 1 1 1 1 1 1 1 1 1 1 1 1 1 1 1 1 1 1 1 1 1 1 1 1 1 1 1 1 1 1 1 1 1 1 1 1 1 1 1 1 1 1 1 1 100 1 1 1 1 1 1 1 1 1 1 1 1 1 1 1 1 1 100 1 1 1 1 1 1 7 1 1 16 1 15 10 12 16 15 10 12 15 10 100 12 1 1 1 1 1 1 1 100 1 100 1 1
staticfield java/lang/AbstractStringBuilder EMPTYVALUE [B 0
ciMethod java/lang/StringBuilder toString ()Ljava/lang/String; 14 0 171570 0 -1
ciInstanceKlass java/lang/Appendable 1 0 14 100 1 100 1 1 1 1 100 1 1 1 1 1
ciInstanceKlass java/lang/CharSequence 1 1 131 11 7 12 1 1 1 18 12 1 1 100 1 10 100 12 1 1 1 18 10 100 12 1 1 1 11 12 1 1 11 7 1 11 12 1 1 10 100 12 1 1 1 11 12 1 1 100 1 10 12 1 1 10 100 12 1 1 1 100 1 10 10 12 1 1 7 1 1 1 1 1 1 1 1 1 1 1 1 1 1 1 1 1 1 1 1 1 1 1 1 1 1 1 1 1 1 1 1 1 16 1 15 11 12 16 15 11 12 15 10 100 12 1 1 1 1 1 100 1 100 1 1 100 1 1 100 1 100 1 1
ciInstanceKlass java/lang/AutoCloseable 1 0 12 100 1 100 1 1 1 1 100 1 1 1
ciInstanceKlass java/io/Closeable 1 0 14 100 1 100 1 100 1 1 1 1 100 1 1 1
instanceKlass sun/security/pkcs11/wrapper/PKCS11Exception
instanceKlass org/eclipse/jdt/internal/compiler/lookup/InferenceFailureException
instanceKlass lombok/eclipse/agent/PatchDelegate$CantMakeDelegates
instanceKlass org/eclipse/jface/text/BadPartitioningException
instanceKlass org/eclipse/jface/text/BadPositionCategoryException
instanceKlass org/eclipse/core/commands/common/CommandException
instanceKlass com/google/common/collect/RegularImmutableMap$BucketOverflowException
instanceKlass sun/nio/fs/WindowsException
instanceKlass org/apache/commons/codec/EncoderException
instanceKlass org/apache/commons/codec/DecoderException
instanceKlass org/apache/maven/cli/MavenCli$ExitException
instanceKlass org/sonatype/plexus/components/cipher/PlexusCipherException
instanceKlass org/sonatype/plexus/components/sec/dispatcher/SecDispatcherException
instanceKlass org/apache/maven/model/resolution/InvalidRepositoryException
instanceKlass org/apache/maven/model/resolution/UnresolvableModelException
instanceKlass org/apache/maven/toolchain/building/ToolchainsBuildingException
instanceKlass org/apache/maven/configuration/BeanConfigurationException
instanceKlass org/apache/maven/artifact/deployer/ArtifactDeploymentException
instanceKlass org/apache/maven/artifact/repository/metadata/RepositoryMetadataReadException
instanceKlass org/apache/maven/artifact/repository/metadata/RepositoryMetadataStoreException
instanceKlass org/apache/maven/BuildFailureException
instanceKlass org/apache/maven/artifact/installer/ArtifactInstallationException
instanceKlass org/apache/maven/lifecycle/internal/builder/BuilderNotFoundException
instanceKlass org/apache/maven/lifecycle/NoGoalSpecifiedException
instanceKlass org/apache/maven/repository/metadata/MetadataResolutionException
instanceKlass org/apache/maven/plugin/version/PluginVersionNotFoundException
instanceKlass org/apache/maven/plugin/InvalidPluginException
instanceKlass org/apache/maven/project/DependencyResolutionException
instanceKlass org/apache/maven/model/building/ModelBuildingException
instanceKlass org/apache/maven/MavenExecutionException
instanceKlass org/apache/maven/repository/ArtifactDoesNotExistException
instanceKlass org/apache/maven/repository/ArtifactTransferFailedException
instanceKlass org/apache/maven/repository/metadata/MetadataGraphTransformationException
instanceKlass org/apache/maven/repository/metadata/GraphConflictResolutionException
instanceKlass org/apache/maven/repository/legacy/metadata/ArtifactMetadataRetrievalException
instanceKlass org/apache/maven/artifact/repository/metadata/RepositoryMetadataResolutionException
instanceKlass org/apache/maven/artifact/versioning/InvalidVersionSpecificationException
instanceKlass org/apache/maven/project/interpolation/ModelInterpolationException
instanceKlass org/codehaus/plexus/interpolation/InterpolationException
instanceKlass org/codehaus/plexus/configuration/PlexusConfigurationException
instanceKlass org/codehaus/plexus/component/composition/CycleDetectedInComponentGraphException
instanceKlass org/apache/maven/toolchain/MisconfiguredToolchainException
instanceKlass org/apache/maven/lifecycle/MissingProjectException
instanceKlass org/apache/maven/repository/legacy/resolver/conflict/ConflictResolverNotFoundException
instanceKlass org/codehaus/plexus/personality/plexus/lifecycle/phase/InitializationException
instanceKlass org/apache/http/HttpException
instanceKlass org/apache/maven/lifecycle/LifecycleExecutionException
instanceKlass org/apache/maven/lifecycle/LifecycleNotFoundException
instanceKlass org/apache/maven/lifecycle/LifecyclePhaseNotFoundException
instanceKlass org/apache/maven/plugin/prefix/NoPluginFoundForPrefixException
instanceKlass org/codehaus/plexus/component/repository/exception/ComponentLifecycleException
instanceKlass org/apache/maven/wagon/WagonException
instanceKlass org/eclipse/equinox/security/storage/StorageException
instanceKlass javax/xml/transform/TransformerException
instanceKlass org/eclipse/jface/text/templates/TemplateException
instanceKlass com/google/common/collect/RegularImmutableMap$BucketOverflowException
instanceKlass lombok/eclipse/agent/PatchDelegate$CantMakeDelegates
instanceKlass com/google/inject/internal/ErrorsException
instanceKlass com/google/inject/internal/InternalProvisionException
instanceKlass org/codehaus/plexus/context/ContextException
instanceKlass org/codehaus/plexus/PlexusContainerException
instanceKlass org/codehaus/plexus/util/xml/pull/XmlPullParserException
instanceKlass org/apache/commons/cli/ParseException
instanceKlass org/eclipse/jface/text/BadLocationException
instanceKlass org/eclipse/jdt/core/compiler/InvalidInputException
instanceKlass org/eclipse/jdt/internal/compiler/classfmt/ClassFormatException
instanceKlass java/text/ParseException
instanceKlass org/codehaus/plexus/component/configurator/expression/ExpressionEvaluationException
instanceKlass org/codehaus/plexus/classworlds/ClassWorldException
instanceKlass org/apache/maven/cli/internal/ExtensionResolutionException
instanceKlass org/eclipse/aether/RepositoryException
instanceKlass org/apache/maven/execution/MavenExecutionRequestPopulationException
instanceKlass org/apache/maven/project/ProjectBuildingException
instanceKlass org/apache/maven/plugin/AbstractMojoExecutionException
instanceKlass org/apache/maven/plugin/PluginConfigurationException
instanceKlass org/apache/maven/plugin/PluginManagerException
instanceKlass org/apache/maven/settings/building/SettingsBuildingException
instanceKlass org/apache/maven/artifact/InvalidRepositoryException
instanceKlass org/apache/maven/plugin/version/PluginVersionResolutionException
instanceKlass org/codehaus/plexus/component/configurator/ComponentConfigurationException
instanceKlass org/apache/maven/plugin/InvalidPluginDescriptorException
instanceKlass org/apache/maven/plugin/MojoNotFoundException
instanceKlass org/apache/maven/plugin/PluginDescriptorParsingException
instanceKlass org/apache/maven/plugin/PluginResolutionException
instanceKlass org/apache/maven/artifact/resolver/AbstractArtifactResolutionException
instanceKlass org/codehaus/plexus/component/repository/exception/ComponentLookupException
instanceKlass org/apache/maven/project/DuplicateProjectException
instanceKlass org/codehaus/plexus/util/dag/CycleDetectedException
instanceKlass ch/qos/logback/core/util/DynamicClassLoadingException
instanceKlass ch/qos/logback/core/util/IncompatibleClassException
instanceKlass ch/qos/logback/core/joran/spi/JoranException
instanceKlass java/util/concurrent/TimeoutException
instanceKlass org/osgi/service/application/ApplicationException
instanceKlass org/eclipse/core/runtime/CoreException
instanceKlass org/osgi/service/prefs/BackingStoreException
instanceKlass org/apache/felix/scr/impl/inject/methods/SuitableMethodNotAccessibleException
instanceKlass org/xml/sax/SAXException
instanceKlass java/util/concurrent/ExecutionException
instanceKlass java/lang/CloneNotSupportedException
instanceKlass javax/xml/parsers/ParserConfigurationException
instanceKlass org/osgi/service/resolver/ResolutionException
instanceKlass java/security/GeneralSecurityException
instanceKlass org/eclipse/osgi/container/ModuleContainer$ResolutionLockException
instanceKlass java/security/PrivilegedActionException
instanceKlass org/osgi/framework/InvalidSyntaxException
instanceKlass java/lang/InterruptedException
instanceKlass org/osgi/framework/BundleException
instanceKlass java/net/URISyntaxException
instanceKlass java/lang/instrument/UnmodifiableClassException
instanceKlass java/io/IOException
instanceKlass java/lang/ReflectiveOperationException
instanceKlass java/lang/RuntimeException
ciInstanceKlass java/lang/Exception 1 1 40 10 7 12 1 1 1 10 12 1 10 12 1 10 12 1 10 12 1 100 1 1 1 1 5 0 1 1 1 1 1 1 1 1 1 1 1 1 1 1
instanceKlass lombok/eclipse/agent/PatchDelegate$DelegateRecursion
instanceKlass org/apache/maven/artifact/repository/metadata/RepositoryMetadataInstallationException
instanceKlass org/apache/maven/artifact/repository/metadata/RepositoryMetadataDeploymentException
instanceKlass lombok/eclipse/agent/PatchDelegate$DelegateRecursion
instanceKlass java/lang/Exception
instanceKlass java/lang/Error
ciInstanceKlass java/lang/Throwable 1 1 404 10 7 12 1 1 1 9 7 12 1 1 1 9 12 1 1 9 12 1 9 12 1 1 9 12 1 10 12 1 1 9 12 1 1 10 12 1 1 10 12 1 100 1 7 1 10 8 1 10 12 1 1 8 1 10 100 12 1 1 10 10 12 1 100 1 8 1 10 10 12 1 1 10 7 12 1 1 10 12 1 8 1 9 7 12 1 1 1 10 12 1 1 100 1 10 12 10 12 1 10 7 12 1 1 1 7 1 10 12 10 12 1 10 12 1 7 1 10 10 7 12 1 1 1 11 7 12 1 1 1 10 12 1 1 10 12 1 1 8 1 10 12 1 10 12 1 1 8 1 8 1 10 12 1 1 10 12 1 8 1 8 1 9 12 1 1 10 12 1 1 100 1 10 11 12 1 8 1 8 1 10 7 12 1 1 8 1 10 12 1 8 1 7 1 10 12 1 9 12 1 1 10 12 1 10 7 12 1 9 12 1 1 10 12 1 1 100 1 8 1 10 12 1 10 100 12 1 1 10 12 1 1 7 1 10 100 12 1 1 1 10 12 1 11 7 12 1 1 1 11 7 12 1 1 11 12 1 8 1 10 12 1 1 8 1 10 10 9 100 12 1 1 1 8 1 10 12 1 1 11 10 100 1 8 1 10 11 12 1 1 8 1 9 12 1 10 100 12 1 1 11 9 12 1 1 11 12 1 1 100 10 12 1 10 12 1 1 7 1 1 1 1 5 0 1 1 1 1 1 1 1 1 1 1 1 1 1 7 1 1 1 1 1 1 1 1 1 1 1 1 1 1 1 1 1 1 1 1 1 1 1 1 1 1 1 1 1 1 1 1 1 1 1 1 1 1 1 1 1 1 1 1 100 1 7 1 1 1 1 1 1 1 1 1 1 1 1 1 1 1 1 1 1
staticfield java/lang/Throwable UNASSIGNED_STACK [Ljava/lang/StackTraceElement; 0 [Ljava/lang/StackTraceElement;
staticfield java/lang/Throwable SUPPRESSED_SENTINEL Ljava/util/List; java/util/Collections$EmptyList
staticfield java/lang/Throwable EMPTY_THROWABLE_ARRAY [Ljava/lang/Throwable; 0 [Ljava/lang/Throwable;
staticfield java/lang/Throwable $assertionsDisabled Z 1
instanceKlass org/eclipse/jdt/internal/compiler/util/Messages$MessagesProperties
instanceKlass org/eclipse/core/internal/resources/SaveManager$MasterTable
instanceKlass org/eclipse/osgi/util/NLS$MessagesProperties
instanceKlass org/eclipse/core/internal/preferences/SortedProperties
instanceKlass java/security/Provider
ciInstanceKlass java/util/Properties 1 1 690 10 7 12 1 1 1 100 1 10 7 12 1 1 7 1 10 12 1 9 12 1 1 9 12 1 1 9 12 1 1 10 7 12 1 1 1 10 12 1 1 8 1 10 7 12 1 1 1 7 1 10 12 1 10 12 1 1 8 1 10 12 1 7 1 10 12 10 12 1 1 9 12 1 1 10 12 1 1 7 1 10 12 1 10 12 1 10 12 1 1 100 1 8 1 10 12 1 10 12 1 10 12 1 1 10 12 1 7 1 3 10 10 7 12 1 1 1 10 12 1 10 12 1 1 8 1 10 12 1 10 12 1 1 8 1 10 7 12 1 1 10 12 1 1 10 12 1 10 12 1 1 100 1 10 12 1 10 12 1 1 7 1 9 7 12 1 1 1 10 12 1 10 12 1 1 10 12 1 1 10 12 1 1 7 1 9 12 1 1 7 1 7 1 10 12 1 7 1 11 7 12 1 1 1 11 12 1 1 11 7 12 1 1 1 11 7 12 1 1 1 11 12 1 1 11 12 1 11 12 1 10 12 1 1 8 1 10 12 1 10 7 12 1 1 10 12 1 7 1 10 10 12 1 10 12 1 100 1 10 10 12 1 1 10 7 12 1 1 9 100 12 1 1 10 12 1 1 10 100 12 1 1 1 100 1 100 1 100 1 10 8 1 8 1 10 12 1 10 12 1 10 12 1 1 10 10 12 1 1 10 12 1 1 7 1 10 10 12 1 11 7 12 1 1 10 7 12 1 1 1 8 1 10 100 12 1 1 11 11 7 1 8 1 10 100 1 11 10 12 1 10 10 12 1 10 12 1 1 10 12 1 1 10 12 1 1 10 12 1 10 12 1 10 10 12 1 10 12 1 10 12 1 10 10 12 1 1 10 12 1 1 10 10 12 1 10 12 1 10 12 1 10 12 1 10 12 1 1 10 12 1 1 10 12 1 10 12 1 10 12 1 1 10 12 10 12 1 1 10 12 1 1 10 12 1 10 12 1 1 10 12 1 1 10 12 10 11 12 1 4 11 10 12 1 1 10 100 12 1 1 11 12 1 10 12 1 1 10 100 12 1 1 10 12 1 100 1 8 1 10 12 1 10 10 100 12 1 1 1 100 1 6 0 10 12 1 1 11 100 12 1 1 1 10 12 1 10 12 1 1 1 1 1 5 0 1 1 1 1 1 1 1 1 1 1 1 1 1 1 1 1 1 1 1 1 1 1 1 1 1 1 1 1 1 1 1 1 1 1 1 1 1 1 1 100 1 1 1 1 1 1 1 1 1 1 1 1 1 1 1 1 1 1 1 1 100 1 1 1 1 1 1 1 1 1 1 1 1 7 1 7 1 1 1 1 1 100 1 1 1 1 1 1 1 1 1 1 1 1 1 1 1 1 1 1 1 1 1 1 1 1 1 1 1 1 1 1 1 1 1 1 1 1 1 1 1 1 1 1 1 1 1 1 1 1 1 1 1 1 1 1 1 1 1 1 1 1 1 1 1 1 1 1 1 1 1 1 1 1 1 1 1 1 1 7 1 1 1 1 1 1 1 1 1 1 1 100 1 1
staticfield java/util/Properties UNSAFE Ljdk/internal/misc/Unsafe; jdk/internal/misc/Unsafe
instanceKlass org/apache/felix/scr/impl/helper/ReadOnlyDictionary
instanceKlass org/osgi/framework/FrameworkUtil$MapAsDictionary
instanceKlass org/eclipse/osgi/framework/util/CaseInsensitiveDictionaryMap$UnmodifiableDictionary
instanceKlass org/eclipse/osgi/framework/util/CaseInsensitiveDictionaryMap
instanceKlass org/eclipse/osgi/internal/framework/EquinoxBundle$SystemBundle$SystemBundleHeaders
instanceKlass org/eclipse/osgi/storage/BundleInfo$CachedManifest
instanceKlass java/util/Hashtable
ciInstanceKlass java/util/Dictionary 1 1 36 10 7 12 1 1 1 100 1 1 1 1 1 1 1 1 1 1 1 1 1 1 1 1 1 1 1 1 1 1 1 1 1 1 1 1
instanceKlass java/util/Properties
ciInstanceKlass java/util/Hashtable 1 1 516 7 1 10 7 12 1 1 1 9 7 12 1 1 1 100 1 7 1 10 8 1 10 12 1 1 10 12 1 10 12 1 1 10 12 1 10 7 12 1 1 1 8 1 10 12 1 9 12 1 1 7 1 9 12 1 1 4 10 7 12 1 1 1 9 12 1 4 10 12 1 11 7 12 1 1 1 10 12 1 1 10 12 1 1 9 12 1 10 12 1 1 100 1 10 9 12 1 1 10 7 12 1 1 1 9 12 1 1 10 12 1 10 12 1 3 9 12 1 9 12 1 3 10 12 1 10 12 1 10 12 1 1 11 12 1 1 11 7 12 1 1 1 11 7 12 1 1 1 11 12 1 7 1 11 12 1 11 12 1 10 12 1 1 10 12 1 1 10 12 1 9 12 1 1 9 12 9 12 1 1 10 100 1 7 1 10 12 1 10 8 1 10 10 12 1 8 1 10 8 1 10 7 12 1 1 1 7 1 10 12 1 10 12 1 7 1 10 12 1 10 12 1 1 7 1 10 7 1 10 10 12 1 1 11 12 1 1 11 12 1 7 1 10 10 10 100 12 1 1 11 100 12 1 1 1 100 1 10 11 100 12 1 1 11 100 12 1 10 12 1 10 12 1 1 10 100 12 1 1 10 12 1 1 10 12 1 1 10 12 1 1 10 100 12 1 1 1 8 10 100 12 1 1 100 1 8 1 10 4 4 10 12 1 1 10 12 1 8 1 4 10 12 10 100 12 1 1 1 100 1 11 100 12 1 1 1 10 100 12 1 1 1 10 12 1 10 12 1 1 10 7 1 7 1 1 1 1 1 1 5 0 1 1 1 1 1 3 1 3 1 3 1 1 1 1 1 1 1 1 1 1 1 1 1 1 1 1 1 1 1 1 1 1 1 1 1 100 1 1 1 1 1 1 1 1 1 1 1 1 1 1 1 1 1 1 1 1 1 1 1 1 1 1 1 1 1 7 1 1 1 1 1 1 1 1 1 1 1 1 1 1 7 1 1 1 1 1 1 1 1 1 1 1 1 1 1 1 1 1 1 1 1 1 1 1 1 1 1 1 1 1 1 1 1 1 1 1 1 1 1 1 1 1 1 1 1 100 1 1 1 7 1 1 1 1 1 7 1 1 1 1 1 1 1 1 1 1 1 1 1 1 1 1 1 1
ciInstanceKlass java/lang/String 1 1 1451 10 7 12 1 1 1 8 1 9 7 12 1 1 1 9 12 1 1 9 12 1 1 9 12 1 1 10 12 1 10 12 1 1 10 12 1 1 9 12 1 10 7 12 1 1 1 10 12 1 1 10 12 1 10 7 12 1 1 1 10 12 1 1 10 12 1 1 10 12 1 10 12 1 1 10 12 1 10 7 12 1 1 1 7 1 9 7 12 1 1 1 10 7 12 1 1 1 10 12 1 1 10 12 1 1 10 7 12 1 1 1 10 12 1 1 9 7 12 1 1 10 12 9 7 12 1 1 10 12 1 1 3 10 12 1 1 7 1 11 12 1 1 11 12 1 11 12 1 1 10 100 12 1 1 1 10 12 1 1 9 100 12 1 1 1 10 12 1 1 10 12 1 11 12 1 1 10 12 1 10 12 10 12 1 1 10 7 12 1 1 1 10 7 12 1 1 1 10 12 1 1 100 1 7 1 10 12 1 10 12 1 10 12 1 1 10 12 1 1 100 1 10 12 1 1 100 1 10 12 1 1 10 12 1 1 10 12 1 10 10 12 1 100 1 100 1 100 1 10 12 1 10 12 1 1 10 12 1 1 10 12 1 10 12 1 1 10 12 1 1 10 100 12 1 1 100 1 11 10 7 12 1 1 11 12 1 11 12 1 10 12 1 1 10 12 1 10 12 10 12 1 1 10 10 100 12 1 1 1 10 100 12 1 1 10 12 1 1 10 100 12 1 1 10 12 1 10 12 1 1 10 12 1 1 10 12 1 10 12 1 10 12 1 1 100 1 10 12 1 1 10 12 10 12 1 10 12 1 1 10 12 1 1 10 7 12 1 1 1 10 12 1 10 12 1 1 10 12 1 10 12 1 3 3 10 12 1 1 10 12 1 10 12 1 1 10 12 1 1 10 12 1 1 10 12 1 10 12 1 1 10 12 1 1 10 12 1 10 12 1 10 12 1 10 12 1 1 10 12 1 10 12 1 10 12 1 10 12 1 10 12 1 10 12 1 10 7 1 10 8 1 10 12 1 1 10 12 1 8 1 10 12 1 1 10 12 10 12 1 8 1 10 10 12 1 1 10 12 1 1 10 12 1 1 10 7 1 10 10 12 1 10 12 1 10 12 1 10 10 12 1 10 12 1 10 12 1 10 12 1 10 12 1 10 12 1 10 12 1 1 10 12 1 1 10 12 1 1 10 10 12 1 1 10 10 12 1 100 1 10 10 12 1 1 10 12 1 1 10 7 1 10 12 1 10 12 1 10 7 12 1 1 1 10 12 1 10 12 1 1 10 12 1 11 7 1 11 12 10 12 1 10 12 1 1 10 12 1 1 10 10 12 1 10 12 1 9 12 1 1 11 7 12 1 1 1 10 12 10 10 12 1 10 12 1 1 10 10 12 1 10 12 1 10 12 1 1 10 12 1 1 10 10 12 1 1 10 12 1 10 10 12 1 10 12 10 10 12 10 10 12 1 10 12 1 10 10 12 10 7 12 1 1 1 10 12 10 10 12 10 12 1 10 12 10 12 10 10 12 1 10 12 1 1 10 12 1 1 10 10 12 1 10 7 12 1 1 1 10 12 1 1 10 10 7 12 1 1 1 11 10 12 1 10 12 1 1 10 12 1 1 10 7 12 1 1 1 10 12 1 10 12 1 10 12 1 10 12 1 10 12 1 10 12 1 100 1 7 1 8 1 10 10 10 12 1 10 12 1 1 8 1 10 12 1 3 3 10 12 1 10 12 1 1 10 12 7 1 10 10 12 1 1 10 12 1 10 12 1 10 12 1 1 10 12 1 1 11 7 12 1 1 1 7 1 10 12 1 10 12 1 1 8 1 10 12 1 1 10 12 1 11 7 12 1 1 1 11 7 12 1 1 11 12 1 10 12 1 10 12 1 1 10 10 7 12 1 1 1 10 12 1 10 12 1 10 10 12 10 12 1 1 10 10 12 1 10 10 12 1 10 10 12 1 10 10 12 1 10 12 1 1 10 10 12 1 8 1 10 12 1 1 18 12 1 1 11 100 12 1 1 1 7 1 3 18 12 1 18 12 1 8 1 10 100 12 1 1 1 11 12 1 1 10 12 10 10 12 1 10 11 12 1 1 10 12 1 1 11 12 1 18 3 11 10 12 1 11 11 10 12 1 10 12 1 1 8 1 10 12 1 10 12 1 10 12 1 1 10 10 12 1 11 100 12 1 100 1 100 1 10 12 100 1 10 10 100 12 1 1 1 100 1 10 7 1 10 10 12 1 10 10 12 1 8 1 10 10 12 1 8 1 8 1 10 12 1 10 12 1 10 10 12 10 7 12 1 1 10 7 12 1 1 10 7 12 1 1 8 1 10 12 1 10 12 1 10 9 12 1 10 12 9 7 12 1 1 1 10 12 1 10 12 1 10 12 1 10 12 10 12 1 10 12 1 8 1 10 100 12 1 1 1 10 12 10 12 1 1 10 12 10 10 12 10 12 7 1 9 12 1 1 7 1 10 7 1 7 1 7 1 7 1 1 1 1 1 1 5 0 1 1 1 1 1 3 1 3 1 1 1 1 1 1 1 1 1 1 1 1 1 1 1 100 1 1 1 1 1 1 1 1 1 1 1 1 1 1 1 1 1 1 1 1 1 1 1 1 1 1 1 1 1 1 1 100 1 1 1 1 1 1 1 1 1 1 1 1 7 1 1 1 1 1 1 1 1 1 1 1 1 1 1 1 1 1 1 1 1 1 1 1 1 1 1 1 1 1 1 1 1 1 1 1 1 1 1 1 1 1 1 1 1 1 1 1 1 1 1 1 1 1 1 1 1 1 1 1 1 1 1 1 1 1 1 1 1 1 1 1 1 1 1 1 1 1 1 1 1 1 1 1 1 1 1 1 1 1 1 1 1 1 1 1 1 1 1 1 1 1 1 1 1 1 1 1 1 1 1 1 1 1 1 1 1 1 1 1 1 1 1 1 1 1 1 1 1 1 1 1 1 1 1 1 1 1 1 1 1 1 1 1 1 1 1 1 1 1 1 1 1 1 1 1 1 1 1 1 1 1 1 1 1 1 1 1 1 1 1 1 1 1 1 100 1 1 1 1 1 1 1 1 1 1 1 1 1 1 1 1 1 1 1 1 1 1 1 100 1 1 1 1 1 1 1 1 1 1 1 1 1 1 1 7 1 1 1 1 1 1 1 1 1 1 1 1 1 1 1 16 15 10 12 16 15 10 12 15 10 12 15 10 12 15 10 100 12 1 1 1 1 1 1 1 100 1 100 1 1 1
staticfield java/lang/String COMPACT_STRINGS Z 1
staticfield java/lang/String serialPersistentFields [Ljava/io/ObjectStreamField; 0 [Ljava/io/ObjectStreamField;
staticfield java/lang/String CASE_INSENSITIVE_ORDER Ljava/util/Comparator; java/lang/String$CaseInsensitiveComparator
ciInstanceKlass java/lang/constant/ConstantDesc 1 0 37 100 1 100 1 1 1 1 100 1 1 1 1 100 1 100 1 100 1 100 1 100 1 100 1 100 1 100 1 100 1 1 100 1 100 1 1
ciInstanceKlass jdk/internal/misc/VM 1 1 320 10 7 12 1 1 1 9 7 12 1 1 1 9 12 1 1 7 1 7 1 10 8 1 10 12 1 1 10 12 1 10 12 1 1 10 12 1 10 12 1 10 12 1 9 12 1 1 8 1 10 12 1 9 12 1 1 9 12 1 9 12 1 3 10 7 12 1 1 1 9 12 1 1 100 1 8 1 10 11 7 12 1 1 1 7 1 10 100 12 1 1 1 10 12 1 8 1 8 1 10 12 1 1 8 1 10 12 1 1 10 7 12 1 1 1 10 12 1 1 10 7 12 1 1 1 5 0 8 1 8 1 8 1 10 12 1 1 10 12 1 1 10 7 12 1 1 1 10 12 1 9 12 1 100 1 10 12 1 10 7 12 1 1 9 12 1 9 12 1 9 7 12 1 1 1 9 12 1 9 12 1 9 12 1 9 12 1 9 12 1 10 12 1 10 12 1 10 12 1 10 12 1 10 12 1 9 100 12 1 1 1 5 0 10 1 1 3 1 3 1 3 1 3 1 3 1 1 1 1 1 1 1 1 1 3 1 3 1 3 1 1 1 1 1 1 1 7 1 1 1 100 1 1 1 1 1 1 1 1 1 1 1 1 1 1 1 1 1 1 1 1 1 1 1 1 1 1 1 1 1 1 1 1 1 1 1 1 1 1 1 1 1 1 1 1 1 1 1 1 1 1 1 1 1 1 1 1 1 1 1 1 100 1 1 7 1 1 1 1
staticfield jdk/internal/misc/VM lock Ljava/lang/Object; java/lang/Object
ciInstanceKlass java/lang/InternalError 1 1 34 10 7 12 1 1 1 10 12 1 10 12 1 10 12 1 100 1 1 1 1 5 0 1 1 1 1 1 1 1 1 1 1 1
instanceKlass java/io/IOError
instanceKlass com/google/common/util/concurrent/ExecutionError
instanceKlass org/gradle/internal/impldep/com/google/common/util/concurrent/ExecutionError
instanceKlass org/apache/maven/BuildAbort
instanceKlass javax/xml/parsers/FactoryConfigurationError
instanceKlass com/google/common/util/concurrent/ExecutionError
instanceKlass java/util/ServiceConfigurationError
instanceKlass java/lang/ThreadDeath
instanceKlass java/lang/AssertionError
instanceKlass java/lang/VirtualMachineError
instanceKlass java/lang/LinkageError
ciInstanceKlass java/lang/Error 1 1 40 10 7 12 1 1 1 10 12 1 10 12 1 10 12 1 10 12 1 100 1 1 1 1 5 0 1 1 1 1 1 1 1 1 1 1 1 1 1 1
instanceKlass java/lang/StackOverflowError
instanceKlass java/lang/OutOfMemoryError
instanceKlass java/lang/InternalError
ciInstanceKlass java/lang/VirtualMachineError 1 1 34 10 7 12 1 1 1 10 12 1 10 12 1 10 12 1 100 1 1 1 1 5 0 1 1 1 1 1 1 1 1 1 1 1
ciInstanceKlass java/util/Set 1 1 144 100 1 10 7 12 1 1 1 9 7 12 1 1 1 7 1 10 12 1 1 10 12 1 7 1 7 1 10 12 1 7 1 7 1 11 7 12 1 1 1 11 12 1 1 7 1 10 12 1 10 12 1 1 11 12 1 1 1 1 1 1 1 1 1 1 1 1 1 1 1 1 1 1 1 1 1 1 1 1 1 1 1 1 1 1 1 1 1 1 1 1 1 1 1 1 1 1 1 1 1 1 1 1 1 1 1 1 1 1 1 1 1 1 1 1 1 1 1 1 1 1 1 1 1 1 1 1 1 1 1 1 1 1 1 1 1 1 1 1 1 1 1 1
ciInstanceKlass java/util/Iterator 1 1 53 100 1 8 1 10 12 1 1 10 7 12 1 1 1 11 7 12 1 1 1 11 12 1 1 11 7 12 1 1 1 7 1 1 1 1 1 1 1 1 1 1 1 1 1 1 1 1 1 1 1 1 1
instanceKlass org/gradle/internal/io/StreamByteBuffer$StreamByteBufferInputStream
instanceKlass com/esotericsoftware/kryo/io/Input
instanceKlass org/gradle/internal/serialize/kryo/KryoBackedDecoder$1
instanceKlass org/gradle/internal/remote/internal/inet/SocketConnection$SocketInputStream
instanceKlass org/gradle/internal/serialize/AbstractDecoder$DecoderStream
instanceKlass org/gradle/internal/file/RandomAccessFileInputStream
instanceKlass java/io/SequenceInputStream
instanceKlass org/eclipse/core/internal/content/LazyInputStream
instanceKlass org/apache/tools/ant/DemuxInputStream
instanceKlass org/eclipse/jdt/ls/core/internal/ConnectionStreamFactory$NamedPipeInputStream
instanceKlass sun/nio/ch/ChannelInputStream
instanceKlass java/io/ObjectInputStream$PeekInputStream
instanceKlass java/io/ObjectInputStream$BlockDataInputStream
instanceKlass org/eclipse/core/internal/resources/ContentDescriptionManager$LazyFileInputStream
instanceKlass java/io/ObjectInputStream
instanceKlass org/eclipse/core/internal/localstore/SafeChunkyInputStream
instanceKlass org/eclipse/core/internal/registry/BufferedRandomInputStream
instanceKlass com/sun/org/apache/xerces/internal/impl/XMLEntityManager$RewindableInputStream
instanceKlass org/eclipse/osgi/storage/url/reference/ReferenceInputStream
instanceKlass java/util/jar/JarVerifier$VerifierStream
instanceKlass java/util/zip/ZipFile$ZipFileInputStream
instanceKlass java/io/FilterInputStream
instanceKlass java/io/FileInputStream
instanceKlass java/io/ByteArrayInputStream
ciInstanceKlass java/io/InputStream 1 1 195 7 1 10 7 12 1 1 1 100 1 10 10 7 12 1 1 1 10 7 12 1 1 1 10 12 1 100 1 3 10 12 1 1 100 1 8 1 10 12 1 10 7 12 1 1 1 3 7 1 8 1 10 10 7 12 1 1 1 7 1 10 11 7 12 1 1 1 10 12 1 1 11 12 1 1 11 7 12 1 1 1 11 12 1 1 7 1 10 7 12 1 1 1 5 0 10 12 1 10 12 1 1 100 1 10 8 1 10 8 1 8 1 10 12 1 1 10 7 12 1 1 1 7 1 5 0 10 12 1 100 1 7 1 1 1 1 3 1 3 1 1 1 1 1 1 1 1 1 1 1 1 1 1 1 1 1 1 1 1 1 1 1 1 1 1 1 1 1 1 1 1 1 1 1 1 1 1 1 1 1 1 1 1 1 1 1 1 1 1 1 1 1 1 1
ciInstanceKlass jdk/internal/misc/Unsafe 1 1 1287 10 7 12 1 1 1 9 7 12 1 1 1 9 12 1 1 10 12 1 1 10 7 12 1 1 1 10 12 1 1 10 12 1 1 10 12 1 1 10 12 1 1 10 12 1 1 10 12 1 1 10 12 1 1 10 12 1 1 10 12 1 1 10 12 1 1 10 12 1 1 10 12 1 1 10 12 1 1 10 12 1 10 12 1 100 1 10 10 12 1 1 10 12 1 1 5 0 10 12 1 1 10 12 1 1 10 7 12 1 1 1 10 12 1 1 10 12 1 10 12 1 10 12 1 1 10 12 1 1 10 12 1 10 12 1 7 1 7 1 10 8 1 10 12 1 1 10 12 1 8 1 10 12 1 1 10 12 1 10 12 1 10 12 1 1 10 12 1 10 12 1 1 10 12 1 1 10 12 1 10 12 1 10 12 1 10 12 1 1 10 12 1 10 12 1 10 12 1 1 10 12 1 5 0 5 0 5 0 10 12 1 10 12 1 10 12 1 10 12 1 10 12 1 10 12 1 10 12 1 10 12 1 10 12 1 1 10 12 1 10 12 1 7 1 8 1 10 100 1 10 10 12 1 1 10 12 1 1 10 12 1 10 12 1 1 10 12 1 1 10 12 1 10 12 1 1 10 12 1 9 7 12 1 1 9 12 1 100 1 10 10 12 1 1 8 1 10 8 1 8 1 10 12 1 1 9 7 12 1 1 1 9 7 1 9 7 1 9 7 1 9 9 7 1 9 7 1 9 7 1 10 12 1 1 10 12 1 1 10 12 1 1 10 12 1 1 5 0 5 0 9 12 1 1 10 12 1 10 12 1 10 12 1 1 10 12 1 1 10 12 1 8 1 3 10 12 1 1 10 12 1 1 10 12 1 10 12 1 1 10 12 1 1 10 12 1 10 12 1 10 12 1 10 12 1 10 12 1 10 12 1 1 10 12 1 1 10 12 1 10 12 1 10 12 1 10 12 1 10 12 1 10 12 1 1 10 12 1 1 10 12 1 10 12 1 10 12 1 10 12 1 10 12 1 10 12 1 1 10 12 1 1 10 12 1 1 10 12 1 1 10 12 1 10 12 1 10 12 1 10 12 1 10 12 1 10 12 1 10 12 1 1 10 12 1 1 10 12 1 10 12 1 10 12 1 10 12 1 10 12 1 10 12 1 10 12 1 1 10 12 1 1 10 12 1 10 12 1 10 12 1 10 12 1 10 12 1 10 12 1 10 12 1 10 12 1 1 10 12 1 10 12 1 10 12 1 10 12 1 10 12 1 1 10 12 1 10 12 1 10 12 1 10 12 1 10 12 1 10 12 1 10 12 1 10 12 1 1 10 12 1 10 12 1 10 12 1 10 12 1 10 12 1 10 12 1 1 10 12 1 10 12 1 10 12 1 1 10 12 1 10 12 1 10 12 1 10 12 1 10 12 1 10 12 1 10 12 1 10 12 1 10 12 1 10 12 1 10 12 1 10 12 1 10 12 1 10 12 1 10 12 1 10 12 1 10 12 1 10 12 1 10 12 1 10 12 1 10 12 1 10 12 1 10 12 1 100 1 10 100 1 10 9 12 1 5 0 10 12 1 1 5 0 10 12 1 5 0 10 12 1 10 12 1 10 12 1 1 10 12 1 1 10 12 1 10 12 1 10 12 1 10 12 1 1 10 12 1 10 12 1 10 12 1 10 12 1 10 12 1 1 10 12 1 10 12 1 10 12 1 10 12 1 1 10 12 1 10 12 1 10 12 1 1 10 12 1 10 12 1 10 12 1 10 12 1 1 10 12 1 10 10 12 1 1 10 12 1 10 12 1 1 10 12 1 10 12 5 0 5 0 5 0 10 12 1 1 10 12 1 10 12 1 10 12 10 100 12 1 1 8 1 100 1 11 12 1 1 8 1 11 12 1 1 10 100 12 1 1 10 12 1 10 12 1 10 12 1 10 12 1 10 12 1 1 10 12 1 10 12 1 10 12 1 10 12 1 10 12 1 10 12 1 10 7 1 10 12 1 9 12 1 7 1 9 12 1 7 1 9 12 1 7 1 9 12 1 7 1 9 12 1 7 1 9 12 1 7 1 9 12 1 7 1 9 12 1 7 1 9 12 1 10 12 1 9 12 1 9 12 1 9 12 1 9 12 1 9 12 1 9 12 1 9 12 1 9 12 1 9 12 1 9 12 1 1 1 3 1 1 1 1 1 1 1 1 1 1 1 1 1 1 1 1 1 1 1 1 1 1 1 1 1 1 1 1 1 1 1 1 1 1 1 1 1 1 1 1 1 1 1 1 1 1 1 1 1 1 1 1 1 1 1 1 1 1 1 1 1 1 1 1 1 1 1 1 1 1 1 1 1 1 1 1 1 1 1 1 1 1 1 1 1 1 1 1 1 100 1 1 1 1 1 1 1 1 1 1 1 1 1 1 1 1 1 1 1 1 1 1 1 1 1 1 1 1 1 1 1 1 1 1 1 1 1 1 1 1 1 1 1 1 1 1 1 1 1 1 1 1 1 1 1 1 1 1 1 1 1 1 1 1 1 1 1 1 1 1 1 1 1 1 1 1 1 1 1 1 1 1 1 1 1 1 1 1 1 1 1 1 1 1 1 1 1 1 1 1 1 1 1 1 1 1 1 1 1 1 1 1 1 1 1 1 1 1 1 1 1 1 1 1 1 1 1 1 1 1 1 1 1 1 1 1 1 1 1 1 1 1 1 1 1 1 1 1 1 1 1 1 1 1 1 1 1 1 1 1 1 1 1 1 1 1 1 1 1 1 1 1 1 1 1 1 1 1 1 1 1 1 1 1 1 1 1 1 1 1 1 1 1 1 1 1 1 1 1 1 1 1 1 1 1 1 3 1 1 1 1 1 1 1 1 1 1 1 1 1 1 1 1 1 1 1 1 1
staticfield jdk/internal/misc/Unsafe theUnsafe Ljdk/internal/misc/Unsafe; jdk/internal/misc/Unsafe
staticfield jdk/internal/misc/Unsafe ARRAY_BOOLEAN_BASE_OFFSET I 16
staticfield jdk/internal/misc/Unsafe ARRAY_BYTE_BASE_OFFSET I 16
staticfield jdk/internal/misc/Unsafe ARRAY_SHORT_BASE_OFFSET I 16
staticfield jdk/internal/misc/Unsafe ARRAY_CHAR_BASE_OFFSET I 16
staticfield jdk/internal/misc/Unsafe ARRAY_INT_BASE_OFFSET I 16
staticfield jdk/internal/misc/Unsafe ARRAY_LONG_BASE_OFFSET I 16
staticfield jdk/internal/misc/Unsafe ARRAY_FLOAT_BASE_OFFSET I 16
staticfield jdk/internal/misc/Unsafe ARRAY_DOUBLE_BASE_OFFSET I 16
staticfield jdk/internal/misc/Unsafe ARRAY_OBJECT_BASE_OFFSET I 16
staticfield jdk/internal/misc/Unsafe ARRAY_BOOLEAN_INDEX_SCALE I 1
staticfield jdk/internal/misc/Unsafe ARRAY_BYTE_INDEX_SCALE I 1
staticfield jdk/internal/misc/Unsafe ARRAY_SHORT_INDEX_SCALE I 2
staticfield jdk/internal/misc/Unsafe ARRAY_CHAR_INDEX_SCALE I 2
staticfield jdk/internal/misc/Unsafe ARRAY_INT_INDEX_SCALE I 4
staticfield jdk/internal/misc/Unsafe ARRAY_LONG_INDEX_SCALE I 8
staticfield jdk/internal/misc/Unsafe ARRAY_FLOAT_INDEX_SCALE I 4
staticfield jdk/internal/misc/Unsafe ARRAY_DOUBLE_INDEX_SCALE I 8
staticfield jdk/internal/misc/Unsafe ARRAY_OBJECT_INDEX_SCALE I 4
staticfield jdk/internal/misc/Unsafe ADDRESS_SIZE I 8
instanceKlass lombok/launch/ShadowClassLoader
instanceKlass org/gradle/internal/classloader/CachingClassLoader
instanceKlass org/gradle/internal/classloader/MultiParentClassLoader
instanceKlass org/gradle/internal/classloader/FilteringClassLoader$RetrieveSystemPackagesClassLoader
instanceKlass org/gradle/internal/classloader/FilteringClassLoader
instanceKlass org/gradle/internal/classloader/FilteringClassLoader$RetrieveSystemPackagesClassLoader
instanceKlass org/gradle/internal/classloader/FilteringClassLoader
instanceKlass org/eclipse/sisu/space/CloningClassSpace$CloningClassLoader
instanceKlass org/apache/aries/spifly/Util$WrapperCL
instanceKlass org/apache/aries/spifly/MultiDelegationClassloader
instanceKlass lombok/launch/ShadowClassLoader
instanceKlass org/eclipse/osgi/internal/loader/ModuleClassLoader
instanceKlass org/eclipse/osgi/internal/framework/ContextFinder
instanceKlass org/eclipse/osgi/internal/framework/EquinoxContainer$1
instanceKlass lombok/launch/ShadowClassLoader
instanceKlass jdk/internal/reflect/DelegatingClassLoader
instanceKlass java/security/SecureClassLoader
ciInstanceKlass java/lang/ClassLoader 1 1 1108 9 7 12 1 1 1 10 7 12 1 1 1 9 12 1 1 10 7 12 1 1 1 7 1 10 12 1 1 10 12 1 1 9 12 1 1 10 12 1 1 100 1 10 12 1 10 12 1 1 10 7 12 1 1 1 100 1 8 1 10 12 1 10 7 12 1 1 1 10 7 12 1 10 7 1 10 7 1 7 1 7 1 10 12 1 10 12 1 9 12 1 1 10 10 7 12 1 1 1 9 12 1 1 9 12 1 9 12 1 1 9 12 1 9 12 1 1 9 12 1 1 7 1 10 12 1 9 12 1 1 10 12 1 1 10 7 12 1 1 1 9 12 1 9 12 1 1 9 12 1 10 12 1 1 9 12 10 12 1 1 7 1 10 8 1 10 12 1 1 10 12 1 10 7 1 7 1 10 12 1 1 10 7 12 1 1 1 8 1 10 12 1 10 12 1 10 12 1 1 10 12 1 1 10 12 1 1 10 12 1 1 10 12 1 1 10 12 1 7 1 10 12 1 10 7 12 1 1 1 10 12 1 1 10 12 1 10 12 1 10 12 1 10 12 1 10 12 1 1 10 10 12 1 10 12 1 10 100 12 1 1 10 12 1 1 10 12 1 1 10 12 1 100 1 10 12 1 7 1 10 12 1 10 7 12 1 1 1 10 10 12 1 1 10 12 1 1 7 1 8 1 10 8 1 10 12 1 10 12 1 100 1 8 1 10 12 1 1 10 12 1 1 10 10 12 1 1 10 12 1 1 10 12 1 1 10 7 1 10 12 1 1 10 12 1 1 10 12 1 1 10 12 1 1 10 12 1 1 10 12 1 1 10 12 1 10 7 12 1 1 1 10 12 1 10 12 1 10 12 1 1 10 12 1 10 12 1 10 12 1 10 12 1 1 10 12 1 10 12 1 1 8 1 9 12 1 10 12 1 1 8 1 8 1 10 7 12 1 1 100 1 10 10 12 10 12 1 10 12 1 10 12 1 10 12 1 1 10 7 12 1 1 10 12 1 10 7 1 7 1 10 12 1 1 10 12 1 10 7 1 10 12 1 100 1 18 12 1 10 100 12 1 1 1 10 7 12 1 1 1 10 7 12 1 1 10 12 1 10 12 1 100 1 10 12 1 8 1 10 10 12 1 1 10 12 1 10 12 1 1 7 1 10 12 1 10 12 1 1 10 7 12 1 1 10 12 1 8 1 100 1 10 10 12 1 9 12 1 10 7 12 1 1 10 12 1 7 1 8 1 10 12 1 10 8 1 8 1 10 12 1 1 10 12 1 1 10 12 1 1 10 7 12 1 1 7 1 100 1 10 12 1 1 7 1 7 1 10 7 12 1 1 10 12 1 10 12 1 1 10 12 1 10 12 1 1 10 12 1 1 9 100 12 1 1 1 10 12 1 1 10 12 1 10 12 1 10 12 1 1 10 12 1 8 1 7 1 18 12 1 1 10 12 1 1 10 12 1 10 12 1 10 12 1 8 1 10 12 1 10 12 1 18 12 1 11 7 12 1 1 1 7 1 10 12 1 1 10 12 1 10 11 12 1 1 10 18 10 12 1 1 11 7 12 1 18 12 1 11 12 1 1 10 12 10 12 1 1 10 12 1 1 100 1 8 1 10 10 12 1 8 1 8 1 10 100 12 1 1 10 12 1 100 1 10 10 12 1 8 1 8 1 8 1 10 12 1 10 12 1 1 10 12 1 10 7 12 1 1 1 11 7 12 1 1 100 1 10 11 10 12 1 10 12 1 10 12 1 1 9 7 12 1 1 9 12 1 1 9 12 9 12 1 9 12 1 9 12 1 8 10 12 1 1 10 7 12 1 1 1 10 12 1 1 10 12 1 1 10 12 1 10 10 12 1 11 12 1 1 10 100 12 1 1 1 100 1 10 12 1 10 12 1 10 12 1 1 1 1 1 1 1 1 1 1 1 1 1 1 1 1 1 1 1 1 1 1 1 1 1 1 1 1 100 1 1 1 1 1 1 1 1 1 1 1 1 1 1 1 1 1 1 1 1 1 100 1 1 1 1 1 1 1 1 1 1 100 1 1 1 1 1 1 1 1 1 1 1 1 1 1 1 1 1 1 1 1 1 1 1 1 1 1 1 1 1 1 1 1 1 1 1 1 1 1 1 1 1 100 1 1 1 1 1 1 1 1 1 1 1 1 1 1 1 1 1 1 1 7 1 1 1 1 1 1 1 1 1 1 1 1 1 1 1 1 1 1 1 1 1 1 1 1 1 1 1 1 1 1 1 1 1 1 1 1 1 1 1 1 1 1 1 1 1 1 1 1 1 1 100 1 1 1 1 1 1 1 1 1 1 1 1 1 1 1 1 1 1 1 1 1 1 1 1 1 1 1 1 1 1 1 1 1 1 1 1 1 1 1 1 1 1 1 1 1 1 16 1 15 10 12 16 1 16 15 10 12 16 1 16 1 15 10 12 16 15 10 12 16 15 10 12 16 15 10 7 12 1 1 1 1 1 100 1 100 1 1
staticfield java/lang/ClassLoader nocerts [Ljava/security/cert/Certificate; 0 [Ljava/security/cert/Certificate;
staticfield java/lang/ClassLoader $assertionsDisabled Z 1
ciInstanceKlass java/lang/reflect/Constructor 1 1 439 10 7 12 1 1 1 10 7 12 1 1 9 7 12 1 1 1 10 12 1 1 10 12 1 1 10 7 12 1 1 9 12 1 1 10 7 12 1 1 1 9 12 1 1 9 12 1 1 9 12 1 9 12 1 1 9 12 1 9 12 1 1 9 12 1 1 9 12 1 100 1 8 1 10 12 1 10 12 1 9 12 1 1 10 7 12 1 1 10 7 12 1 1 1 10 12 1 1 10 12 1 1 10 12 1 7 1 100 1 8 1 10 10 12 1 10 12 1 10 12 1 1 10 12 1 1 9 100 12 1 1 1 10 7 12 1 1 10 12 1 1 10 12 1 10 12 1 1 10 7 12 1 1 1 10 100 12 1 1 10 12 1 1 10 12 1 10 7 12 1 1 1 8 1 10 10 12 1 100 1 8 1 10 12 1 10 12 1 1 10 12 1 1 10 12 1 10 12 1 10 12 1 1 10 12 1 1 9 12 1 1 10 12 1 1 10 12 1 1 10 12 1 1 11 7 12 1 1 1 10 12 1 1 10 12 1 10 12 1 10 12 1 8 1 9 12 1 1 10 7 12 1 1 1 10 7 12 1 1 10 12 1 1 10 12 1 1 10 12 1 1 10 12 1 1 10 12 1 9 7 12 1 1 10 12 1 10 12 1 10 12 1 100 1 8 1 10 10 12 1 1 10 12 1 10 10 12 1 1 10 12 1 1 10 100 12 1 1 1 11 100 12 1 1 1 10 12 1 1 9 100 12 1 1 1 10 100 12 1 1 1 10 12 1 1 1 1 1 1 1 1 1 1 1 1 1 1 1 1 1 1 1 1 1 1 1 1 1 1 1 1 1 1 1 1 1 1 1 1 1 1 1 1 1 1 1 1 1 1 1 1 1 1 1 1 100 1 100 1 100 1 100 1 1 1 1 1 1 1 1 1 1 1 1 1 1 1 1 1 1 1 1 1 1 1 1 1 1 1 1 1 1 1 1 1 100 1 1
instanceKlass java/lang/reflect/Executable
instanceKlass java/lang/reflect/Field
ciInstanceKlass java/lang/reflect/AccessibleObject 1 1 400 10 7 12 1 1 1 9 100 12 1 1 1 10 7 12 1 1 1 10 7 12 1 1 10 7 12 1 1 1 10 7 12 1 1 1 10 12 1 1 10 12 1 1 9 12 1 1 7 1 10 7 12 1 1 1 11 12 1 7 1 10 12 1 7 1 100 1 10 12 1 10 12 1 1 10 12 1 1 10 12 1 1 10 12 1 1 7 1 10 7 12 1 1 1 10 12 1 1 11 10 7 12 1 1 1 10 12 1 1 10 12 1 10 12 1 10 12 1 1 10 12 1 8 1 7 1 7 1 10 10 12 1 1 8 1 10 12 1 10 12 1 8 1 8 1 8 1 8 1 8 1 8 1 8 1 8 1 8 1 7 1 10 12 1 10 12 1 9 12 1 1 10 12 1 1 10 12 1 10 7 1 100 1 8 1 10 8 1 10 12 1 8 1 10 12 1 10 12 1 1 10 100 1 8 1 10 11 7 12 1 1 1 10 12 1 1 10 12 1 1 10 12 1 1 9 12 1 1 100 1 10 12 1 7 1 10 12 1 10 12 1 1 10 100 1 10 12 1 10 12 10 12 1 10 12 1 10 12 1 1 10 12 1 9 12 1 10 7 12 1 1 8 1 10 7 12 1 1 1 8 1 10 7 12 1 1 1 9 12 1 7 1 10 7 1 10 10 7 12 1 1 1 7 1 10 10 7 12 1 1 1 7 1 9 12 1 1 1 1 1 1 1 1 1 1 1 1 1 1 1 1 1 1 1 1 1 1 1 1 1 1 1 1 1 1 1 1 1 1 1 1 1 1 1 1 1 1 1 1 1 1 1 1 1 1 1 1 1 1 1 1 1 1 1 1 1 1 1 1 1 1 1 1 1 1 1 1 1 1 1 1 1 1 1 1 1 1 1 1
staticfield java/lang/reflect/AccessibleObject reflectionFactory Ljdk/internal/reflect/ReflectionFactory; jdk/internal/reflect/ReflectionFactory
instanceKlass java/lang/reflect/Constructor
instanceKlass java/lang/reflect/Method
ciInstanceKlass java/lang/reflect/Executable 1 1 581 10 7 12 1 1 1 10 7 12 1 1 1 10 7 12 1 1 1 11 7 12 1 1 1 10 7 12 1 1 1 10 12 1 1 10 7 12 1 1 1 10 7 12 1 1 1 10 12 1 8 1 10 10 12 1 1 10 12 1 1 10 7 12 1 1 1 18 12 1 1 11 7 12 1 1 1 8 1 8 1 8 1 10 7 12 1 1 1 11 12 1 1 7 1 8 1 8 1 10 12 1 7 1 8 1 10 12 1 8 1 11 100 12 1 1 1 7 1 11 7 12 1 1 1 11 12 1 8 1 18 8 1 10 12 1 10 12 1 1 18 8 1 10 12 1 100 1 10 12 1 10 12 1 11 12 1 10 12 1 1 8 1 8 1 10 12 1 1 10 12 1 1 10 10 12 1 9 100 12 1 1 1 10 100 12 1 1 1 10 12 1 10 12 1 1 10 7 12 1 1 10 12 1 10 12 1 10 12 1 10 7 12 1 1 7 1 10 100 12 1 1 1 10 12 1 1 10 7 12 1 1 10 12 1 10 12 1 1 9 7 12 1 1 1 10 7 10 12 1 8 1 10 12 1 10 12 1 3 100 1 8 1 10 12 1 10 12 1 10 10 12 1 10 12 1 1 8 1 8 1 8 1 9 12 1 1 9 12 1 10 12 1 100 1 8 1 10 12 1 10 12 1 10 12 1 1 10 12 1 1 10 12 1 10 12 10 12 1 7 1 10 12 1 10 12 1 1 100 1 10 7 12 1 1 1 7 1 10 7 12 1 1 1 10 12 1 1 11 7 12 1 1 10 12 1 10 100 12 1 1 1 10 12 1 1 9 12 1 10 12 1 1 10 12 1 10 12 1 1 9 7 12 1 1 1 10 7 12 1 1 1 10 12 1 10 12 1 1 9 12 1 10 10 10 10 100 12 1 1 1 10 12 1 9 12 1 10 12 1 1 9 12 1 7 1 7 1 1 1 1 1 1 1 1 1 1 1 1 1 1 1 1 1 1 1 1 1 1 1 1 1 1 1 1 1 1 1 1 1 1 1 1 100 1 1 1 1 1 1 1 1 1 1 1 1 1 1 1 1 1 1 1 100 1 1 1 1 1 1 1 1 1 1 1 1 1 1 1 1 1 1 1 1 1 1 1 1 1 1 1 1 1 1 1 1 1 1 1 1 1 1 1 1 1 1 1 7 1 1 1 1 1 1 1 1 1 1 1 1 1 1 1 1 1 1 1 1 1 1 7 1 1 16 15 16 1 16 1 15 10 12 16 15 10 7 12 1 1 1 1 1 1 100 1 1 100 1 100 1 1
ciInstanceKlass java/lang/reflect/Member 1 1 37 100 1 10 12 1 1 100 1 100 1 1 1 1 3 1 3 1 1 1 1 1 1 1 1 1 1 1 1 1 1 1 1 1 1 1 1
instanceKlass org/eclipse/jdt/internal/core/BinaryMethod$1
instanceKlass org/gradle/tooling/internal/consumer/DistributionInstaller$AsyncDownload$1
instanceKlass java/util/TimerThread
instanceKlass com/sun/jna/internal/Cleaner$CleanerThread
instanceKlass org/eclipse/core/internal/jobs/InternalWorker
instanceKlass org/eclipse/core/internal/jobs/Worker
instanceKlass java/util/logging/LogManager$Cleaner
instanceKlass org/eclipse/osgi/framework/eventmgr/EventManager$EventThread
instanceKlass org/eclipse/equinox/launcher/Main$SplashHandler
instanceKlass jdk/internal/misc/InnocuousThread
instanceKlass java/util/concurrent/ForkJoinWorkerThread
instanceKlass java/lang/ref/Finalizer$FinalizerThread
instanceKlass java/lang/ref/Reference$ReferenceHandler
instanceKlass java/lang/BaseVirtualThread
ciInstanceKlass java/lang/Thread 1 1 870 10 7 12 1 1 1 9 12 1 1 10 7 12 1 1 10 12 1 10 100 12 1 1 100 1 8 1 10 12 1 1 9 12 1 9 12 1 1 9 12 1 1 7 1 10 12 1 1 10 12 1 10 7 12 1 1 1 10 12 9 12 1 1 10 12 1 7 1 10 12 1 100 1 8 1 10 9 7 12 1 1 1 10 12 1 1 10 12 1 1 10 12 1 1 10 12 1 10 12 1 1 3 8 1 7 1 5 0 10 7 12 1 1 1 9 12 1 10 12 1 1 10 7 12 1 1 1 10 7 12 1 1 1 10 12 1 1 10 12 1 1 9 12 1 1 10 7 1 8 1 10 7 1 10 12 1 9 12 1 1 10 7 12 1 1 1 10 10 12 1 1 9 100 12 1 1 1 10 12 1 1 10 12 1 1 10 7 12 1 1 10 12 1 10 12 1 10 7 12 1 1 9 12 1 10 7 12 1 1 1 10 12 1 1 9 12 1 1 9 12 1 1 10 7 12 1 1 1 9 12 1 1 10 100 12 1 1 10 100 12 1 1 1 10 12 1 10 12 1 10 7 12 1 1 9 12 1 8 1 9 7 12 1 1 9 12 1 1 5 0 100 1 10 100 1 10 100 1 10 7 1 10 8 1 10 12 1 1 10 7 12 1 10 12 1 10 12 1 100 1 8 1 10 10 12 1 10 12 1 1 10 100 12 1 1 1 10 100 12 1 1 1 10 12 1 7 1 9 12 1 1 100 1 10 10 12 1 9 12 1 1 10 12 1 1 10 12 1 1 10 12 1 10 12 1 9 12 1 1 10 10 12 1 1 10 12 1 1 11 7 12 1 1 10 7 12 1 1 9 12 1 9 12 1 1 9 12 1 1 10 100 12 1 1 10 12 1 1 9 7 12 1 1 1 10 7 12 1 1 10 12 1 10 12 1 100 1 10 10 12 9 12 1 1 10 12 1 11 100 12 1 1 10 12 1 10 12 1 10 12 1 9 12 1 10 10 12 1 10 12 1 1 9 12 1 9 12 10 12 1 8 1 10 12 1 10 12 1 10 12 1 10 12 1 10 12 1 1 10 12 1 10 12 1 1 10 12 1 10 12 1 10 12 1 10 12 1 10 12 1 1 9 7 12 1 1 1 8 1 10 9 12 1 10 12 1 7 1 8 1 10 10 12 1 8 1 10 12 1 1 9 12 10 12 8 1 10 10 12 1 10 12 1 8 1 10 12 1 10 8 1 10 100 12 1 1 10 12 1 1 100 1 8 1 10 9 12 1 9 12 1 1 10 12 1 1 10 10 12 1 10 12 1 100 10 7 12 1 1 1 9 12 1 10 12 1 1 10 12 1 1 10 100 12 1 1 1 11 7 12 1 1 1 9 100 12 1 1 1 10 100 12 1 1 1 7 1 10 12 1 100 1 10 12 1 10 12 1 1 10 12 1 1 8 1 9 12 1 10 12 1 10 12 1 1 11 7 12 1 1 1 10 12 1 1 1 1 3 1 3 1 3 1 3 1 1 1 1 1 1 1 1 1 1 1 1 1 1 1 1 1 1 1 1 1 7 1 1 1 1 1 1 1 1 1 1 1 1 1 1 1 1 1 1 1 1 1 1 7 1 1 1 1 1 1 1 1 1 1 1 1 1 1 1 1 7 1 7 1 1 1 1 1 1 1 1 1 1 1 1 1 1 1 1 1 1 1 1 1 1 1 1 1 1 1 1 1 1 1 1 1 1 1 1 1 1 1 1 1 1 1 1 1 1 1 1 1 1 1 1 1 1 1 1 1 1 1 1 1 1 1 1 1 1 1 1 1 1 1 1 1 1 1 1 100 100 1 1 1 1 1 1 1 1 1 1 1 1 1 1 1 1 1 1 1 1 1 1 1 1 1 1 100 1 100 1 100 1 100 1 100 1 1 100 1 1 1 1 1 1 1 1 1 1 1 1 1 1 1
staticfield java/lang/Thread NEW_THREAD_BINDINGS Ljava/lang/Object; java/lang/Class
staticfield java/lang/Thread EMPTY_STACK_TRACE [Ljava/lang/StackTraceElement; 0 [Ljava/lang/StackTraceElement;
ciInstanceKlass java/lang/Runnable 1 0 11 100 1 100 1 1 1 1 1 1 1
ciInstanceKlass java/net/URL 1 1 771 10 7 12 1 1 1 10 12 1 10 7 12 1 1 9 12 1 1 9 12 1 10 7 12 1 1 1 10 12 1 1 10 12 1 1 9 12 1 1 10 7 12 1 1 1 8 1 10 12 1 1 7 1 10 10 12 1 1 8 1 10 12 1 1 9 12 1 7 1 8 1 10 12 1 10 12 1 8 1 9 12 1 10 12 1 1 9 12 1 10 12 1 10 12 1 9 12 1 9 12 1 8 1 9 12 1 10 12 1 1 8 1 9 12 1 1 10 12 1 1 10 7 12 1 1 1 8 1 10 12 1 7 1 10 12 1 10 12 1 10 12 1 10 12 1 1 10 12 1 1 8 1 10 12 1 1 10 12 1 8 1 9 12 1 8 1 10 12 1 10 7 12 1 1 1 7 1 10 12 1 10 12 1 1 10 7 12 1 1 1 100 1 8 1 10 10 12 1 8 1 10 12 1 1 10 12 1 10 12 1 10 12 1 10 12 1 10 12 1 10 12 1 8 1 10 12 1 8 1 10 10 7 1 10 10 12 1 8 1 10 7 12 1 1 1 10 12 1 9 100 12 1 1 1 10 7 12 1 1 1 9 12 1 1 10 12 1 10 100 12 1 1 1 100 1 100 1 10 12 1 10 12 1 10 12 1 10 12 1 10 12 1 10 12 10 10 12 1 10 12 1 10 12 1 1 8 1 9 100 12 1 1 1 10 100 12 1 1 1 10 12 1 1 9 100 12 1 1 1 10 12 1 1 100 1 10 12 1 10 12 1 10 10 12 1 1 10 12 1 1 10 12 1 10 12 1 10 12 1 10 7 12 1 1 1 10 12 1 1 10 12 1 9 12 1 1 9 12 1 1 7 1 8 1 10 10 12 1 9 12 1 1 10 7 12 1 1 8 1 10 7 12 1 1 8 1 10 12 1 1 10 12 1 8 1 8 1 10 7 12 1 1 1 7 1 10 7 12 1 1 1 10 12 1 10 12 1 7 1 10 9 7 12 1 1 1 10 7 12 1 1 10 12 1 1 10 12 1 8 1 7 1 10 10 7 12 1 1 1 10 12 1 8 9 100 12 1 1 1 10 12 1 1 10 12 1 10 12 1 1 10 7 12 1 1 11 7 12 1 1 10 12 1 10 12 1 9 12 1 10 12 1 1 10 100 12 1 1 10 7 12 1 1 1 8 10 7 12 1 1 7 1 10 8 8 10 12 1 8 8 8 7 1 10 12 1 9 12 1 1 10 12 1 10 12 1 1 10 12 1 10 12 10 12 1 1 10 12 1 1 10 10 10 12 1 10 12 1 10 12 1 10 12 1 10 12 1 10 10 12 1 7 1 8 1 10 10 10 12 1 1 10 12 1 10 12 1 1 8 1 7 1 10 10 7 1 10 12 1 9 7 12 1 1 1 9 12 1 1 7 1 10 10 7 12 1 1 1 7 1 1 1 1 1 5 0 1 1 1 1 1 1 1 1 1 1 1 1 1 1 1 1 1 1 1 1 1 1 1 1 1 1 1 1 1 1 1 1 1 1 1 1 1 1 1 1 1 1 1 1 1 1 1 1 7 1 1 1 1 1 1 1 1 1 1 1 1 1 1 1 1 1 1 1 1 1 1 1 1 1 1 1 1 1 1 1 1 1 1 1 1 1 100 1 1 1 1 1 1 1 1 1 1 1 1 1 1 1 1 1 7 1 1 1 1 1 1 1 1 1 1 1 1 1 1 1 1 1 1 1
staticfield java/net/URL defaultFactory Ljava/net/URLStreamHandlerFactory; java/net/URL$DefaultFactory
staticfield java/net/URL streamHandlerLock Ljava/lang/Object; java/lang/Object
staticfield java/net/URL serialPersistentFields [Ljava/io/ObjectStreamField; 7 [Ljava/io/ObjectStreamField;
ciMethod java/lang/System arraycopy (Ljava/lang/Object;ILjava/lang/Object;II)V 256 0 128 0 -1
ciInstanceKlass java/lang/Module 1 1 1070 10 7 12 1 1 1 9 7 12 1 1 1 10 7 12 1 1 1 9 12 1 9 12 1 1 9 12 1 1 10 12 1 1 10 12 1 10 12 1 1 10 7 12 1 1 1 7 1 10 7 12 1 1 1 10 12 1 1 11 7 12 1 1 1 10 12 1 1 10 7 12 1 1 1 10 12 1 1 10 7 12 1 1 1 9 100 12 1 1 1 10 7 12 1 1 1 10 12 1 8 1 10 7 12 1 1 1 10 7 12 1 1 1 10 7 12 1 1 1 10 12 1 10 12 1 9 12 1 1 10 100 12 1 1 100 1 7 1 10 8 1 10 12 1 1 10 12 1 10 12 10 12 1 10 7 12 1 1 8 1 8 1 10 8 1 8 1 9 12 1 1 8 1 10 100 12 1 1 1 10 12 1 9 12 1 1 11 12 1 9 7 12 1 1 10 7 12 1 1 1 10 7 12 1 1 1 10 12 1 1 8 1 10 12 1 1 10 12 1 10 12 1 1 9 7 12 1 1 1 10 12 1 1 10 12 1 1 9 12 1 10 12 1 10 12 1 9 12 1 1 11 7 12 1 1 10 12 1 1 9 12 1 9 12 1 10 12 1 10 12 1 100 1 8 1 10 10 12 1 1 10 12 1 8 1 10 12 1 1 8 1 8 1 10 12 1 1 10 12 1 10 12 1 1 18 12 1 1 10 12 1 1 11 12 1 9 12 1 11 12 10 100 12 1 1 100 1 8 1 10 11 12 1 1 10 7 12 1 1 1 10 12 1 10 12 1 1 11 12 1 1 11 7 12 1 1 11 12 1 1 9 12 1 11 12 1 10 12 1 1 10 12 1 1 9 12 1 10 12 10 7 12 1 1 10 7 1 18 12 1 1 11 100 12 1 1 1 18 12 1 11 12 1 1 10 100 12 1 1 1 11 12 1 1 10 7 12 1 1 7 1 11 12 1 7 1 7 1 10 12 1 10 7 12 1 1 1 10 11 7 12 1 8 1 10 10 12 1 1 10 7 12 1 1 10 12 1 10 12 1 7 1 10 12 1 10 11 12 1 1 10 12 10 12 1 1 9 12 1 1 100 1 10 10 12 1 1 11 7 1 10 12 1 1 11 12 1 10 10 12 1 11 10 12 1 1 10 12 1 1 10 12 1 1 10 7 12 1 1 10 12 1 10 12 1 1 10 10 12 1 1 10 12 1 18 12 1 11 12 1 18 12 1 10 12 1 10 12 1 10 12 7 1 10 12 1 10 12 1 10 12 1 9 12 1 7 1 10 10 10 10 12 1 10 12 1 10 12 1 10 12 1 1 10 12 1 1 10 12 1 9 12 1 18 12 1 1 10 7 12 1 1 1 100 1 8 1 10 12 1 1 10 12 1 1 10 7 12 1 1 7 1 10 12 1 1 7 1 8 1 10 12 1 1 100 1 11 12 1 1 10 100 12 1 1 1 18 12 1 1 11 100 12 1 1 1 100 1 10 12 1 10 12 1 1 7 1 7 1 10 12 8 1 10 12 1 1 10 12 1 1 10 7 12 1 1 10 12 1 1 10 12 1 10 12 10 12 1 1 7 1 10 10 12 1 1 10 7 12 1 1 1 100 1 10 12 1 1 10 7 12 1 1 8 1 18 12 1 1 100 1 100 1 9 12 1 1 9 12 1 9 12 1 11 100 12 1 1 1 100 1 11 12 1 1 100 1 10 12 1 8 1 10 12 1 10 12 10 12 1 8 1 10 10 100 12 1 1 7 1 10 10 12 1 10 7 12 1 1 9 12 1 9 12 1 9 12 1 9 12 1 10 12 11 12 1 10 12 1 7 1 1 1 1 1 1 1 1 1 1 1 1 1 1 1 1 1 1 1 100 1 1 1 1 1 1 1 1 1 1 1 1 1 1 1 1 1 1 1 1 1 1 1 1 1 1 1 1 1 1 1 1 1 1 1 1 1 1 1 1 1 1 1 1 1 1 1 1 1 1 1 1 1 1 1 1 1 1 1 1 1 1 1 1 1 1 1 1 1 1 1 1 1 1 1 1 1 1 1 1 1 1 1 1 1 1 1 1 1 1 1 1 1 1 1 100 100 1 1 1 1 1 1 1 1 1 1 1 1 1 1 1 1 1 1 1 1 1 1 1 1 1 1 1 100 1 7 1 1 1 1 1 1 1 1 1 1 1 1 1 1 1 1 1 1 1 1 100 1 1 1 1 1 1 1 1 1 1 1 1 1 1 1 1 1 1 1 1 1 1 1 16 15 10 12 16 16 15 10 12 16 16 15 10 16 1 15 10 12 16 1 15 10 12 16 1 16 15 10 12 16 16 1 15 10 12 16 15 10 7 12 1 1 1 15 10 100 12 1 1 1 1 1 1 1 1 1 1 1 100 1 100 1 1 100 1 100 1 1
staticfield java/lang/Module ALL_UNNAMED_MODULE Ljava/lang/Module; java/lang/Module
staticfield java/lang/Module ALL_UNNAMED_MODULE_SET Ljava/util/Set; java/util/ImmutableCollections$Set12
staticfield java/lang/Module EVERYONE_MODULE Ljava/lang/Module; java/lang/Module
staticfield java/lang/Module EVERYONE_SET Ljava/util/Set; java/util/ImmutableCollections$Set12
staticfield java/lang/Module $assertionsDisabled Z 1
ciInstanceKlass java/lang/Character 1 1 604 7 1 7 1 100 1 9 12 1 1 8 1 9 12 1 1 7 1 9 12 1 1 10 7 12 1 1 1 10 100 12 1 1 1 10 100 12 1 1 1 10 7 12 1 1 1 9 7 12 1 1 1 10 12 1 10 12 1 1 10 12 1 1 10 7 12 1 1 10 12 1 1 3 3 3 3 3 10 12 1 1 10 12 1 3 11 7 12 1 1 1 11 12 1 1 10 12 1 1 10 12 1 1 100 1 10 10 12 1 3 10 12 1 1 10 12 1 10 12 1 1 100 1 8 1 10 12 1 1 10 12 1 10 12 1 10 12 1 10 100 12 1 1 1 10 12 1 10 12 1 10 12 1 1 10 12 1 10 7 12 1 1 10 10 12 1 10 10 12 1 10 12 1 1 10 12 1 10 10 12 1 10 12 1 10 12 1 10 12 1 10 12 1 10 12 1 10 12 1 10 12 10 10 12 10 10 12 1 10 10 12 1 10 10 12 1 10 10 12 1 10 12 1 10 12 1 10 12 1 10 12 1 10 12 1 10 12 1 10 10 12 1 10 10 12 1 10 10 12 1 1 10 10 12 1 10 5 0 10 12 1 10 12 1 10 10 12 1 10 10 12 1 1 10 10 12 1 10 10 12 1 9 12 1 1 100 1 10 10 12 1 10 12 1 1 3 10 100 12 1 1 1 10 12 1 10 100 12 1 1 7 1 10 10 12 1 1 10 12 1 1 10 12 1 1 8 1 10 12 1 9 100 12 1 1 1 10 12 1 10 10 12 1 10 12 1 1 10 12 1 10 10 12 1 1 10 10 12 1 1 7 1 8 1 10 12 1 1 10 7 12 1 1 1 8 1 10 12 1 1 9 12 1 1 7 1 7 1 7 1 1 1 1 3 1 3 1 3 1 3 1 1 1 1 1 3 1 1 3 1 3 1 3 1 3 1 3 1 3 1 3 1 3 1 3 1 3 1 3 1 3 1 3 1 3 1 3 1 3 1 3 1 3 1 3 1 3 1 3 1 3 1 3 1 3 1 3 1 3 1 3 1 3 1 1 1 1 1 1 1 1 1 1 1 1 1 1 1 1 1 1 1 3 1 1 1 1 1 1 1 3 1 1 3 1 1 1 1 1 3 1 1 5 0 1 1 1 1 1 1 1 1 1 1 1 1 1 1 1 1 1 1 1 1 1 1 1 1 1 1 1 1 1 1 1 1 1 1 1 1 1 1 1 1 1 1 1 1 1 1 1 1 1 1 1 1 1 1 1 1 1 1 1 1 1 1 1 1 1 1 1 1 1 1 1 1 1 1 1 1 1 1 1 1 1 1 1 1 1 1 1 1 1 1 100 1 100 1 1 1 1 1 1
staticfield java/lang/Character TYPE Ljava/lang/Class; java/lang/Class
staticfield java/lang/Character $assertionsDisabled Z 1
ciInstanceKlass java/util/Arrays 1 1 1029 10 7 12 1 1 1 10 7 12 1 1 1 10 7 12 1 1 1 10 12 1 10 12 1 10 12 1 10 12 1 10 12 1 10 12 1 10 100 12 1 1 1 100 1 7 1 10 8 1 10 12 1 1 10 12 1 8 1 8 1 10 12 1 1 10 12 1 100 1 10 12 1 9 100 12 1 1 1 10 7 12 1 1 100 1 10 12 1 1 10 7 12 1 1 10 7 12 1 1 1 100 1 10 12 1 10 12 1 1 7 1 9 7 12 1 1 1 10 12 1 1 10 7 12 1 1 10 12 1 10 12 1 1 10 12 1 10 12 1 1 7 1 11 12 1 1 10 12 1 10 7 12 1 1 1 10 12 10 12 1 10 12 1 10 12 10 12 1 11 7 12 1 1 1 10 7 12 1 1 1 100 1 10 12 1 10 100 1 10 12 1 10 100 1 10 12 1 10 100 1 10 12 1 10 10 12 1 1 10 12 1 10 12 1 10 12 1 10 12 1 10 12 1 10 7 12 1 1 1 10 12 1 10 7 12 1 1 1 10 12 1 10 12 1 10 7 12 1 1 1 10 12 1 10 12 1 10 12 1 10 12 1 10 12 1 10 12 1 10 12 1 10 12 1 10 12 1 10 12 1 10 12 1 10 12 1 10 12 1 10 12 1 10 12 1 10 12 1 1 10 12 1 1 10 7 12 1 1 1 10 7 1 10 100 1 10 7 1 10 100 1 10 7 1 10 100 1 10 100 1 10 100 1 10 12 1 8 1 10 12 1 1 10 12 1 1 10 12 1 1 10 12 1 1 10 12 1 1 10 12 1 1 10 12 1 1 10 12 1 1 10 12 1 1 7 1 10 12 10 12 1 1 10 12 1 10 12 1 1 10 12 1 1 9 7 12 1 1 1 10 12 1 9 7 1 10 12 1 9 7 1 10 12 1 9 7 1 10 12 1 9 7 1 10 12 1 9 7 1 10 12 1 9 10 12 1 10 12 1 10 12 1 9 12 1 100 1 10 10 12 1 1 10 12 1 10 12 1 10 12 1 10 12 1 10 12 1 10 12 1 10 12 1 10 12 1 10 12 1 8 1 8 1 10 12 1 10 12 1 8 1 10 12 1 10 12 1 10 12 1 10 7 12 1 1 1 3 10 7 1 10 10 12 1 1 11 100 12 1 1 10 12 1 1 10 12 1 10 12 1 10 12 1 10 12 1 10 12 1 10 12 1 10 12 1 10 12 1 11 12 1 8 1 10 11 12 1 11 7 12 1 1 1 11 100 12 1 1 1 11 12 1 1 18 12 1 1 11 12 1 1 11 100 12 1 1 1 18 12 1 11 100 12 1 1 1 18 12 1 11 100 12 1 1 1 18 12 1 100 1 10 7 12 1 1 1 10 12 1 10 12 1 10 12 1 10 12 1 10 12 1 10 12 1 10 12 1 10 12 1 1 10 12 1 10 7 12 1 1 10 12 1 10 12 1 10 12 1 1 10 12 1 10 12 1 10 12 1 1 10 12 1 10 12 1 10 12 1 1 10 12 1 10 12 1 10 12 1 10 12 1 10 12 10 12 1 10 12 10 12 10 12 1 10 12 10 12 1 10 12 1 10 12 1 1 1 1 3 1 3 1 1 1 1 1 1 1 1 1 1 1 1 1 1 1 1 1 1 1 1 1 1 1 1 1 1 1 1 1 1 1 1 1 1 1 1 1 1 1 1 1 1 1 1 1 1 1 1 1 1 1 1 1 1 1 1 1 1 1 1 1 1 1 1 1 1 1 1 1 1 1 1 1 1 1 1 1 1 1 1 1 1 1 1 1 1 1 1 1 1 1 1 1 1 1 1 1 1 1 1 1 1 1 1 1 1 1 1 1 1 1 1 1 1 1 1 1 1 1 1 1 1 1 1 1 1 1 1 1 1 1 1 1 1 1 1 1 1 1 1 1 1 1 1 1 1 1 1 1 1 1 1 1 1 1 1 1 1 1 1 1 1 1 1 1 1 1 1 1 1 1 1 1 1 1 1 1 1 1 1 1 1 1 1 1 1 1 1 1 1 1 1 1 1 1 1 1 1 1 1 1 1 1 1 1 1 1 1 1 1 1 1 1 1 1 1 1 1 1 1 1 1 1 1 1 1 1 1 1 1 1 1 1 1 1 1 1 1 1 1 1 1 1 1 1 1 1 1 1 1 1 1 1 1 100 1 1 16 15 10 12 15 10 12 15 10 12 15 10 12 15 10 100 12 1 1 1 1 1 100 1 100 1 1 1 1 100 1 1 1 1 1 1 100 1 1 100 1 1 100 1 1 1 100 1 100 1 1
staticfield java/util/Arrays $assertionsDisabled Z 1
ciInstanceKlass java/lang/OutOfMemoryError 1 1 26 10 100 12 1 1 1 10 12 1 100 1 1 1 1 5 0 1 1 1 1 1 1 1 1 1
ciInstanceKlass java/lang/Integer 1 1 453 7 1 7 1 7 1 7 1 10 12 1 1 9 12 1 1 9 12 1 1 10 100 12 1 1 1 10 12 1 1 10 100 12 1 1 1 10 10 12 1 1 10 7 12 1 1 1 10 12 1 10 12 1 1 10 7 12 1 1 1 10 12 1 1 10 12 1 1 10 12 1 10 12 1 10 12 1 1 10 10 12 1 9 12 1 1 9 12 1 7 1 8 1 10 12 1 7 1 10 12 1 8 1 10 12 1 1 10 12 1 8 1 10 12 1 8 1 10 12 1 1 3 10 12 1 1 3 10 12 1 1 10 12 1 1 10 7 12 1 1 1 11 7 1 10 12 1 1 11 10 12 1 1 8 1 10 12 1 1 8 1 7 1 10 12 1 1 10 12 1 1 5 0 8 1 10 12 1 10 12 1 10 12 1 10 12 1 1 7 1 9 12 1 1 9 12 1 1 10 12 1 10 7 1 9 12 1 10 12 1 10 12 1 10 12 1 1 10 7 12 1 1 1 100 1 100 1 10 12 1 1 10 12 1 1 8 1 8 1 10 12 1 1 8 1 8 1 8 1 8 1 8 1 8 1 10 12 1 10 12 1 5 0 3 3 3 3 10 12 1 10 12 1 3 10 12 1 10 100 12 1 1 1 10 12 1 1 10 12 1 1 8 1 10 7 12 1 1 1 9 12 1 1 7 1 7 1 7 1 1 1 1 3 1 1 1 3 1 3 1 1 5 0 1 1 1 1 1 1 1 1 1 100 1 1 1 1 1 1 1 1 1 1 1 1 1 1 1 1 1 1 1 1 1 1 1 1 1 1 1 1 1 1 1 1 1 1 1 1 1 1 1 1 3 1 1 1 1 1 1 1 1 1 1 1 1 1 1 1 1 7 1 1 1 1 1 1 1 1 1 1 1 1 1 1 1 1 1 1 1 1 1 1 1 1 1 1 1 1 1 1 1 1 1 1 1 1 1 1 1 1 1 1 1 1 1 1 7 1 1 1 1 1 1 1 1 1 100 1 100 1 1
staticfield java/lang/Integer TYPE Ljava/lang/Class; java/lang/Class
staticfield java/lang/Integer digits [C 36
staticfield java/lang/Integer DigitTens [B 100
staticfield java/lang/Integer DigitOnes [B 100
instanceKlass java/math/BigDecimal
instanceKlass com/google/gson/internal/LazilyParsedNumber
instanceKlass com/sun/jna/IntegerType
instanceKlass java/util/concurrent/atomic/Striped64
instanceKlass java/math/BigInteger
instanceKlass java/util/concurrent/atomic/AtomicLong
instanceKlass java/util/concurrent/atomic/AtomicInteger
instanceKlass java/lang/Long
instanceKlass java/lang/Integer
instanceKlass java/lang/Short
instanceKlass java/lang/Byte
instanceKlass java/lang/Double
instanceKlass java/lang/Float
ciInstanceKlass java/lang/Number 1 1 37 10 7 12 1 1 1 10 100 12 1 1 1 100 1 1 1 1 5 0 1 1 1 1 1 1 1 1 1 1 1 1 1 1 1 1 1
ciInstanceKlass java/lang/Thread$FieldHolder 1 1 48 10 7 12 1 1 1 9 7 12 1 1 1 9 12 1 1 9 12 1 1 9 12 1 1 9 12 1 1 1 1 1 1 1 1 1 1 100 1 100 1 1 1 1 100 1 1 1
ciInstanceKlass java/lang/Thread$Constants 0 0 59 7 1 10 7 12 1 1 1 100 1 10 10 7 12 1 1 1 7 1 8 1 10 12 1 9 7 12 1 1 1 7 1 7 1 10 12 1 10 12 1 9 12 1 1 1 1 1 1 1 1 1 1 1 1 1 1 1 1
ciInstanceKlass java/lang/ThreadGroup 1 1 411 10 7 12 1 1 1 9 7 12 1 1 1 8 1 9 12 1 1 7 1 9 12 1 1 9 12 1 1 10 7 12 1 1 1 10 12 1 1 10 12 1 10 12 1 10 12 1 10 12 1 1 10 12 1 1 10 12 1 10 12 1 1 10 12 1 10 12 1 10 100 12 1 1 1 10 12 1 1 18 12 1 1 11 7 12 1 1 1 10 7 12 1 1 1 10 7 12 1 10 12 1 1 10 12 1 1 10 12 1 1 10 100 12 1 1 1 10 12 1 11 12 1 1 11 7 12 1 1 11 12 1 1 10 12 1 1 10 12 1 10 12 1 11 12 1 11 12 1 1 100 1 10 10 12 1 100 1 10 18 12 1 1 11 7 12 1 1 1 11 12 1 1 9 12 1 1 10 12 1 1 8 1 10 7 12 1 1 1 10 100 12 1 1 1 10 12 1 1 11 12 10 12 1 1 10 12 1 1 11 7 1 9 12 1 7 1 10 8 1 10 12 1 1 10 12 1 1 8 1 10 12 1 10 7 12 1 1 1 10 12 1 1 10 7 1 8 1 10 8 1 10 12 1 10 12 1 8 1 9 12 1 1 9 12 1 10 100 12 1 1 1 100 9 12 1 1 7 1 9 12 1 10 12 10 12 1 1 100 10 12 9 12 1 10 12 1 100 1 10 11 12 1 1 7 1 10 10 12 1 10 12 1 1 1 1 1 1 1 1 1 1 1 1 1 1 1 1 1 1 3 1 1 1 1 1 1 1 1 1 1 1 1 100 1 1 1 1 1 1 1 1 1 1 1 1 1 1 1 1 1 1 1 1 1 1 1 1 1 1 1 1 1 1 1 1 1 1 1 1 1 1 1 1 1 1 1 16 15 10 12 16 16 15 10 12 16 15 10 100 12 1 1 1 1 1 100 1 100 1 1
staticfield java/lang/ThreadGroup $assertionsDisabled Z 1
ciInstanceKlass java/lang/Thread$UncaughtExceptionHandler 1 0 16 100 1 100 1 1 1 1 1 1 1 1 100 1 1 1
ciInstanceKlass java/security/AccessControlContext 1 1 374 9 7 12 1 1 1 9 12 1 1 10 100 12 1 1 1 8 1 10 100 12 1 1 1 10 7 12 1 1 1 9 12 1 9 12 1 1 9 12 1 1 10 7 12 1 1 7 1 10 12 1 11 7 12 1 1 1 11 12 1 11 12 1 11 12 1 1 7 1 11 12 1 1 10 12 1 10 7 12 1 1 1 9 100 12 1 1 1 10 7 12 1 1 1 11 100 12 1 1 1 10 7 1 100 1 8 1 10 12 1 10 12 1 1 7 1 10 7 12 1 1 1 9 12 1 9 12 1 9 12 1 9 12 1 1 9 12 1 1 9 12 1 9 12 1 10 7 12 1 1 1 9 12 1 10 12 1 1 10 12 1 1 8 1 10 12 1 1 10 12 1 1 10 7 12 1 1 1 7 1 10 10 12 1 1 10 7 12 1 1 1 10 8 1 10 7 12 1 1 8 1 10 7 12 1 1 8 1 8 1 10 12 1 8 1 10 12 1 8 1 10 12 1 10 12 1 10 12 1 1 8 1 8 1 100 1 10 12 1 10 12 1 1 100 1 10 12 1 8 1 10 12 1 10 12 1 10 8 1 10 12 1 1 10 12 1 1 10 12 1 1 10 12 1 1 10 12 1 10 12 1 11 10 12 1 10 12 1 1 10 10 10 12 1 1 1 1 1 1 1 1 1 1 1 1 1 1 1 1 1 1 1 1 1 1 1 1 100 1 1 1 1 1 1 1 1 1 1 1 1 1 1 1 1 1 1 1 1 1 1 1 1 1 1 1 1 1 1 1 1 1 1 1 1 1 1 1 1 1 1 1 1 1 1 1 1 1 1 1 1 3 1 1
instanceKlass java/lang/ThreadBuilders$BoundVirtualThread
instanceKlass java/lang/VirtualThread
ciInstanceKlass java/lang/BaseVirtualThread 0 0 36 10 100 12 1 1 1 100 1 1 1 1 1 1 1 1 1 1 1 1 1 1 1 1 1 1 1 1 100 1 100 1 1 100 1 1
ciInstanceKlass java/lang/VirtualThread 0 0 907 9 7 12 1 1 1 10 7 12 1 1 1 10 100 12 1 1 1 10 7 12 1 1 1 9 12 1 1 9 12 1 1 100 1 10 12 1 9 12 1 1 18 12 1 1 9 12 1 1 10 12 1 1 100 1 10 12 1 10 12 1 1 10 12 1 1 10 12 1 1 10 12 1 10 7 12 1 10 12 1 10 12 1 10 12 1 10 12 1 11 100 12 1 1 1 100 1 10 12 1 1 10 100 12 1 1 1 10 100 12 1 1 1 10 12 1 100 1 10 10 12 1 10 12 1 1 9 12 1 1 10 12 1 1 9 12 1 1 10 12 1 9 12 1 1 9 12 1 100 1 10 10 12 1 10 100 12 1 1 10 9 10 10 12 1 1 10 12 1 1 10 100 12 1 1 10 100 1 10 9 10 10 12 1 7 1 10 12 1 1 10 12 1 10 12 1 10 12 1 1 9 12 1 10 12 1 10 12 1 9 12 1 1 10 12 1 10 12 1 9 12 1 1 10 12 1 10 12 1 10 12 1 11 100 12 1 1 10 12 1 1 10 12 1 1 10 12 1 1 9 12 1 10 100 1 10 12 1 1 10 12 1 1 10 12 1 10 12 1 10 12 1 10 12 9 12 1 1 10 100 12 1 1 10 12 1 10 12 1 1 10 100 12 1 1 10 12 1 100 1 8 1 10 12 1 10 12 1 1 10 12 1 10 12 1 10 100 12 1 1 10 12 1 10 12 1 1 10 12 1 10 12 1 1 10 7 12 1 1 10 12 1 1 10 12 1 1 100 1 10 10 12 1 7 1 9 12 1 1 10 7 12 1 1 10 9 12 1 1 18 9 100 12 1 1 1 11 100 12 1 1 1 11 100 1 11 12 10 12 1 10 12 1 1 10 12 1 100 1 10 10 12 1 10 12 1 1 10 12 1 1 10 12 1 10 12 1 10 12 1 9 12 1 1 11 100 12 1 1 10 12 9 100 12 1 1 1 9 12 1 10 12 1 1 9 12 1 9 12 1 9 12 1 7 1 10 10 12 1 1 10 12 1 10 12 7 1 7 1 10 8 1 10 12 1 1 10 12 1 10 12 1 10 10 12 1 8 1 10 10 12 1 10 12 1 10 7 12 1 1 8 1 8 1 10 9 100 12 1 1 1 10 12 1 1 10 12 1 10 10 10 12 9 12 1 10 12 1 1 9 12 1 10 12 1 1 9 12 1 10 12 1 1 18 12 1 1 18 12 1 10 7 12 1 1 1 8 1 10 100 12 1 1 1 10 7 12 1 1 1 18 12 1 10 100 12 1 1 1 100 1 10 12 1 8 1 10 12 1 8 1 10 12 1 1 8 1 8 1 10 100 12 1 1 8 1 10 12 1 8 1 8 1 10 100 12 1 1 1 10 12 1 10 12 1 1 10 12 1 18 12 1 1 18 12 1 1 5 0 9 12 1 10 12 1 18 12 1 100 1 10 12 10 7 12 1 1 10 12 1 1 7 1 8 1 10 10 12 1 10 12 1 1 10 12 1 9 12 1 8 10 12 1 1 8 8 9 12 1 8 10 12 1 1 3 1 3 1 3 1 3 1 3 1 3 1 3 1 3 1 3 1 3 1 3 1 3 3 1 3 1 1 1 1 1 1 1 1 1 1 1 1 1 1 7 1 1 1 1 1 1 1 1 1 1 1 1 1 1 7 1 1 1 1 1 1 1 1 1 1 1 7 1 1 1 1 1 1 1 1 1 1 1 1 1 1 1 1 1 1 1 1 1 1 1 1 1 1 1 1 1 1 1 1 1 1 1 1 1 1 1 100 1 1 1 1 1 1 1 1 1 1 1 1 1 1 1 1 1 1 1 1 1 1 1 1 1 1 1 1 1 1 1 1 1 1 1 100 1 1 1 1 1 1 1 1 1 1 1 1 1 1 100 1 1 16 15 10 12 15 16 15 10 12 16 15 10 12 16 16 15 10 12 16 15 10 12 16 15 10 12 16 15 10 12 16 1 15 10 100 12 1 1 1 1 1 1 1 7 1 1 100 1 100 1 1
ciInstanceKlass java/lang/ThreadBuilders$BoundVirtualThread 0 0 132 10 7 12 1 1 1 9 7 12 1 1 1 10 7 12 1 1 1 9 12 1 1 10 12 1 1 10 12 1 1 9 12 1 1 10 7 12 1 1 1 10 12 1 1 7 1 8 1 10 12 1 10 12 1 1 10 12 1 1 10 12 1 1 10 7 12 1 1 1 8 1 10 12 1 8 1 10 12 1 1 10 100 12 1 1 9 100 12 1 1 1 10 12 1 1 10 10 12 1 1 1 1 1 1 1 1 1 1 1 1 1 1 1 1 1 1 1 1 1 1 1 1 1 1 1 1 100 1 1 1 1
ciInstanceKlass jdk/internal/vm/ContinuationScope 0 0 50 10 100 12 1 1 1 10 100 12 1 1 1 100 1 9 100 12 1 1 1 10 12 1 1 10 100 12 1 1 1 10 12 1 1 10 12 1 1 1 1 1 1 1 1 1 1 1 1 1
ciInstanceKlass jdk/internal/vm/StackChunk 0 0 32 10 100 12 1 1 1 9 100 12 1 1 1 9 12 1 1 9 12 1 1 1 1 1 1 1 1 1 1 1 1 1
ciInstanceKlass java/lang/Float 1 1 279 7 1 7 1 10 7 12 1 1 1 10 100 12 1 1 1 4 7 1 10 12 1 1 10 12 1 1 8 1 8 1 10 7 12 1 1 1 10 12 1 1 10 12 1 1 10 7 1 4 10 7 12 1 1 9 12 1 1 10 12 1 1 10 12 1 10 10 12 1 1 10 12 1 10 12 1 3 3 100 1 4 4 4 3 10 12 1 1 9 12 1 1 100 1 10 3 3 4 4 10 12 1 3 3 3 10 12 1 1 10 12 1 1 10 12 1 10 100 12 1 1 1 10 12 1 1 10 12 1 1 10 7 12 1 1 1 8 1 10 12 1 1 9 12 1 1 7 1 7 1 7 1 1 1 1 4 1 4 1 1 1 4 1 1 3 1 3 1 3 1 3 1 3 1 1 1 1 5 0 1 1 1 1 1 1 1 1 1 1 7 1 1 1 1 1 1 1 1 1 1 1 1 1 3 1 1 1 1 1 1 1 1 1 1 1 1 1 1 1 1 1 1 1 1 1 1 1 1 1 1 1 1 1 1 1 1 1 1 1 1 1 1 1 1 1 1 1 1 1 1 1 1 1 1 1 1 1 1 1 1 1 1 1 1 1 7 1 1 1 1 1 1 1 100 1 100 1 1
staticfield java/lang/Float TYPE Ljava/lang/Class; java/lang/Class
staticfield java/lang/Float $assertionsDisabled Z 1
ciInstanceKlass java/lang/Double 1 1 290 7 1 7 1 10 7 12 1 1 1 10 12 1 1 10 7 1 10 12 1 1 10 7 12 1 1 1 6 0 8 1 10 12 1 1 8 1 10 12 1 1 8 1 6 0 10 12 1 1 100 1 5 0 5 0 8 1 8 1 10 7 12 1 1 1 10 7 12 1 1 1 8 1 10 12 1 1 8 1 8 1 8 1 10 12 1 1 10 12 1 10 12 1 1 10 12 1 10 12 1 10 12 1 1 10 12 1 10 7 1 6 0 10 7 12 1 1 9 12 1 1 10 12 1 10 12 1 10 12 1 10 12 1 10 12 1 5 0 10 12 1 1 10 12 1 10 12 1 10 100 12 1 1 1 10 12 1 1 10 12 1 1 8 1 10 7 12 1 1 1 9 12 1 1 7 1 7 1 7 1 1 1 6 0 1 6 0 1 6 0 1 1 1 6 0 1 1 3 1 3 1 3 1 3 1 3 1 1 1 1 5 0 1 1 1 1 1 1 1 1 1 1 1 1 1 1 1 1 7 1 1 1 1 1 1 1 1 1 1 1 1 3 1 1 1 1 1 1 1 1 1 1 1 1 1 1 1 1 1 1 1 1 1 1 1 1 1 1 1 1 1 1 1 1 1 1 7 1 1 1 1 1 1 1 100 1 100 1 1
staticfield java/lang/Double TYPE Ljava/lang/Class; java/lang/Class
ciInstanceKlass java/lang/Byte 1 1 213 7 1 100 1 10 7 12 1 1 1 9 12 1 1 8 1 9 12 1 1 7 1 10 12 1 1 10 12 1 1 10 100 12 1 1 1 10 100 12 1 1 1 9 7 12 1 1 1 10 12 1 1 7 1 7 1 10 12 1 1 8 1 10 12 1 1 8 1 10 12 1 10 12 1 10 12 1 10 12 1 1 10 12 1 10 12 1 10 12 1 1 10 8 1 8 1 10 7 1 9 12 1 1 10 12 1 1 10 12 1 1 10 12 1 1 10 12 1 5 0 10 12 1 1 8 1 10 7 12 1 1 1 9 12 1 1 7 1 7 1 1 1 3 1 3 1 1 1 1 3 1 3 1 1 5 0 1 1 1 1 1 1 1 1 1 1 1 1 1 1 1 1 1 1 1 1 1 1 1 1 1 1 1 1 1 1 1 1 1 1 1 1 1 1 1 1 1 1 1 1 1 1 1 1 1 1 1 1 1 1 1 1
staticfield java/lang/Byte TYPE Ljava/lang/Class; java/lang/Class
ciInstanceKlass java/lang/Short 1 1 222 7 1 7 1 100 1 10 7 12 1 1 1 10 12 1 1 7 1 7 1 10 12 1 1 8 1 10 12 1 1 8 1 10 12 1 10 12 1 10 12 1 10 12 1 1 10 12 1 1 10 12 1 9 12 1 1 8 1 9 12 1 1 7 1 10 12 1 1 10 12 1 10 100 12 1 1 1 10 100 12 1 1 1 9 7 12 1 1 1 10 12 1 10 12 1 1 10 8 1 8 1 10 7 1 9 12 1 1 10 12 1 1 10 12 1 1 10 12 1 1 10 12 1 3 3 5 0 10 12 1 1 8 1 10 7 12 1 1 1 9 12 1 1 7 1 7 1 1 1 3 1 3 1 1 1 1 3 1 3 1 1 5 0 1 1 1 1 1 1 1 1 1 1 1 1 1 1 1 1 1 1 1 1 1 1 1 1 1 1 1 3 1 1 1 1 1 1 1 1 1 1 1 1 1 1 1 1 1 1 1 1 1 1 1 1 1 1 1 1 1 1
staticfield java/lang/Short TYPE Ljava/lang/Class; java/lang/Class
ciInstanceKlass java/lang/Long 1 1 524 7 1 7 1 7 1 7 1 10 12 1 1 9 12 1 1 9 7 12 1 1 1 10 7 12 1 1 1 10 12 1 1 10 100 12 1 1 1 10 10 12 10 12 1 10 12 1 10 12 1 5 0 5 0 7 1 10 12 1 1 10 12 1 1 10 12 1 10 12 1 10 12 1 10 12 1 1 10 100 12 1 1 10 12 1 10 12 1 1 10 12 1 1 10 12 1 1 10 12 1 1 10 7 12 1 1 1 10 12 1 1 10 12 1 10 12 1 10 12 1 10 12 1 1 10 10 12 1 5 0 5 0 9 12 1 1 9 12 1 5 0 7 1 8 1 10 12 1 8 1 10 12 1 8 1 8 1 10 12 1 1 5 0 10 12 1 1 5 0 10 12 1 1 10 12 1 1 10 100 12 1 1 1 11 7 1 10 12 1 1 11 10 12 1 1 8 1 10 12 1 1 8 1 7 1 10 12 1 1 10 12 1 8 1 8 1 11 12 1 1 10 12 1 10 12 1 10 12 1 5 0 5 0 9 7 12 1 1 1 10 12 1 10 12 1 1 8 1 8 1 10 12 1 1 8 1 8 1 8 1 8 1 8 1 8 1 10 12 1 10 7 1 9 12 1 1 10 12 1 10 12 1 1 10 12 1 1 10 7 12 1 1 1 100 1 100 1 10 12 1 1 10 12 1 1 5 0 10 12 1 10 12 1 5 0 5 0 5 0 10 12 1 1 10 12 1 5 0 5 0 10 12 1 10 12 1 10 100 12 1 1 1 10 12 1 1 10 12 1 1 8 1 10 7 12 1 1 1 9 12 1 1 7 1 7 1 7 1 1 1 1 5 0 1 1 1 1 3 1 3 1 5 0 1 1 1 1 1 1 1 1 1 100 1 1 1 1 1 1 1 1 1 1 1 1 1 1 1 1 1 1 1 1 1 1 1 1 1 1 1 1 1 1 1 1 1 1 1 1 1 1 1 1 1 1 1 1 1 1 1 1 1 1 1 1 1 1 1 3 1 1 1 1 1 1 1 1 1 1 1 1 1 1 1 7 1 1 1 1 1 1 1 1 1 1 1 1 1 1 1 1 1 1 1 1 1 1 1 1 1 1 1 1 1 1 1 1 1 1 1 1 1 1 1 1 1 1 1 7 1 1 1 1 1 1 1 1 1 100 1 100 1 1
staticfield java/lang/Long TYPE Ljava/lang/Class; java/lang/Class
ciInstanceKlass jdk/internal/vm/vector/VectorSupport 0 0 573 100 1 10 100 12 1 1 1 9 12 1 1 10 12 1 1 100 1 10 12 1 11 100 12 1 1 1 11 100 12 1 1 1 11 100 12 1 1 11 100 12 1 1 11 100 12 1 1 1 11 100 12 1 1 11 100 12 1 1 11 100 12 1 1 11 100 12 1 1 11 100 12 1 1 11 100 12 1 1 11 100 12 1 1 1 11 100 12 1 1 11 100 12 1 1 1 11 100 12 1 1 1 11 100 12 1 1 11 100 12 1 1 1 11 100 12 1 1 100 1 10 12 1 1 11 100 12 1 1 11 100 12 1 1 11 100 12 1 1 11 100 12 1 1 11 100 12 1 1 11 100 12 1 1 9 12 1 1 10 100 12 1 1 11 100 12 1 1 10 12 1 1 10 100 12 1 1 1 10 12 1 10 12 1 1 10 12 1 1 1 1 1 3 1 3 1 3 1 3 1 3 1 3 1 3 1 3 1 3 1 3 1 3 1 3 1 3 1 3 1 3 1 3 1 3 1 3 1 3 1 3 1 3 1 3 1 3 1 3 1 3 1 3 1 3 1 3 1 3 1 3 1 3 1 3 1 3 1 3 1 3 1 3 1 3 1 3 1 3 1 3 1 3 1 3 1 3 1 3 1 3 1 3 1 3 1 3 1 3 1 3 1 3 1 3 1 3 1 1 1 1 1 1 1 1 1 1 1 1 1 1 1 1 1 1 1 1 1 1 1 1 1 1 1 1 1 1 1 1 1 1 1 1 1 1 1 1 1 1 1 1 1 1 1 1 1 1 1 1 1 1 1 1 1 1 1 1 1 1 1 1 1 1 1 1 1 1 1 1 1 1 1 1 1 1 1 1 1 1 1 1 1 1 1 1 1 1 1 1 1 1 1 1 1 1 1 1 1 1 1 1 1 1 1 1 1 1 1 1 1 1 1 1 1 1 1 1 1 1 1 1 1 1 1 1 1 1 1 1 1 1 1 1 1 1 1 1 1 1 1 1 1 1 1 1 1 1 1 1 1 1 1 1 1 1 1 1 1 1 1 1 1 1 1 1 1 1 1 1 1 1 1 1 1 1 1 1 1 1 1 1 1 1 1 1 1 1 1 1 1 1 1 1 1 1 1 1 1 1 1 1 1 1 1 1 1 1 1 1 1 1 1 1 1 1 1 1 1 1 1 1 1 1 1 1 1 1 1 1 1 1 1 100 1 100 1 100 1 100 1 100 1 1 1 1 1 1 1 1 1 1 1 1 1 1 1 1 1 1 1 1 1 1 1 1 1 1 1 1 1 1 1
instanceKlass jdk/internal/vm/vector/VectorSupport$VectorShuffle
instanceKlass jdk/internal/vm/vector/VectorSupport$VectorMask
instanceKlass jdk/internal/vm/vector/VectorSupport$Vector
ciInstanceKlass jdk/internal/vm/vector/VectorSupport$VectorPayload 0 0 32 10 100 12 1 1 1 9 100 12 1 1 1 10 100 12 1 1 1 1 1 1 1 1 1 1 1 1 1 1 1 1
ciInstanceKlass jdk/internal/vm/vector/VectorSupport$Vector 0 0 28 10 100 12 1 1 1 100 1 1 1 1 1 1 1 1 1 1 1 1 1 1 1 100 1 1 1 1
ciInstanceKlass jdk/internal/vm/vector/VectorSupport$VectorMask 0 0 28 10 100 12 1 1 1 100 1 1 1 1 1 1 1 1 1 1 1 1 1 1 1 100 1 1 1 1
ciInstanceKlass jdk/internal/vm/vector/VectorSupport$VectorShuffle 0 0 28 10 100 12 1 1 1 100 1 1 1 1 1 1 1 1 1 1 1 1 1 1 1 100 1 1 1 1
ciInstanceKlass jdk/internal/vm/FillerObject 0 0 16 10 100 12 1 1 1 100 1 1 1 1 1 1 1 1
instanceKlass java/lang/ref/PhantomReference
instanceKlass java/lang/ref/FinalReference
instanceKlass java/lang/ref/WeakReference
instanceKlass java/lang/ref/SoftReference
ciInstanceKlass java/lang/ref/Reference 1 1 190 9 7 12 1 1 1 9 7 12 1 1 10 12 1 1 10 12 1 1 9 12 1 1 10 12 1 1 9 12 1 1 9 12 1 1 7 1 10 12 1 10 7 12 1 1 10 12 1 10 12 1 1 10 12 1 7 1 8 1 10 12 1 1 7 1 10 12 1 1 10 12 1 1 10 12 1 9 12 1 10 12 1 1 10 12 1 10 12 1 9 12 1 7 1 100 1 10 12 9 12 1 9 12 1 100 1 10 10 12 1 10 10 7 12 1 1 7 1 10 10 7 12 1 1 1 1 1 1 1 1 1 1 1 1 1 1 1 1 1 1 1 7 1 1 1 100 1 1 1 1 1 1 1 1 1 1 1 1 1 1 1 1 1 1 1 1 1 1 1 1 1 1 1 1 1 1 1 1 1 1 1 7 1 7 1 7 1 1 1
staticfield java/lang/ref/Reference processPendingLock Ljava/lang/Object; java/lang/Object
staticfield java/lang/ref/Reference $assertionsDisabled Z 1
ciMethod java/lang/ref/Reference get ()Ljava/lang/Object; 0 0 1 0 -1
ciMethod java/lang/ref/Reference clear ()V 514 0 15567 0 96
ciMethod java/lang/ref/Reference <init> (Ljava/lang/Object;Ljava/lang/ref/ReferenceQueue;)V 772 0 61698 0 144
ciMethod java/lang/ref/Reference clear0 ()V 256 0 128 0 -1
instanceKlass com/google/common/cache/LocalCache$SoftValueReference
instanceKlass org/eclipse/sisu/inject/MildElements$Soft
instanceKlass java/io/ClassCache$CacheRef
instanceKlass com/google/common/cache/LocalCache$SoftValueReference
instanceKlass org/eclipse/sisu/inject/MildKeys$Soft
instanceKlass org/eclipse/core/internal/registry/ReferenceMap$SoftRef
instanceKlass sun/util/locale/provider/LocaleResources$ResourceReference
instanceKlass sun/util/resources/Bundles$BundleReference
instanceKlass java/util/ResourceBundle$BundleReference
instanceKlass sun/security/util/MemoryCache$SoftCacheEntry
instanceKlass sun/util/locale/LocaleObjectCache$CacheEntry
instanceKlass java/lang/invoke/LambdaFormEditor$Transform
ciInstanceKlass java/lang/ref/SoftReference 1 1 47 10 7 12 1 1 1 9 7 12 1 1 1 9 12 1 10 12 1 10 12 1 1 1 1 1 1 1 1 1 1 1 1 1 1 1 1 1 1 1 1 100 1 1 1 1 1
instanceKlass com/google/common/cache/LocalCache$WeakEntry
instanceKlass org/eclipse/jdt/internal/core/util/WeakHashSetOfCharArray$HashableWeakReference
instanceKlass org/eclipse/jdt/internal/core/util/WeakHashSet$HashableWeakReference
instanceKlass org/gradle/tooling/internal/adapter/WeakIdentityHashMap$WeakKey
instanceKlass com/google/common/collect/MapMakerInternalMap$AbstractWeakKeyEntry
instanceKlass org/gradle/tooling/internal/adapter/WeakIdentityHashMap$WeakKey
instanceKlass org/eclipse/sisu/inject/MildElements$Weak
instanceKlass com/google/common/collect/MapMakerInternalMap$AbstractWeakKeyEntry
instanceKlass com/google/common/cache/LocalCache$WeakEntry
instanceKlass com/google/common/cache/LocalCache$WeakValueReference
instanceKlass org/eclipse/sisu/inject/MildKeys$Weak
instanceKlass com/sun/jna/CallbackReference
instanceKlass java/util/ResourceBundle$KeyElementReference
instanceKlass java/util/logging/LogManager$LoggerWeakRef
instanceKlass java/util/logging/Level$KnownLevel
instanceKlass org/eclipse/osgi/internal/container/KeyBasedLockStore$LockWeakRef
instanceKlass sun/nio/ch/FileLockTable$FileLockReference
instanceKlass java/lang/ClassValue$Entry
instanceKlass java/lang/ThreadLocal$ThreadLocalMap$Entry
instanceKlass java/lang/WeakPairMap$WeakRefPeer
instanceKlass jdk/internal/util/WeakReferenceKey
instanceKlass java/util/WeakHashMap$Entry
ciInstanceKlass java/lang/ref/WeakReference 1 1 31 10 7 12 1 1 1 10 12 1 100 1 1 1 1 1 1 1 1 1 1 1 1 1 1 1 1 1 1 1 1
ciMethod java/lang/ref/WeakReference <init> (Ljava/lang/Object;Ljava/lang/ref/ReferenceQueue;)V 580 0 43767 0 0
instanceKlass java/lang/ref/Finalizer
ciInstanceKlass java/lang/ref/FinalReference 1 1 50 10 7 12 1 1 1 10 7 12 1 1 1 10 12 1 1 7 1 8 1 10 12 1 1 1 1 1 1 1 1 1 1 1 1 1 1 1 1 1 1 1 1 1 1 1 1 1 7 1
instanceKlass com/sun/jna/internal/Cleaner$CleanerRef
instanceKlass jdk/internal/ref/PhantomCleanable
instanceKlass jdk/internal/ref/Cleaner
ciInstanceKlass java/lang/ref/PhantomReference 1 1 39 10 100 12 1 1 1 10 7 12 1 1 1 1 1 1 1 1 1 1 1 1 1 1 1 1 1 1 1 1 1 1 1 1 1 1 1 1 1
ciInstanceKlass java/lang/ref/Finalizer 1 1 155 9 7 12 1 1 1 10 7 12 1 1 1 9 12 1 1 9 12 1 1 9 12 1 9 12 1 9 12 1 1 10 12 1 7 1 8 1 10 12 1 10 12 1 1 9 12 1 100 1 10 12 1 7 1 11 100 12 1 1 10 12 1 7 1 10 12 1 100 1 10 12 1 10 7 12 1 1 1 10 100 12 1 1 1 100 1 10 10 12 1 7 1 10 12 1 7 1 10 12 1 1 10 12 1 1 10 12 1 10 7 12 1 1 1 7 1 10 7 1 10 10 12 1 1 1 1 1 1 1 1 1 1 1 1 1 1 1 1 1 1 1 1 1 1 1 1 1 1 1 1 1 1 1 1
staticfield java/lang/ref/Finalizer lock Ljava/lang/Object; java/lang/Object
staticfield java/lang/ref/Finalizer ENABLED Z 1
staticfield java/lang/ref/Finalizer $assertionsDisabled Z 1
instanceKlass org/eclipse/lsp4j/DiagnosticSeverity
instanceKlass org/eclipse/jdt/internal/compiler/codegen/OperandStack$OperandCategory
instanceKlass org/eclipse/jdt/internal/compiler/ast/MessageSend$AssertUtil
instanceKlass org/eclipse/jdt/internal/compiler/ast/ConstructorDeclaration$AnalysisMode
instanceKlass org/eclipse/jdt/internal/compiler/lookup/TypeConstants$BoundCheckStatus
instanceKlass org/gradle/internal/logging/progress/DefaultProgressLoggerFactory$State
instanceKlass org/gradle/launcher/daemon/server/expiry/DaemonExpirationStatus
instanceKlass org/gradle/launcher/daemon/server/api/DaemonState
instanceKlass org/gradle/internal/nativeintegration/console/FallbackConsoleMetaData
instanceKlass org/gradle/internal/operations/BuildOperationCategory
instanceKlass org/gradle/internal/logging/text/StyledTextOutput$Style
instanceKlass org/eclipse/jdt/internal/compiler/ast/Annotation$AnnotationTargetAllowed
instanceKlass lombok/eclipse/agent/PatchDelegate$DelegateReceiver
instanceKlass org/eclipse/jdt/internal/compiler/lookup/BinaryTypeBinding$ExternalAnnotationStatus
instanceKlass org/gradle/cache/FileLockManager$LockMode
instanceKlass org/gradle/cache/internal/VersionStrategy
instanceKlass org/gradle/internal/jvm/inspection/ProbedSystemProperty
instanceKlass org/eclipse/jdt/internal/compiler/env/IModuleAwareNameEnvironment$LookupStrategy
instanceKlass org/eclipse/jdt/internal/compiler/env/IUpdatableModule$UpdateKind
instanceKlass org/eclipse/jdt/internal/compiler/lookup/LookupEnvironment$CompleteTypeBindingsSteps
instanceKlass java/net/StandardProtocolFamily
instanceKlass jdk/internal/util/OperatingSystem
instanceKlass org/gradle/tooling/events/OperationType
instanceKlass org/eclipse/jdt/internal/core/JavaModelManager$ArchiveValidity
instanceKlass org/eclipse/buildship/core/internal/launch/SupportedLaunchConfigType
instanceKlass org/eclipse/lsp4j/MessageType
instanceKlass org/eclipse/jdt/internal/compiler/lookup/Scope$MatchPhase
instanceKlass org/eclipse/jdt/internal/compiler/ast/ExpressionContext
instanceKlass lombok/core/AST$Kind
instanceKlass org/eclipse/jdt/internal/compiler/ast/TypeReference$AnnotationPosition
instanceKlass lombok/eclipse/TransformationState
instanceKlass lombok/core/configuration/CapitalizationStrategy
instanceKlass lombok/core/configuration/NullCheckExceptionType
instanceKlass lombok/core/configuration/CallSuperType
instanceKlass lombok/core/configuration/FlagUsageType
instanceKlass org/eclipse/jdt/internal/compiler/parser/Scanner$ScanContext
instanceKlass org/eclipse/jdt/internal/compiler/impl/JavaFeature
instanceKlass org/gradle/launcher/daemon/toolchain/DaemonJvmCriteria$JavaHome$Source
instanceKlass org/gradle/internal/watch/registry/WatchMode
instanceKlass org/gradle/api/logging/configuration/ConsoleUnicodeSupport
instanceKlass org/gradle/api/logging/configuration/ConsoleOutput
instanceKlass org/gradle/api/logging/configuration/ShowStacktrace
instanceKlass org/gradle/api/launcher/cli/WelcomeMessageDisplayMode
instanceKlass org/gradle/initialization/StartParameterBuildOptions$ConfigurationCacheProblemsOption$Value
instanceKlass org/gradle/api/artifacts/verification/DependencyVerificationMode
instanceKlass org/gradle/cli/OptionCategory
instanceKlass com/google/common/collect/MapMakerInternalMap$Strength
instanceKlass org/gradle/cache/internal/DefaultCrossBuildInMemoryCacheFactory$KeyRetentionPolicy
instanceKlass org/gradle/launcher/daemon/configuration/DaemonPriority
instanceKlass com/google/common/cache/LocalCache$EntryFactory
instanceKlass com/google/common/cache/CacheBuilder$NullListener
instanceKlass com/google/common/cache/CacheBuilder$OneWeigher
instanceKlass com/google/common/cache/LocalCache$Strength
instanceKlass org/gradle/api/tasks/util/internal/PatternSpecFactory$CaseSensitivity
instanceKlass org/gradle/api/logging/configuration/WarningMode
instanceKlass org/eclipse/jdt/ls/core/internal/EventType
instanceKlass org/gradle/internal/collect/Modification$Kind
instanceKlass org/gradle/internal/service/DefaultServiceRegistry$SingletonService$BindState
instanceKlass org/gradle/internal/service/DefaultServiceRegistry$State
instanceKlass net/rubygrapefruit/platform/terminal/Terminals$Output
instanceKlass org/gradle/internal/nativeintegration/services/NativeServices$NativeFeatures
instanceKlass org/gradle/internal/nativeintegration/services/NativeServices$NativeServicesMode
instanceKlass org/slf4j/helpers/Reporter$Level
instanceKlass org/slf4j/helpers/Reporter$TargetChoice
instanceKlass org/gradle/api/logging/LogLevel
instanceKlass org/eclipse/jdt/internal/compiler/parser/TerminalToken
instanceKlass org/eclipse/osgi/container/Module$StopOptions
instanceKlass org/gradle/api/JavaVersion
instanceKlass org/gradle/internal/impldep/com/google/common/cache/LocalCache$NullEntry
instanceKlass org/gradle/internal/operations/BuildOperationCategory
instanceKlass org/gradle/api/logging/LogLevel
instanceKlass org/gradle/internal/logging/progress/DefaultProgressLoggerFactory$State
instanceKlass org/gradle/tooling/events/OperationType
instanceKlass org/gradle/tooling/internal/consumer/async/ServiceLifecycle$State
instanceKlass org/gradle/internal/impldep/com/google/common/cache/LocalCache$EntryFactory
instanceKlass org/gradle/internal/impldep/com/google/common/cache/CacheBuilder$NullListener
instanceKlass org/gradle/internal/impldep/com/google/common/cache/CacheBuilder$OneWeigher
instanceKlass org/gradle/internal/impldep/com/google/common/cache/LocalCache$Strength
instanceKlass org/gradle/internal/service/DefaultServiceRegistry$SingletonService$BindState
instanceKlass org/gradle/internal/service/DefaultServiceRegistry$State
instanceKlass java/nio/file/FileVisitResult
instanceKlass java/nio/file/FileTreeWalker$EventType
instanceKlass java/nio/file/FileVisitOption
instanceKlass org/eclipse/lsp4j/jsonrpc/messages/ResponseErrorCode
instanceKlass org/eclipse/lsp4j/WorkDoneProgressKind
instanceKlass org/eclipse/jdt/ls/core/internal/semantictokens/TokenModifier
instanceKlass org/eclipse/jdt/ls/core/internal/semantictokens/TokenType
instanceKlass org/eclipse/lsp4j/TextDocumentSyncKind
instanceKlass com/google/common/base/CaseFormat
instanceKlass org/eclipse/jdt/ls/core/internal/javafx/FXVersion
instanceKlass org/eclipse/sisu/inject/QualifyingStrategy
instanceKlass com/google/inject/internal/InjectorImpl$JitLimitation
instanceKlass org/eclipse/sisu/bean/DeclaredMembers$View
instanceKlass com/google/inject/internal/Initializer$InjectableReferenceState
instanceKlass com/google/common/collect/MapMakerInternalMap$Strength
instanceKlass org/apache/maven/settings/building/SettingsProblem$Severity
instanceKlass org/eclipse/aether/metadata/Metadata$Nature
instanceKlass org/eclipse/lsp4j/DiagnosticTag
instanceKlass com/google/common/base/Functions$IdentityFunction
instanceKlass org/eclipse/lsp4j/PrepareSupportDefaultBehavior
instanceKlass org/eclipse/lsp4j/CodeActionTag
instanceKlass org/apache/maven/model/building/ModelProblem$Version
instanceKlass org/eclipse/lsp4j/CompletionItemKind
instanceKlass org/eclipse/lsp4j/CompletionItemTag
instanceKlass org/eclipse/lsp4j/InsertTextMode
instanceKlass org/apache/maven/building/Problem$Severity
instanceKlass org/eclipse/lsp4j/SymbolTag
instanceKlass org/apache/maven/plugin/internal/DefaultPluginValidationManager$ValidationReportLevel
instanceKlass org/eclipse/lsp4j/SymbolKind
instanceKlass org/apache/maven/plugin/PluginValidationManager$IssueLocality
instanceKlass org/apache/maven/classrealm/ClassRealmRequest$RealmType
instanceKlass org/apache/maven/execution/ExecutionEvent$Type
instanceKlass com/google/gson/ReflectionAccessFilter$FilterResult
instanceKlass com/google/gson/stream/JsonToken
instanceKlass com/google/gson/Strictness
instanceKlass org/apache/maven/artifact/ArtifactScopeEnum
instanceKlass com/google/common/collect/AbstractIterator$State
instanceKlass org/eclipse/jdt/ls/core/internal/BuildWorkspaceStatus
instanceKlass com/google/common/base/Predicates$ObjectPredicate
instanceKlass com/google/common/base/AbstractIterator$State
instanceKlass org/eclipse/jdt/ls/core/internal/ServiceStatus
instanceKlass com/google/gson/LongSerializationPolicy
instanceKlass com/google/gson/ToNumberPolicy
instanceKlass com/google/gson/FieldNamingPolicy
instanceKlass org/eclipse/buildship/core/internal/util/gradle/PublishedGradleVersions$LookupStrategy
instanceKlass org/eclipse/buildship/core/internal/CoreTraceScopes
instanceKlass org/eclipse/jdt/ls/core/internal/DiagnosticsState$ErrorLevel
instanceKlass javax/xml/catalog/CatalogFeatures$State
instanceKlass com/sun/org/apache/xalan/internal/utils/XMLSecurityPropertyManager$Property
instanceKlass com/sun/org/apache/xalan/internal/utils/FeaturePropertyBase$State
instanceKlass jdk/xml/internal/JdkProperty$ImplPropMap
instanceKlass jdk/xml/internal/JdkXmlFeatures$XmlFeature
instanceKlass org/eclipse/jdt/ls/core/internal/preferences/CodeGenerationTemplate
instanceKlass org/eclipse/jdt/ls/core/internal/preferences/Preferences$SearchScope
instanceKlass org/eclipse/jdt/ls/core/internal/handlers/ProjectEncodingMode
instanceKlass org/eclipse/jdt/ls/core/internal/handlers/InlayHintsParameterMode
instanceKlass org/eclipse/jdt/ls/core/internal/handlers/CompletionGuessMethodArgumentsMode
instanceKlass org/eclipse/jdt/ls/core/internal/handlers/CompletionMatchCaseMode
instanceKlass org/eclipse/jdt/ls/core/internal/preferences/Preferences$FeatureStatus
instanceKlass com/google/inject/spi/InjectionPoint$Position
instanceKlass com/google/common/util/concurrent/AbstractFutureState$VarHandleAtomicHelperMaker
instanceKlass java/lang/annotation/ElementType
instanceKlass com/google/inject/internal/InternalFlags$ColorizeOption
instanceKlass com/google/inject/internal/InternalFlags$BytecodeGenOption
instanceKlass com/google/inject/internal/InternalFlags$NullableProvidesOption
instanceKlass com/google/inject/internal/InternalFlags$CustomClassLoadingOption
instanceKlass com/google/inject/internal/InternalFlags$IncludeStackTraceOption
instanceKlass com/google/inject/Key$NullAnnotationStrategy
instanceKlass lombok/eclipse/agent/PatchDelegate$DelegateReceiver
instanceKlass sun/reflect/annotation/TypeAnnotation$TypeAnnotationTarget
instanceKlass com/google/inject/Stage
instanceKlass org/eclipse/sisu/space/BeanScanning
instanceKlass ch/qos/logback/core/spi/FilterReply
instanceKlass org/apache/maven/model/building/ModelProblem$Severity
instanceKlass com/google/common/cache/LocalCache$EntryFactory
instanceKlass com/google/common/cache/CacheBuilder$NullListener
instanceKlass com/google/common/cache/CacheBuilder$OneWeigher
instanceKlass com/google/common/cache/LocalCache$Strength
instanceKlass org/eclipse/m2e/core/internal/preferences/ProblemSeverity
instanceKlass org/eclipse/m2e/core/lifecyclemapping/model/PluginExecutionAction
instanceKlass org/slf4j/helpers/Reporter$Level
instanceKlass org/slf4j/helpers/Reporter$TargetChoice
instanceKlass ch/qos/logback/classic/spi/Configurator$ExecutionStatus
instanceKlass org/apache/felix/scr/impl/inject/field/FieldHandler$METHOD_TYPE
instanceKlass java/security/DrbgParameters$Capability
instanceKlass jdk/xml/internal/XMLSecurityManager$NameMap
instanceKlass jdk/xml/internal/XMLSecurityManager$Processor
instanceKlass jdk/xml/internal/XMLSecurityManager$Limit
instanceKlass java/nio/file/StandardCopyOption
instanceKlass java/math/RoundingMode
instanceKlass java/time/format/TextStyle
instanceKlass java/time/format/DateTimeFormatterBuilder$SettingsParser
instanceKlass java/time/format/ResolverStyle
instanceKlass java/time/format/SignStyle
instanceKlass java/time/temporal/JulianFields$Field
instanceKlass java/time/temporal/IsoFields$Unit
instanceKlass java/time/temporal/IsoFields$Field
instanceKlass org/apache/felix/scr/impl/inject/ValueUtils$ValueType
instanceKlass org/apache/felix/scr/impl/manager/RegistrationManager$RegState
instanceKlass org/apache/felix/scr/impl/manager/AbstractComponentManager$State
instanceKlass org/osgi/util/promise/PromiseFactory$Option
instanceKlass org/apache/felix/scr/impl/metadata/ReferenceMetadata$ReferenceScope
instanceKlass org/apache/felix/scr/impl/metadata/ServiceMetadata$Scope
instanceKlass org/apache/felix/scr/impl/metadata/DSVersion
instanceKlass com/sun/org/apache/xerces/internal/impl/XMLScanner$NameType
instanceKlass com/sun/org/apache/xerces/internal/util/Status
instanceKlass javax/xml/catalog/CatalogFeatures$Feature
instanceKlass com/sun/org/apache/xerces/internal/utils/XMLSecurityPropertyManager$Property
instanceKlass com/sun/org/apache/xerces/internal/utils/XMLSecurityPropertyManager$State
instanceKlass com/sun/org/apache/xerces/internal/utils/XMLSecurityManager$NameMap
instanceKlass jdk/xml/internal/JdkProperty$State
instanceKlass com/sun/org/apache/xerces/internal/utils/XMLSecurityManager$Limit
instanceKlass org/apache/felix/scr/impl/logger/InternalLogger$Level
instanceKlass sun/util/locale/provider/LocaleProviderAdapter$Type
instanceKlass java/util/Locale$Category
instanceKlass java/lang/StackStreamFactory$WalkerState
instanceKlass java/lang/StackWalker$ExtendedOption
instanceKlass java/time/zone/ZoneOffsetTransitionRule$TimeDefinition
instanceKlass java/time/DayOfWeek
instanceKlass java/time/Month
instanceKlass aQute/bnd/header/Attrs$Type
instanceKlass org/apache/aries/spifly/ProviderBundleTrackerCustomizer$DiscoveryMode
instanceKlass org/eclipse/osgi/container/Module$StartOptions
instanceKlass org/eclipse/osgi/container/ModuleContainerAdaptor$ContainerEvent
instanceKlass org/eclipse/osgi/report/resolution/ResolutionReport$Entry$Type
instanceKlass java/util/Comparators$NaturalOrderComparator
instanceKlass org/apache/felix/resolver/PermutationType
instanceKlass java/lang/StackWalker$Option
instanceKlass org/eclipse/equinox/plurl/impl/PlurlImpl$SetFactories
instanceKlass org/eclipse/osgi/container/ModuleDatabase$Sort
instanceKlass org/eclipse/osgi/container/Module$Settings
instanceKlass org/eclipse/osgi/container/ModuleContainerAdaptor$ModuleEvent
instanceKlass org/eclipse/osgi/storage/ContentProvider$Type
instanceKlass org/eclipse/osgi/container/Module$State
instanceKlass org/osgi/service/log/LogLevel
instanceKlass sun/util/logging/PlatformLogger$Level
instanceKlass jdk/internal/logger/BootstrapLogger$LoggingBackend
instanceKlass java/lang/reflect/ProxyGenerator$PrimitiveTypeInfo
instanceKlass java/lang/annotation/RetentionPolicy
instanceKlass java/nio/file/AccessMode
instanceKlass java/util/stream/MatchOps$MatchKind
instanceKlass java/nio/file/attribute/PosixFilePermission
instanceKlass jdk/internal/icu/util/CodePointTrie$ValueWidth
instanceKlass jdk/internal/icu/util/CodePointTrie$Type
instanceKlass java/text/Normalizer$Form
instanceKlass java/time/temporal/ChronoUnit
instanceKlass java/time/temporal/ChronoField
instanceKlass sun/security/util/DisabledAlgorithmConstraints$Constraint$Operator
instanceKlass java/lang/System$Logger$Level
instanceKlass sun/security/rsa/RSAUtil$KeyType
instanceKlass sun/security/util/KnownOIDs
instanceKlass lombok/patcher/StackRequest
instanceKlass java/util/regex/Pattern$Qtype
instanceKlass java/lang/invoke/MethodHandleImpl$ArrayAccess
instanceKlass java/util/zip/ZipCoder$Comparison
instanceKlass java/nio/file/LinkOption
instanceKlass sun/nio/fs/WindowsPathType
instanceKlass java/util/concurrent/TimeUnit
instanceKlass java/nio/file/StandardOpenOption
instanceKlass java/util/stream/Collector$Characteristics
instanceKlass java/util/stream/StreamShape
instanceKlass java/lang/invoke/MethodHandles$Lookup$ClassOption
instanceKlass java/lang/invoke/VarHandle$AccessType
instanceKlass java/lang/invoke/VarHandle$AccessMode
instanceKlass java/lang/invoke/MethodHandleImpl$Intrinsic
instanceKlass java/lang/invoke/LambdaForm$BasicType
instanceKlass java/lang/invoke/LambdaForm$Kind
instanceKlass sun/invoke/util/Wrapper
instanceKlass java/util/stream/StreamOpFlag$Type
instanceKlass java/util/stream/StreamOpFlag
instanceKlass java/io/File$PathStatus
instanceKlass java/lang/module/ModuleDescriptor$Requires$Modifier
instanceKlass java/lang/reflect/AccessFlag$Location
instanceKlass java/lang/reflect/AccessFlag
instanceKlass java/lang/module/ModuleDescriptor$Modifier
instanceKlass java/lang/reflect/ClassFileFormatVersion
instanceKlass java/lang/Thread$State
ciInstanceKlass java/lang/Enum 1 1 204 9 7 12 1 1 1 9 12 1 1 10 7 12 1 1 1 9 12 1 10 7 12 1 1 1 100 1 10 10 12 1 1 10 12 1 7 1 10 10 7 12 1 1 10 12 1 1 18 12 1 1 10 100 12 1 1 1 10 12 1 1 11 7 12 1 1 1 100 1 8 1 10 12 1 100 1 7 1 10 8 1 10 12 1 1 10 12 1 1 8 1 10 12 1 10 100 1 8 1 10 10 12 1 1 10 100 12 1 1 1 7 1 7 1 7 1 1 1 1 1 1 1 1 1 1 1 1 1 1 1 1 1 1 1 1 1 1 1 1 1 1 1 1 1 1 1 1 1 1 1 1 1 1 1 1 1 1 1 1 1 1 1 3 1 1 1 1 100 1 7 1 1 100 1 1 1 1 1 1 1 1 1 1 1 16 15 10 12 16 15 10 100 12 1 1 1 1 1 100 1 100 1 1
ciInstanceKlass java/lang/ref/NativeReferenceQueue 1 1 92 10 7 12 1 1 1 7 1 10 12 1 9 7 12 1 1 1 10 7 12 1 1 10 12 1 10 12 1 10 12 1 1 10 12 1 1 10 12 1 1 100 1 8 1 10 12 1 10 12 1 10 12 1 1 10 12 1 1 1 1 1 1 1 1 1 1 100 1 1 1 1 1 1 1 1 7 1 7 1 1 1 1 1 1 1 1 1 1 1 1 1
instanceKlass java/lang/ref/ReferenceQueue$Null
instanceKlass java/lang/ref/NativeReferenceQueue
ciInstanceKlass java/lang/ref/ReferenceQueue 1 1 183 9 7 12 1 1 1 11 7 12 1 1 1 11 12 1 9 7 12 1 1 1 11 12 1 10 7 12 1 1 9 12 1 1 7 1 10 9 12 1 1 10 12 1 1 9 7 12 1 1 1 9 12 1 9 12 1 9 12 1 1 100 1 10 9 12 1 1 9 12 1 7 1 10 100 12 1 1 1 10 12 1 10 12 1 1 10 7 12 1 1 1 10 12 1 5 0 10 10 12 10 12 1 1 10 12 1 10 12 1 1 100 1 8 1 10 12 1 10 12 1 10 12 1 1 10 12 11 100 12 1 1 1 10 7 12 1 1 7 1 10 1 1 1 1 1 1 1 1 1 1 100 1 1 1 1 1 1 1 1 1 1 1 1 1 1 1 7 1 1 1 1 1 1 1 1 1 1 1 1 1 1 1
staticfield java/lang/ref/ReferenceQueue NULL Ljava/lang/ref/ReferenceQueue; java/lang/ref/ReferenceQueue$Null
staticfield java/lang/ref/ReferenceQueue ENQUEUED Ljava/lang/ref/ReferenceQueue; java/lang/ref/ReferenceQueue$Null
staticfield java/lang/ref/ReferenceQueue $assertionsDisabled Z 1
ciMethod java/lang/ref/NativeReferenceQueue poll ()Ljava/lang/ref/Reference; 774 0 5559 0 656
ciInstanceKlass java/lang/reflect/Method 1 1 472 9 7 12 1 1 1 10 7 12 1 1 1 10 7 12 1 1 9 12 1 1 10 12 1 1 10 12 1 1 10 7 12 1 1 10 7 12 1 1 1 9 12 1 1 9 12 1 9 12 1 1 9 12 1 9 12 1 9 12 1 1 9 12 1 9 12 1 1 9 12 1 9 12 1 9 12 1 1 100 1 8 1 10 12 1 10 12 1 9 12 1 1 8 1 10 7 12 1 1 10 7 12 1 1 1 10 12 1 1 10 12 1 1 10 12 1 10 12 1 1 10 12 1 1 9 7 12 1 1 1 10 12 1 1 10 12 10 7 12 1 1 10 12 1 1 10 12 1 10 12 1 10 12 1 10 7 12 1 1 1 10 12 1 1 10 7 1 10 7 12 1 1 1 10 7 12 1 1 10 12 1 1 10 12 1 1 10 12 1 10 7 12 1 1 1 10 12 1 10 8 1 10 12 1 10 12 1 7 1 8 1 8 1 8 1 10 12 1 10 12 1 1 10 12 1 1 10 10 12 1 1 10 12 1 11 7 1 10 12 1 9 12 1 1 10 12 1 1 10 12 1 10 12 1 1 10 12 1 1 11 7 12 1 1 1 11 12 1 9 12 1 1 10 12 1 10 12 1 10 12 1 10 12 1 10 12 1 10 12 1 9 12 1 1 10 7 12 1 1 1 10 7 12 1 1 10 12 1 1 10 7 12 1 1 1 10 7 12 1 1 1 10 7 12 1 1 1 11 7 12 1 1 1 10 7 12 1 1 1 7 1 100 1 100 1 10 12 1 10 12 1 1 10 12 1 100 1 8 1 10 12 1 10 10 12 1 1 10 12 1 1 10 12 1 1 10 12 1 1 8 1 10 12 1 1 1 1 1 1 1 1 1 1 1 1 1 1 1 1 1 1 1 1 1 1 1 1 1 1 1 1 1 1 1 1 1 1 1 1 1 1 1 1 1 1 1 1 1 1 1 1 1 1 1 1 1 100 1 7 1 7 1 1 1 1 1 1 1 1 1 1 1 1 1 1 1 1 1 1 1 1 1 1 1 1 1 1 1 1 1 1
ciInstanceKlass java/lang/reflect/Field 1 1 457 9 7 12 1 1 1 10 12 1 1 10 7 12 1 1 1 10 7 12 1 1 9 12 1 1 10 12 1 1 10 12 1 1 10 7 12 1 1 10 7 12 1 1 1 9 12 1 1 9 12 1 9 12 1 9 12 1 1 9 12 1 1 9 12 1 9 12 1 1 9 12 1 1 100 1 8 1 10 12 1 10 12 1 9 12 1 1 9 12 1 10 12 1 10 7 12 1 1 10 12 1 1 10 12 1 1 10 12 1 10 12 1 1 9 100 12 1 1 1 10 100 12 1 1 1 7 1 10 12 1 1 10 12 1 1 10 12 1 1 10 12 1 10 12 1 10 7 1 10 7 12 1 1 7 1 10 8 1 10 12 1 1 10 12 1 1 8 1 10 12 10 12 1 8 1 8 1 10 11 7 1 9 12 1 10 12 1 1 10 12 1 1 11 7 12 1 1 1 10 12 1 11 12 1 1 11 12 1 1 11 12 1 1 11 12 1 1 11 12 1 1 11 12 1 1 11 12 1 1 11 12 1 1 11 12 1 1 11 12 1 1 11 12 1 1 11 12 1 1 11 12 1 1 11 12 1 1 11 12 1 1 11 12 1 1 11 12 1 1 10 12 1 10 7 12 1 1 10 12 1 10 12 1 10 12 1 9 12 1 1 10 7 12 1 1 1 10 12 1 1 10 12 1 10 7 12 1 1 10 12 1 1 11 7 1 10 12 1 7 1 10 100 12 1 1 1 10 7 12 1 1 1 9 12 1 10 7 12 1 1 1 11 7 12 1 1 1 10 12 1 1 10 12 1 1 9 7 12 1 1 10 7 12 1 1 1 10 12 1 1 7 1 1 1 1 1 1 1 1 1 1 1 1 1 1 1 1 1 1 1 1 1 1 1 1 1 1 1 1 1 1 1 1 1 1 1 1 1 1 1 100 1 1 1 1 1 1 1 1 1 1 1 1 1 1 1 1 1 1 1 1 1 1 1 1 1 1 1 1 1 1 1 1 7 1 1 1 1 1 1 1 1 1 100 1 1
ciInstanceKlass java/lang/reflect/Parameter 1 1 243 10 7 12 1 1 1 9 7 12 1 1 1 9 12 1 1 9 12 1 1 9 12 1 10 12 1 1 10 12 1 1 10 7 12 1 1 1 7 1 10 10 12 1 1 11 7 12 1 1 1 10 12 1 10 100 12 1 1 1 10 12 1 1 10 12 1 10 12 1 8 1 8 1 10 7 12 1 1 1 10 12 1 10 12 9 100 12 1 1 1 10 100 12 1 1 1 10 12 1 8 1 10 12 1 9 12 1 1 10 12 1 1 9 12 1 1 10 12 1 1 10 12 1 1 10 12 1 1 10 12 1 10 10 12 1 10 100 12 1 1 1 10 12 1 1 11 7 12 1 1 10 7 12 1 1 7 1 10 100 12 1 1 1 10 12 1 1 10 12 1 1 10 12 1 1 10 12 1 1 9 12 1 100 1 10 11 12 1 1 11 12 1 1 7 1 1 1 1 1 1 1 1 1 1 1 1 1 1 1 1 1 1 1 1 1 1 1 1 1 1 1 1 1 1 1 1 1 1 1 1 1 1 1 1 1 100 1 1 1 1 1 1
ciInstanceKlass java/lang/reflect/RecordComponent 1 1 196 10 7 12 1 1 1 9 7 12 1 1 1 9 12 1 1 9 12 1 10 12 1 1 10 12 1 1 10 100 12 1 1 1 10 12 1 1 9 12 1 1 10 12 1 1 10 12 1 1 10 12 1 10 100 12 1 1 10 100 12 1 1 9 12 1 1 10 100 12 1 1 1 11 100 12 1 1 1 10 9 100 12 1 1 1 10 100 12 1 1 1 9 12 1 1 10 100 12 1 1 1 10 12 1 1 11 7 12 1 1 10 7 12 1 1 7 1 9 12 1 9 12 1 1 9 12 1 10 100 12 1 1 1 10 12 1 1 10 12 1 1 7 1 10 10 12 1 10 12 1 1 8 1 10 12 1 10 12 1 9 12 1 7 1 1 1 1 1 1 1 1 1 1 1 1 1 1 1 1 1 1 1 1 1 1 7 1 1 1 1 1 1 100 1 1
ciInstanceKlass java/lang/StringBuffer 1 1 483 10 7 12 1 1 1 10 12 1 10 12 1 10 12 1 1 9 7 12 1 1 1 10 12 1 1 10 12 1 10 12 1 1 9 12 1 1 10 12 1 10 12 1 1 10 12 1 1 10 12 1 10 12 1 1 10 12 1 10 12 1 1 10 12 1 1 10 7 12 1 1 1 10 12 1 1 10 12 1 10 12 1 10 12 1 10 12 1 10 12 1 10 12 1 10 12 1 10 12 1 10 12 1 10 12 1 10 12 1 10 12 1 10 12 1 10 12 1 1 10 12 1 10 12 1 1 10 12 1 1 10 10 12 1 1 10 12 1 10 12 1 10 12 1 10 12 1 10 12 1 10 12 1 10 12 10 12 1 10 12 1 10 12 1 10 12 1 1 10 12 1 10 12 1 10 10 12 1 1 10 12 1 10 12 1 10 12 1 10 10 100 12 1 1 1 10 10 12 1 1 9 12 1 1 10 100 12 1 1 10 100 1 8 10 100 12 1 1 1 8 10 12 1 8 1 10 12 1 10 12 1 10 100 12 1 1 1 10 100 12 1 1 1 7 1 10 12 100 1 8 1 10 10 12 1 1 10 12 1 1 10 12 1 10 12 1 10 12 1 1 10 12 1 10 12 1 10 12 1 10 12 1 10 12 1 10 12 10 12 1 10 12 1 10 12 1 10 12 1 10 12 1 10 12 1 10 12 1 10 12 1 10 12 1 10 12 1 10 12 10 12 10 12 1 10 12 1 10 12 1 10 12 10 12 1 10 12 1 10 12 1 10 12 1 10 12 1 10 12 1 10 12 1 10 12 1 10 12 1 10 12 1 10 12 1 7 1 10 12 1 9 7 12 1 1 1 9 7 1 9 12 1 1 7 1 7 1 7 1 7 1 1 1 1 5 0 1 1 1 1 1 1 1 1 1 1 1 1 1 1 1 1 1 1 1 1 1 1 1 1 1 1 1 1 1 1 1 1 1 1 1 1 1 1 1 1 1 1 1 1 1 1 1 1 1 1 1 1 1 1 1 1 1 1 1 1 1 100 1 1 1 1 1 7 1 1 1 1 1 1 1 1 1 1 1 1 1 1 1 1 1 1
staticfield java/lang/StringBuffer serialPersistentFields [Ljava/io/ObjectStreamField; 3 [Ljava/io/ObjectStreamField;
instanceKlass java/net/URLClassLoader
instanceKlass jdk/internal/loader/BuiltinClassLoader
ciInstanceKlass java/security/SecureClassLoader 1 1 102 10 7 12 1 1 1 7 1 10 12 1 9 7 12 1 1 1 10 12 1 10 12 1 10 12 1 1 10 12 1 1 10 12 1 7 1 10 7 1 10 12 1 7 1 10 12 1 11 7 12 1 1 1 7 1 11 12 1 10 12 1 1 1 1 1 1 1 1 1 1 1 1 1 1 1 1 1 1 1 1 1 1 1 1 1 1 1 1 1 1 1 1 1 1 1 1 100 1 1 1 1
ciInstanceKlass java/util/jar/Manifest 1 1 339 10 7 12 1 1 1 7 1 10 9 7 12 1 1 1 7 1 10 9 12 1 1 9 12 1 1 10 12 1 10 12 1 1 10 12 1 1 10 12 1 1 10 12 1 1 11 7 1 11 12 1 1 10 12 1 1 10 100 12 1 1 1 100 1 7 1 10 8 1 10 12 1 1 10 12 1 1 10 12 1 10 12 1 11 100 1 10 12 1 10 12 1 1 11 12 1 1 10 12 1 11 12 1 1 11 100 12 1 1 1 11 7 12 1 1 11 12 1 1 100 1 10 12 1 8 1 11 12 1 7 1 10 12 1 1 11 12 1 10 12 1 10 12 1 10 7 12 1 1 1 8 1 10 12 1 1 10 9 7 12 1 1 1 10 12 1 1 10 100 12 1 10 12 1 10 12 1 9 100 12 1 1 1 8 1 10 12 1 8 1 8 1 7 1 10 12 1 10 12 1 10 12 1 1 100 1 8 1 10 12 1 1 8 1 10 10 12 1 1 8 1 10 12 1 1 10 7 12 1 1 1 10 12 1 10 11 12 1 1 10 12 1 10 7 12 1 1 1 10 12 1 1 10 12 1 10 12 1 1 11 10 12 1 11 10 12 1 7 1 1 1 1 1 1 1 1 1 1 1 1 1 1 1 1 1 1 1 1 1 1 1 1 1 1 1 1 1 1 1 1 1 1 1 1 1 1 1 1 1 1 1 100 1 1 1 1 1 1 1 1 1 1 1 1 1 1 7 1 1 1 1 1 1 1 1 1 1 1
ciInstanceKlass java/io/ByteArrayInputStream 1 1 117 10 7 12 1 1 1 9 7 12 1 1 1 9 12 1 1 9 12 1 9 12 1 10 7 12 1 1 1 10 7 12 1 1 1 10 7 12 1 1 1 10 100 12 1 1 1 10 12 1 1 3 10 100 1 10 100 12 1 1 1 9 12 1 1 100 1 10 10 7 12 1 1 1 1 1 1 1 1 1 1 1 1 1 1 1 1 1 1 1 1 1 1 1 1 1 1 1 1 1 1 1 100 1 1 1 1 1 1 1 1 1 1 1 1 1 1
staticfield java/io/ByteArrayInputStream $assertionsDisabled Z 1
instanceKlass java/nio/DoubleBuffer
instanceKlass java/nio/FloatBuffer
instanceKlass java/nio/ShortBuffer
instanceKlass java/nio/CharBuffer
instanceKlass java/nio/IntBuffer
instanceKlass java/nio/LongBuffer
instanceKlass java/nio/ByteBuffer
ciInstanceKlass java/nio/Buffer 1 1 256 100 1 10 7 12 1 1 1 9 7 12 1 1 1 9 12 1 9 12 1 1 9 12 1 9 12 1 1 10 12 1 1 10 12 1 1 10 12 100 1 7 1 10 8 1 10 12 1 1 10 12 1 8 1 8 1 10 12 1 1 10 12 1 8 1 9 12 1 1 100 1 8 1 10 12 1 8 1 8 1 9 12 10 12 1 8 1 8 1 8 1 10 12 1 8 1 8 1 8 1 100 1 10 100 1 10 100 1 10 9 12 1 1 10 7 12 1 1 1 100 1 10 12 1 1 10 12 1 10 100 12 1 1 10 7 12 1 1 1 10 7 12 1 1 1 9 12 1 1 10 7 12 1 1 1 9 12 1 1 7 1 10 10 12 1 1 7 1 10 10 7 12 1 1 1 1 1 3 1 1 1 1 1 1 1 1 1 1 1 1 1 1 100 1 1 1 1 1 1 1 7 1 1 1 1 1 1 1 1 1 1 1 1 1 1 1 1 1 1 1 1 1 1 1 1 1 1 1 1 1 1 1 1 1 1 1 1 1 1 1 100 1 100 1 100 1 100 1 100 1 100 1 100 1 1
staticfield java/nio/Buffer UNSAFE Ljdk/internal/misc/Unsafe; jdk/internal/misc/Unsafe
staticfield java/nio/Buffer SCOPED_MEMORY_ACCESS Ljdk/internal/misc/ScopedMemoryAccess; jdk/internal/misc/ScopedMemoryAccess
staticfield java/nio/Buffer IOOBE_FORMATTER Ljava/util/function/BiFunction; jdk/internal/util/Preconditions$4
staticfield java/nio/Buffer $assertionsDisabled Z 1
ciInstanceKlass java/util/Objects 1 1 184 10 7 12 1 1 1 100 1 8 1 10 12 1 10 12 1 1 10 7 12 1 1 1 10 12 1 1 10 12 1 10 7 12 1 1 1 10 12 1 1 10 7 12 1 1 1 7 1 10 10 12 1 1 10 7 12 1 1 10 12 1 1 8 1 10 7 12 1 1 1 10 7 12 1 1 1 10 11 100 12 1 1 1 100 1 10 10 12 1 8 1 10 12 1 8 1 100 1 11 12 1 1 8 1 10 7 12 1 1 1 10 12 1 1 10 12 1 10 12 1 10 12 1 10 12 1 1 1 1 1 1 1 1 1 1 1 1 1 1 1 1 1 1 1 1 1 1 1 1 1 1 1 1 1 1 1 1 1 1 1 1 1 1 1 1 1 1 1 1 1 1 1 1 1 1 1 1 1 1 1 1 1 1
ciMethod java/util/Objects hashCode (Ljava/lang/Object;)I 512 0 91493 0 208
ciMethod java/util/Objects requireNonNull (Ljava/lang/Object;)Ljava/lang/Object; 574 0 545143 0 -1
instanceKlass org/gradle/internal/classpath/DefaultClassPath$ImmutableUniqueList
instanceKlass org/gradle/internal/classpath/DefaultClassPath$ImmutableUniqueList
instanceKlass com/google/common/collect/Lists$Partition
instanceKlass com/google/common/collect/Lists$TransformingRandomAccessList
instanceKlass java/util/Collections$CopiesList
instanceKlass org/eclipse/osgi/internal/container/InternalUtils$CopyOnFirstWriteList
instanceKlass org/eclipse/osgi/internal/weaving/DynamicImportList
instanceKlass java/util/Collections$SingletonList
instanceKlass java/util/Vector
instanceKlass sun/security/jca/ProviderList$ServiceList
instanceKlass sun/security/jca/ProviderList$3
instanceKlass java/util/AbstractSequentialList
instanceKlass java/util/Arrays$ArrayList
instanceKlass java/util/ArrayList$SubList
instanceKlass java/util/Collections$EmptyList
instanceKlass java/util/ArrayList
ciInstanceKlass java/util/AbstractList 1 1 218 10 7 12 1 1 1 9 7 12 1 1 1 10 12 1 1 10 12 1 1 100 1 10 10 12 1 1 11 7 12 1 1 1 11 12 1 1 11 12 1 10 7 12 1 1 1 10 12 1 11 12 1 11 12 1 11 12 1 10 12 1 1 10 12 1 1 11 7 12 1 1 1 11 7 1 11 7 1 10 12 1 7 1 10 12 1 10 12 1 1 7 1 100 1 10 12 1 100 1 10 100 1 7 1 10 8 1 10 12 1 1 10 12 1 10 12 1 1 10 12 1 8 1 100 1 8 1 8 1 8 1 10 7 1 11 10 10 12 1 11 12 1 10 12 1 1 8 1 8 1 1 1 1 1 1 1 1 1 1 1 1 1 1 1 1 1 1 1 1 1 1 1 1 1 1 1 1 1 1 1 1 1 1 1 1 1 1 1 1 1 1 1 1 1 1 1 1 1 1 1 1 1 1 1 1 1 1 100 1 100 1 1 1 1 1 1 1
ciInstanceKlass java/util/List 1 1 251 10 100 12 1 1 1 11 100 12 1 1 1 11 100 12 1 1 1 11 12 1 1 11 100 12 1 1 11 12 1 1 11 12 1 1 10 100 12 1 1 1 7 1 7 1 10 12 1 1 100 1 10 100 12 1 1 1 11 12 1 1 11 12 1 11 12 1 100 1 10 12 1 11 12 1 1 11 12 1 1 11 12 1 10 100 12 1 1 1 9 7 12 1 1 1 7 1 10 12 10 12 1 7 1 10 12 1 1 10 12 1 10 12 1 1 11 12 1 1 100 1 1 1 1 1 1 1 1 1 1 1 1 1 1 1 1 1 1 1 1 1 1 1 1 1 1 1 1 1 1 1 1 1 1 1 1 1 1 1 1 1 1 1 1 100 1 100 1 1 1 1 1 1 1 1 1 1 1 1 1 1 1 1 1 1 1 1 1 1 1 1 1 1 1 1 1 1 1 1 1 1 1 1 1 1 1 1 1 1 1 1 1 1 1 1 1 1 1 1 1 1 1 1 1 1 1 1 1 1 1 1 1 1 1 1 1 1 1 1 1 1 1 1 100 1 1 100 1 1 1
ciInstanceKlass java/util/SequencedCollection 1 1 109 100 1 10 12 1 1 11 7 12 1 1 1 11 7 12 1 1 1 11 12 1 1 11 12 1 7 1 7 1 1 1 1 1 1 1 1 1 1 1 1 1 1 1 1 1 1 1 1 1 1 1 1 1 1 1 1 1 100 1 8 1 1 12 10 1 1 1 8 1 1 1 8 1 1 1 8 1 1 1 8 1 1 8 1 1 1 8 1 1 8 1 1 1 8 1 1 8 1 1 1 8 1 1 8 1 1 8 1
ciInstanceKlass java/util/Collection 1 1 115 11 7 12 1 1 1 7 1 11 7 12 1 1 1 10 7 12 1 1 1 11 12 1 1 11 7 12 1 1 1 11 12 1 1 11 100 12 1 1 1 11 12 1 1 10 100 12 1 1 1 11 12 1 10 7 12 1 1 1 100 1 100 1 1 1 1 1 1 1 1 1 1 1 1 1 1 1 1 1 1 1 1 1 1 1 1 1 1 1 1 1 1 1 1 1 1 1 1 1 1 1 1 1 1 1 1 1 1 1 1 1 1 1 1
ciInstanceKlass java/lang/Iterable 1 1 62 10 7 12 1 1 1 11 7 12 1 1 1 11 7 12 1 1 1 11 12 1 1 11 7 12 1 1 1 10 100 12 1 1 1 100 1 1 1 1 1 1 1 1 1 1 1 1 1 1 1 1 1 1 1 1 1 1 1 1 1 1
instanceKlass com/google/common/collect/ImmutableCollection
instanceKlass java/util/Hashtable$ValueCollection
instanceKlass com/google/common/collect/ImmutableCollection
instanceKlass org/gradle/internal/impldep/com/google/common/collect/ImmutableCollection
instanceKlass org/eclipse/sisu/inject/MildElements
instanceKlass org/eclipse/sisu/inject/MildValues$1
instanceKlass com/google/common/collect/Maps$Values
instanceKlass com/google/common/collect/AbstractMultimap$Values
instanceKlass com/google/common/collect/AbstractMapBasedMultimap$WrappedCollection
instanceKlass com/google/common/collect/ImmutableCollection
instanceKlass org/apache/felix/resolver/util/ArrayMap$1
instanceKlass com/sun/jna/Structure$StructureSet
instanceKlass java/util/AbstractMap$2
instanceKlass java/util/TreeMap$Values
instanceKlass java/util/IdentityHashMap$Values
instanceKlass org/apache/felix/resolver/util/OpenHashMap$AbstractObjectCollection
instanceKlass org/eclipse/osgi/internal/container/NamespaceList$Builder
instanceKlass java/util/AbstractQueue
instanceKlass java/util/LinkedHashMap$LinkedValues
instanceKlass java/util/HashMap$Values
instanceKlass java/util/ArrayDeque
instanceKlass java/util/AbstractSet
instanceKlass java/util/ImmutableCollections$AbstractImmutableCollection
instanceKlass java/util/AbstractList
ciInstanceKlass java/util/AbstractCollection 1 1 160 10 7 12 1 1 1 10 7 12 1 1 1 10 12 1 1 11 7 12 1 1 1 11 12 1 1 10 12 1 1 10 100 12 1 1 1 10 12 1 1 10 12 1 1 10 7 12 1 1 10 7 12 1 1 1 7 1 10 7 12 1 1 1 10 100 12 1 1 1 100 1 10 11 12 1 11 7 1 10 12 1 10 12 1 10 100 12 1 1 1 11 8 1 7 1 10 10 12 1 1 8 1 10 12 1 10 12 1 1 1 1 1 1 1 1 1 1 1 1 1 1 1 1 1 1 1 1 1 1 1 1 1 1 1 1 1 1 1 1 1 1 1 1 1 1 1 1 1 1 1 1 1 1 1 1 1 1 1 1
ciInstanceKlass java/lang/AssertionStatusDirectives 0 0 24 10 100 12 1 1 1 100 1 1 1 1 1 1 1 1 1 1 1 1 1 1 1 1
instanceKlass com/esotericsoftware/kryo/KryoException
instanceKlass java/security/ProviderException
instanceKlass org/gradle/internal/remote/internal/MessageIOException
instanceKlass org/eclipse/jdt/internal/compiler/parser/SourceTypeConverter$AnonymousMemberFound
instanceKlass org/gradle/cache/InsufficientLockModeException
instanceKlass org/gradle/cache/LockTimeoutException
instanceKlass org/gradle/launcher/daemon/client/DaemonConnectionException
instanceKlass org/gradle/internal/remote/internal/ConnectException
instanceKlass org/gradle/cache/FileIntegrityViolationException
instanceKlass org/eclipse/jdt/internal/compiler/lookup/Scope$MethodClashException
instanceKlass lombok/core/AnnotationValues$AnnotationValueDecodeFail
instanceKlass org/eclipse/jdt/internal/compiler/flow/UnconditionalFlowInfo$AssertionFailedException
instanceKlass java/nio/file/ProviderNotFoundException
instanceKlass java/nio/file/FileSystemAlreadyExistsException
instanceKlass java/nio/file/FileSystemNotFoundException
instanceKlass org/apache/tools/ant/BuildException
instanceKlass org/gradle/tooling/internal/protocol/exceptions/InternalUnsupportedBuildArgumentException
instanceKlass org/gradle/internal/jvm/JavaHomeException
instanceKlass org/gradle/cli/CommandLineArgumentException
instanceKlass org/gradle/tooling/internal/protocol/BuildExceptionVersion1
instanceKlass org/gradle/tooling/internal/protocol/InternalBuildCancelledException
instanceKlass org/gradle/internal/snapshot/impl/WorkSerializationException
instanceKlass org/gradle/api/reflect/ObjectInstantiationException
instanceKlass org/gradle/internal/file/FileException
instanceKlass com/google/common/util/concurrent/UncheckedExecutionException
instanceKlass com/google/common/cache/CacheLoader$InvalidCacheLoadException
instanceKlass org/gradle/internal/typeconversion/TypeConversionException
instanceKlass org/gradle/internal/reflect/NoSuchMethodException
instanceKlass org/eclipse/jdt/internal/compiler/problem/ShouldNotImplement
instanceKlass org/gradle/internal/nativeintegration/NativeIntegrationException
instanceKlass org/gradle/internal/service/ServiceLookupException
instanceKlass net/rubygrapefruit/platform/NativeException
instanceKlass org/gradle/tooling/internal/protocol/InternalUnsupportedModelException
instanceKlass org/gradle/tooling/internal/protocol/InternalBuildActionFailureException
instanceKlass org/gradle/internal/operations/BuildOperationInvocationException
instanceKlass org/gradle/internal/UncheckedException
instanceKlass org/gradle/api/GradleException
instanceKlass org/gradle/tooling/GradleConnectionException
instanceKlass org/gradle/api/reflect/ObjectInstantiationException
instanceKlass org/gradle/internal/operations/BuildOperationInvocationException
instanceKlass org/gradle/internal/UncheckedException
instanceKlass org/gradle/internal/impldep/com/google/common/util/concurrent/UncheckedExecutionException
instanceKlass org/gradle/internal/impldep/com/google/common/cache/CacheLoader$InvalidCacheLoadException
instanceKlass org/gradle/tooling/GradleConnectionException
instanceKlass org/gradle/internal/reflect/NoSuchMethodException
instanceKlass org/gradle/api/GradleException
instanceKlass org/gradle/internal/service/ServiceLookupException
instanceKlass java/util/concurrent/CompletionException
instanceKlass com/microsoft/gradle/bs/importer/model/NamedPipeConnectionException
instanceKlass org/eclipse/jdt/internal/core/index/Index$RegexpTimeoutException
instanceKlass org/eclipse/jdt/internal/core/search/matching/MatchLocator$WrappedCoreException
instanceKlass com/google/inject/internal/aop/GlueException
instanceKlass org/eclipse/lsp4j/jsonrpc/JsonRpcException
instanceKlass org/apache/maven/artifact/InvalidArtifactRTException
instanceKlass org/eclipse/lsp4j/jsonrpc/MessageIssueException
instanceKlass org/eclipse/lsp4j/jsonrpc/ResponseErrorException
instanceKlass com/google/gson/JsonParseException
instanceKlass java/io/UncheckedIOException
instanceKlass org/gradle/api/UncheckedIOException
instanceKlass org/eclipse/buildship/core/internal/GradlePluginsRuntimeException
instanceKlass com/sun/jna/LastErrorException
instanceKlass java/lang/annotation/IncompleteAnnotationException
instanceKlass org/eclipse/text/edits/MalformedTreeException
instanceKlass com/google/inject/CreationException
instanceKlass com/google/inject/ConfigurationException
instanceKlass com/google/inject/ProvisionException
instanceKlass org/w3c/dom/DOMException
instanceKlass org/eclipse/jdt/internal/codeassist/select/SelectionNodeFound
instanceKlass org/eclipse/jdt/internal/core/DeltaProcessor$1FoundRelevantDeltaException
instanceKlass org/eclipse/jdt/internal/compiler/lookup/ReferenceBinding$DysfunctionalInterfaceException
instanceKlass org/eclipse/jdt/internal/codeassist/complete/InvalidCursorLocation
instanceKlass org/eclipse/jdt/internal/codeassist/complete/CompletionNodeFound
instanceKlass org/eclipse/jdt/internal/compiler/problem/AbortCompilation
instanceKlass org/eclipse/jdt/internal/compiler/lookup/SourceTypeCollisionException
instanceKlass org/eclipse/jdt/internal/core/builder/MissingSourceFileException
instanceKlass org/eclipse/jdt/internal/core/builder/ImageBuilderInternalException
instanceKlass java/lang/NegativeArraySizeException
instanceKlass org/eclipse/jdt/internal/core/ClasspathEntry$AssertionFailedException
instanceKlass com/google/common/cache/CacheLoader$InvalidCacheLoadException
instanceKlass com/google/common/util/concurrent/UncheckedExecutionException
instanceKlass java/time/DateTimeException
instanceKlass com/google/inject/OutOfScopeException
instanceKlass ch/qos/logback/core/LogbackException
instanceKlass org/objectweb/asm/tree/UnsupportedClassVersionException
instanceKlass java/lang/reflect/UndeclaredThrowableException
instanceKlass org/eclipse/core/internal/events/BuildManager$JobManagerSuspendedException
instanceKlass org/eclipse/core/internal/localstore/IsSynchronizedVisitor$ResourceChangedException
instanceKlass java/lang/IllegalCallerException
instanceKlass org/eclipse/core/internal/dtree/ObjectNotFoundException
instanceKlass org/eclipse/core/internal/utils/WrappedRuntimeException
instanceKlass org/eclipse/core/runtime/OperationCanceledException
instanceKlass org/eclipse/equinox/internal/provisional/frameworkadmin/FrameworkAdminRuntimeException
instanceKlass org/osgi/util/promise/FailedPromisesException
instanceKlass org/eclipse/core/runtime/InvalidRegistryObjectException
instanceKlass org/eclipse/core/runtime/AssertionFailedException
instanceKlass org/osgi/service/component/ComponentException
instanceKlass java/util/MissingResourceException
instanceKlass org/osgi/framework/hooks/weaving/WeavingException
instanceKlass java/util/concurrent/RejectedExecutionException
instanceKlass java/lang/reflect/InaccessibleObjectException
instanceKlass java/util/ConcurrentModificationException
instanceKlass org/osgi/framework/ServiceException
instanceKlass java/lang/TypeNotPresentException
instanceKlass java/lang/IndexOutOfBoundsException
instanceKlass org/eclipse/osgi/framework/util/ThreadInfoReport
instanceKlass org/eclipse/osgi/storage/Storage$StorageException
instanceKlass java/util/NoSuchElementException
instanceKlass java/lang/SecurityException
instanceKlass java/lang/invoke/WrongMethodTypeException
instanceKlass java/lang/UnsupportedOperationException
instanceKlass java/lang/IllegalStateException
instanceKlass java/lang/IllegalArgumentException
instanceKlass java/lang/ArithmeticException
instanceKlass java/lang/NullPointerException
instanceKlass java/lang/IllegalMonitorStateException
instanceKlass java/lang/ArrayStoreException
instanceKlass java/lang/ClassCastException
ciInstanceKlass java/lang/RuntimeException 1 1 40 10 7 12 1 1 1 10 12 1 10 12 1 10 12 1 10 12 1 100 1 1 1 1 5 0 1 1 1 1 1 1 1 1 1 1 1 1 1 1
instanceKlass org/eclipse/jdt/internal/compiler/lookup/InferenceContext18$ResolveOutcome
instanceKlass org/eclipse/jdt/internal/compiler/util/CharArray
instanceKlass jdk/net/UnixDomainPrincipal
instanceKlass org/eclipse/jdt/internal/core/JavadocContents$Range
instanceKlass org/eclipse/jdt/internal/core/JarPackageFragmentRootInfo$PackageContent
instanceKlass org/eclipse/jdt/internal/core/JrtPackageFragmentRoot$JrtModuleKey
instanceKlass com/microsoft/gradle/bs/importer/model/Telemetry
instanceKlass org/eclipse/jdt/ls/core/internal/handlers/BaseInitHandler$JdtlsInfo
instanceKlass java/lang/reflect/Executable$ParameterData
instanceKlass java/nio/DirectByteBuffer$Deallocator
instanceKlass org/eclipse/jdt/internal/core/JavaModelManager$SecondaryTypesCache
instanceKlass org/eclipse/m2e/core/embedder/ArtifactRepositoryRef
instanceKlass org/eclipse/m2e/core/project/configurator/ProjectConfigurationRequest
instanceKlass org/eclipse/m2e/core/embedder/ArtifactKey
instanceKlass org/eclipse/m2e/core/embedder/MavenConfigurationChangeEvent
instanceKlass org/eclipse/m2e/core/embedder/MavenSettingsLocations
instanceKlass java/lang/reflect/Proxy$ProxyBuilder$ProxyClassContext
instanceKlass org/eclipse/equinox/launcher/Main$Identifier
instanceKlass sun/security/pkcs/SignerInfo$AlgorithmInfo
instanceKlass jdk/internal/misc/ThreadTracker$ThreadRef
instanceKlass java/security/SecureClassLoader$CodeSourceKey
instanceKlass jdk/internal/module/ModuleReferenceImpl$CachedHash
instanceKlass java/util/stream/Collectors$CollectorImpl
instanceKlass jdk/internal/reflect/ReflectionFactory$Config
instanceKlass jdk/internal/foreign/abi/UpcallLinker$CallRegs
instanceKlass jdk/internal/foreign/abi/VMStorage
ciInstanceKlass java/lang/Record 1 1 22 10 7 12 1 1 1 100 1 1 1 1 1 1 1 1 1 1 1 1 1 1
ciInstanceKlass java/lang/invoke/MethodType 1 1 780 7 1 10 7 12 1 1 1 9 12 1 1 9 12 1 1 9 12 1 1 10 7 12 1 1 1 9 7 12 1 1 8 1 10 100 12 1 1 1 9 7 1 9 7 1 10 12 1 1 7 1 10 8 1 10 12 1 1 10 12 1 10 12 1 1 7 1 8 1 10 12 1 100 1 10 10 12 1 10 12 1 1 10 12 1 1 11 7 12 1 1 1 9 12 1 11 12 1 1 7 10 12 1 1 10 12 1 1 7 1 7 1 10 7 12 1 1 1 10 12 1 10 12 1 9 12 1 1 10 7 12 1 1 10 12 1 1 10 7 12 1 1 1 10 7 12 1 1 1 10 12 1 9 12 1 1 10 12 1 1 10 12 1 1 10 12 1 1 10 12 1 1 10 12 1 1 10 12 1 10 12 1 10 12 1 1 10 12 1 8 1 8 1 10 12 1 1 9 12 1 1 100 1 10 10 12 1 1 10 12 1 10 12 1 1 10 12 1 1 10 12 1 10 12 1 10 12 1 8 1 10 12 1 1 10 7 12 1 1 1 10 12 1 10 12 1 1 10 12 1 10 12 1 10 12 1 1 10 12 1 10 12 1 9 12 1 10 12 1 10 10 12 1 1 10 12 1 9 12 1 1 10 12 1 1 11 12 1 1 10 12 1 1 10 12 1 10 12 1 7 1 8 1 8 1 8 1 10 12 1 10 12 1 10 12 1 1 10 10 12 1 11 12 1 1 11 12 1 10 100 12 1 1 1 9 12 1 10 12 1 10 12 1 1 10 12 1 1 10 12 1 10 12 1 10 100 12 1 1 1 10 12 1 1 10 12 1 10 12 1 10 12 1 10 9 12 1 1 7 1 10 12 1 10 12 1 1 9 100 12 1 1 1 10 7 12 1 1 1 10 7 12 1 1 1 10 12 1 1 10 7 12 1 1 1 10 12 1 1 8 1 10 7 12 1 1 1 11 12 1 1 9 12 1 1 10 12 1 1 10 12 1 10 12 1 1 10 12 1 1 10 100 12 1 1 100 1 10 12 1 1 11 100 12 1 1 18 12 1 1 11 12 1 1 18 12 1 11 12 1 100 1 11 100 12 1 1 10 12 1 100 1 10 12 1 10 100 12 1 1 10 12 1 1 9 12 1 1 9 100 12 1 1 1 10 7 12 1 1 1 9 12 1 10 100 12 1 1 10 12 1 100 10 12 1 1 10 12 1 7 1 10 10 12 1 1 7 1 7 1 9 12 1 1 7 1 7 1 7 1 1 1 5 0 1 1 1 1 1 1 1 3 1 3 1 3 1 1 1 1 1 1 1 1 1 1 1 1 1 1 1 1 1 1 1 1 1 1 1 1 1 1 1 1 1 1 1 1 1 1 1 1 1 1 1 1 1 1 1 1 1 1 1 1 1 1 1 1 1 1 1 1 1 1 1 1 1 1 1 1 1 1 1 1 1 1 1 1 1 1 1 1 1 1 1 1 1 1 1 1 1 1 1 1 1 1 1 1 1 1 1 1 1 1 1 1 1 1 1 1 1 1 1 1 1 1 1 1 1 1 1 1 1 1 1 1 1 1 1 1 1 1 1 1 1 1 7 1 7 1 1 1 1 1 1 1 1 1 1 1 1 1 7 1 1 1 7 1 1 1 1 1 1 1 1 1 1 1 1 1 1 1 1 1 1 1 1 1 1 16 15 10 12 16 16 15 10 12 16 15 10 100 12 1 1 1 1 1 7 1 1 7 1 1 100 1 100 1 1
staticfield java/lang/invoke/MethodType internTable Ljdk/internal/util/ReferencedKeySet; jdk/internal/util/ReferencedKeySet
staticfield java/lang/invoke/MethodType NO_PTYPES [Ljava/lang/Class; 0 [Ljava/lang/Class;
staticfield java/lang/invoke/MethodType objectOnlyTypes [Ljava/lang/invoke/MethodType; 20 [Ljava/lang/invoke/MethodType;
staticfield java/lang/invoke/MethodType METHOD_HANDLE_ARRAY [Ljava/lang/Class; 1 [Ljava/lang/Class;
staticfield java/lang/invoke/MethodType serialPersistentFields [Ljava/io/ObjectStreamField; 0 [Ljava/io/ObjectStreamField;
staticfield java/lang/invoke/MethodType $assertionsDisabled Z 1
ciMethod java/lang/invoke/MethodType equals (Ljava/lang/Object;)Z 768 0 6292 0 -1
ciMethod java/lang/invoke/MethodType hashCode ()I 526 1308 5457 0 360
ciInstanceKlass java/lang/invoke/TypeDescriptor$OfMethod 1 0 43 100 1 100 1 100 1 1 1 1 1 1 1 1 1 1 1 1 1 1 1 1 1 1 1 1 1 1 1 1 1 1 1 1 1 1 1 1 1 1 100 1 1
instanceKlass java/lang/InstantiationException
instanceKlass java/lang/IllegalAccessException
instanceKlass java/lang/reflect/InvocationTargetException
instanceKlass java/lang/NoSuchFieldException
instanceKlass java/lang/NoSuchMethodException
instanceKlass java/lang/ClassNotFoundException
ciInstanceKlass java/lang/ReflectiveOperationException 1 1 34 10 7 12 1 1 1 10 12 1 10 12 1 10 12 1 100 1 1 1 1 5 0 1 1 1 1 1 1 1 1 1 1 1
instanceKlass java/lang/invoke/DelegatingMethodHandle
instanceKlass java/lang/invoke/BoundMethodHandle
instanceKlass java/lang/invoke/DirectMethodHandle
ciInstanceKlass java/lang/invoke/MethodHandle 1 1 733 100 1 9 7 12 1 1 1 10 7 12 1 1 1 10 7 12 1 1 1 7 1 7 1 10 12 1 1 9 12 1 1 10 12 1 10 12 1 1 10 12 1 1 10 7 12 1 1 1 10 12 1 1 10 12 1 1 11 7 12 1 1 1 10 12 1 1 10 12 1 10 12 1 10 12 1 1 9 12 1 1 9 12 1 1 10 7 12 1 1 1 10 12 1 1 10 12 1 10 12 1 100 1 7 1 10 8 1 10 12 1 1 10 12 1 8 1 10 12 1 1 10 12 1 10 7 12 1 1 1 10 12 1 1 10 12 1 1 10 12 1 1 10 7 12 1 1 1 10 12 1 1 10 12 1 1 10 12 1 10 12 1 1 10 7 12 1 1 10 7 12 1 1 10 12 1 10 12 1 10 12 1 1 10 12 1 1 10 12 1 1 10 12 1 1 10 7 12 1 1 1 10 7 12 1 1 1 10 12 1 1 10 12 1 1 10 12 1 1 8 1 10 7 12 1 1 1 8 1 10 12 1 10 12 1 1 10 12 1 1 10 12 1 8 1 10 12 1 1 8 1 10 12 1 8 1 10 7 12 1 1 1 9 12 1 1 100 1 10 9 7 12 1 1 1 9 7 1 8 1 10 12 1 1 10 12 1 10 12 1 1 10 12 1 10 12 1 1 10 12 1 10 12 1 1 10 12 1 10 12 1 1 10 12 1 1 8 1 10 12 1 1 8 1 10 12 1 10 12 1 1 10 12 1 10 12 1 10 12 1 1 9 100 12 1 1 1 10 12 1 1 11 12 1 10 12 1 10 12 1 1 10 100 12 1 1 100 1 11 12 1 10 100 1 11 12 1 7 1 10 12 1 11 12 1 9 100 12 1 1 1 11 12 1 1 11 100 12 1 1 1 10 12 1 1 9 12 1 11 12 1 9 12 1 9 12 1 9 12 1 11 12 1 1 9 12 1 9 12 1 9 12 1 9 12 1 9 12 1 9 12 1 9 12 1 8 1 10 12 1 10 12 1 8 1 10 12 1 10 12 1 10 12 1 1 10 10 10 7 12 1 1 10 12 1 1 100 1 7 1 8 1 8 1 10 10 12 1 1 10 12 1 10 12 1 7 1 10 100 12 1 1 1 10 9 7 12 1 1 1 10 12 1 1 10 12 1 1 8 1 8 1 10 7 12 1 1 9 12 1 9 12 1 1 9 12 1 1 10 12 1 7 1 10 12 1 10 12 1 1 9 12 1 1 9 12 1 1 10 7 12 1 1 1 11 7 12 1 1 9 12 1 10 12 1 1 9 12 1 10 12 1 8 10 12 1 1 8 1 1 1 1 1 1 1 1 7 1 1 1 1 1 1 1 1 1 1 1 1 1 1 1 1 1 1 1 1 1 1 1 1 1 1 1 1 1 1 100 1 1 1 1 1 1 1 1 1 1 1 1 1 1 1 1 1 1 1 1 1 1 1 1 1 1 1 1 1 1 1 1 1 1 1 1 1 1 1 1 1 1 1 1 1 1 1 1 1 1 1 1 1 1 1 1 1 1 1 1 1 1 1 1 1 1 1 1 1 1 1 1 1 1 1 1 1 1 1 1 1 1 1 1 1 1 100 1 1 100 1 7 1 100 1 1 100 1 1 100 1 1 1 1
staticfield java/lang/invoke/MethodHandle FORM_OFFSET J 20
staticfield java/lang/invoke/MethodHandle UPDATE_OFFSET J 13
staticfield java/lang/invoke/MethodHandle $assertionsDisabled Z 1
ciInstanceKlass java/util/concurrent/ConcurrentHashMap 1 1 1210 7 1 7 1 3 10 12 1 1 3 7 1 10 7 12 1 1 1 7 1 10 7 12 1 1 1 100 1 11 12 1 1 11 12 1 11 12 1 1 9 12 1 1 9 12 1 1 9 12 1 10 7 12 1 1 1 7 1 10 12 1 1 10 12 1 1 10 7 12 1 1 1 4 10 12 1 9 12 1 10 12 1 1 100 1 10 5 0 10 12 1 10 12 1 1 5 0 10 12 1 1 10 12 1 9 12 1 1 10 12 1 1 9 12 1 9 12 1 1 10 12 1 1 9 12 1 10 12 1 1 9 12 1 1 10 12 1 1 100 1 10 100 1 10 12 1 10 12 1 1 10 12 1 1 10 12 1 1 10 12 1 10 12 1 1 10 12 1 1 100 1 10 12 1 1 7 1 100 1 8 1 10 12 1 10 12 1 1 10 12 1 1 11 7 12 1 1 10 12 1 1 11 12 1 1 11 7 12 1 1 1 11 7 12 1 1 1 11 12 1 7 1 11 12 1 11 12 1 10 12 1 1 10 12 1 1 9 12 1 1 10 100 12 1 1 1 9 10 12 1 1 9 12 1 10 12 1 1 5 0 9 12 1 1 7 1 10 12 1 9 12 1 1 7 1 10 12 1 9 12 1 7 1 10 7 1 10 10 12 1 1 8 1 10 12 1 10 12 1 1 11 100 1 10 12 1 10 100 12 1 1 1 8 1 10 100 12 1 1 1 8 1 10 12 1 8 1 10 12 1 10 12 1 1 10 100 12 1 1 10 12 1 10 12 1 10 12 1 9 12 1 9 10 12 1 9 12 1 1 11 100 12 1 1 1 11 7 12 1 1 1 100 1 10 12 11 100 12 1 1 10 11 7 12 1 10 12 1 100 1 10 12 1 100 1 10 10 9 7 12 1 1 1 10 12 3 10 7 12 1 1 9 12 1 10 12 1 1 9 12 1 1 9 12 1 10 12 1 1 10 100 12 1 1 9 12 1 9 7 12 1 1 10 12 1 1 10 12 1 3 9 12 1 9 12 1 10 12 1 1 7 1 9 3 9 12 1 7 1 10 12 1 9 12 1 10 12 1 9 12 1 10 12 1 9 12 1 10 100 12 1 1 1 100 10 12 1 7 1 5 0 10 100 12 1 1 100 1 10 12 1 1 10 12 1 10 12 1 100 1 10 12 1 10 100 1 100 1 10 10 12 1 10 100 1 10 12 1 10 100 1 10 12 1 10 7 1 10 12 1 1 100 1 10 12 1 10 10 12 1 100 1 10 12 1 10 10 12 1 100 1 10 12 1 10 100 1 10 12 1 10 100 1 10 12 1 10 100 1 10 12 1 10 100 1 10 12 1 10 100 1 10 12 1 10 100 1 10 12 1 10 100 1 10 12 1 10 100 1 10 10 100 1 10 10 100 1 10 10 100 1 10 12 1 10 100 1 10 12 1 10 100 1 10 12 1 10 100 1 10 12 1 10 100 1 10 12 1 10 100 1 10 10 100 1 10 10 100 1 10 10 100 1 10 12 1 10 100 1 10 12 1 10 100 1 10 12 1 10 100 1 10 12 1 10 100 1 10 12 1 10 10 12 1 10 7 12 1 1 1 10 12 1 7 1 7 1 10 12 1 9 12 1 1 9 12 1 1 10 12 1 1 8 10 12 1 1 8 8 8 8 7 10 12 1 1 10 12 1 100 1 8 1 10 7 1 7 1 7 1 1 1 5 0 1 1 3 1 3 1 1 1 1 3 1 3 1 3 1 1 1 1 1 3 1 3 1 3 1 1 1 1 1 1 1 1 1 1 1 1 1 1 1 1 1 1 1 1 1 1 1 1 1 100 1 1 1 1 1 1 1 1 1 1 1 1 1 1 1 1 1 1 1 1 1 1 1 1 1 1 1 1 1 1 1 1 1 1 1 1 1 1 1 1 1 1 1 1 1 1 1 1 1 1 1 1 1 1 1 1 1 1 1 1 1 1 1 1 1 1 1 1 1 1 1 1 1 1 1 1 1 1 1 1 1 1 1 1 100 1 1 1 1 1 1 1 1 1 1 1 7 1 1 1 1 1 1 1 1 1 1 1 1 1 1 1 1 1 1 1 1 1 1 1 1 1 1 1 1 1 1 1 1 1 1 1 1 1 1 1 1 1 1 1 1 1 1 1 1 1 1 1 1 1 1 1 1 1 1 1 1 1 1 1 1 1 1 1 1 1 1 1 1 1 1 1 1 1 1 1 1 1 1 1 1 1 1 1 1 1 1 1 1 1 1 1 1 1 1 1 1 1 1 1 1 1 1 1 1 1 1 1 1 1 1 1 1 1 1 1 1 1 1 1 1 1 1 1 1 1 1 1 1 1 1 1 1 1 1 1 1 1 1 1 1 1 1 1 1 1 1 1 1 1 1 1 1 1 1 1 1 1 1 1 1 1 1 1 1 1 1 1 1 1 1 1 1 1 1 1 1 1 1 1 1 1 1 1 1 1 1 1 1 1 1 1 1 1 1 1 1 1 1 1 1 1 1 1 1 1 1 1 1 1 1 1 1 1 1 1 1 1 1 1 100 1 100 1 100 1 100 1 100 1 100 1 100 1 100 1 100 1 1 1 1 1 1 1 1 1 1 1 1 1 1 1 1 1 1 1 1 1 1 1 1 1 1 1 1 1 1 1 1 1 1 1 1 1 1 1 1 1 1 1 1 1 1 1 1 1 1 1 1 1 1 1 1 1 1
staticfield java/util/concurrent/ConcurrentHashMap NCPU I 8
staticfield java/util/concurrent/ConcurrentHashMap serialPersistentFields [Ljava/io/ObjectStreamField; 3 [Ljava/io/ObjectStreamField;
staticfield java/util/concurrent/ConcurrentHashMap U Ljdk/internal/misc/Unsafe; jdk/internal/misc/Unsafe
staticfield java/util/concurrent/ConcurrentHashMap SIZECTL J 20
staticfield java/util/concurrent/ConcurrentHashMap TRANSFERINDEX J 32
staticfield java/util/concurrent/ConcurrentHashMap BASECOUNT J 24
staticfield java/util/concurrent/ConcurrentHashMap CELLSBUSY J 36
staticfield java/util/concurrent/ConcurrentHashMap CELLVALUE J 144
staticfield java/util/concurrent/ConcurrentHashMap ABASE I 16
staticfield java/util/concurrent/ConcurrentHashMap ASHIFT I 2
instanceKlass com/google/common/collect/MapMakerInternalMap
instanceKlass com/google/common/cache/LocalCache
instanceKlass org/gradle/internal/impldep/com/google/common/cache/LocalCache
instanceKlass org/eclipse/sisu/wire/EntryMapAdapter
instanceKlass com/google/common/collect/Maps$ViewCachingAbstractMap
instanceKlass com/google/common/collect/MapMakerInternalMap
instanceKlass org/eclipse/sisu/wire/MergedProperties
instanceKlass com/google/gson/internal/LinkedTreeMap
instanceKlass com/google/common/cache/LocalCache
instanceKlass org/apache/felix/resolver/util/ArrayMap
instanceKlass java/util/concurrent/ConcurrentSkipListMap
instanceKlass org/eclipse/osgi/internal/framework/FilterImpl$DictionaryMap
instanceKlass org/eclipse/osgi/internal/framework/FilterImpl$ServiceReferenceMap
instanceKlass org/eclipse/osgi/internal/serviceregistry/ShrinkableValueCollectionMap
instanceKlass java/util/Collections$SingletonMap
instanceKlass java/util/TreeMap
instanceKlass java/util/IdentityHashMap
instanceKlass java/util/EnumMap
instanceKlass java/util/WeakHashMap
instanceKlass java/util/Collections$EmptyMap
instanceKlass sun/util/PreHashedMap
instanceKlass java/util/HashMap
instanceKlass java/util/ImmutableCollections$AbstractImmutableMap
instanceKlass java/util/concurrent/ConcurrentHashMap
ciInstanceKlass java/util/AbstractMap 1 1 196 10 7 12 1 1 1 10 7 12 1 1 1 11 7 12 1 1 1 10 11 12 1 1 11 7 12 1 1 1 11 12 1 1 7 1 11 12 1 10 12 1 1 11 12 1 100 1 10 11 12 1 11 7 1 10 12 1 1 11 12 1 9 12 1 1 7 1 10 12 1 9 12 1 1 7 1 10 11 11 12 1 1 11 12 1 7 1 100 1 11 12 1 8 1 7 1 10 10 12 1 1 8 1 10 12 1 10 12 1 1 10 12 1 1 1 1 1 1 1 1 1 1 1 1 1 1 1 1 1 1 1 1 1 1 1 1 1 1 1 1 1 1 1 1 1 1 1 1 1 1 1 1 7 1 1 1 1 1 1 1 7 1 1 1 1 1 1 1 1 1 7 1 1 1 1 1 1 1 1 1 100 1 100 1 100 1 100 1 100 1 1 1 1 1 1
ciMethod java/util/concurrent/ConcurrentHashMap remove (Ljava/lang/Object;)Ljava/lang/Object; 552 0 1048 0 0
ciMethod java/util/concurrent/ConcurrentHashMap putIfAbsent (Ljava/lang/Object;Ljava/lang/Object;)Ljava/lang/Object; 520 0 21114 0 104
ciInstanceKlass java/util/concurrent/ConcurrentMap 1 1 208 11 7 12 1 1 1 10 100 12 1 1 11 12 1 1 11 100 12 1 1 1 11 7 12 1 1 1 11 12 1 1 100 1 11 12 1 11 12 1 100 1 11 100 12 1 1 1 18 12 1 11 12 1 1 11 100 12 1 1 11 12 1 1 11 100 12 1 11 12 1 1 11 12 1 1 7 1 7 1 1 1 1 1 1 1 1 1 1 1 1 1 1 1 1 1 1 1 1 1 1 1 1 1 1 1 1 1 1 1 1 1 1 1 1 1 1 1 1 1 1 1 1 1 1 1 1 1 1 1 1 1 1 1 1 1 1 1 1 16 15 11 12 15 10 100 12 1 1 1 1 1 100 1 100 1 1 1 100 1 8 1 1 12 10 1 1 1 8 1 1 1 8 1 1 8 1 1 1 8 1 1 1 8 1 1 1 8 1 1 1 8 1 1 1 8 1 1 1 8 1 1 1 8 1 1 8 1
ciInstanceKlass jdk/internal/loader/ClassLoaders 1 1 183 10 7 12 1 1 1 10 7 12 1 1 1 10 12 1 1 10 100 12 1 1 1 9 7 12 1 1 1 9 12 1 1 9 12 1 1 7 1 11 100 12 1 1 1 100 1 11 12 1 1 11 12 1 1 10 100 12 1 1 1 10 100 12 1 1 1 100 1 100 1 10 7 12 1 1 1 9 12 1 1 10 12 1 1 7 1 10 12 1 1 10 12 1 7 1 8 1 10 7 12 1 1 1 10 12 1 1 7 1 10 12 1 10 12 1 10 12 1 8 1 10 7 12 1 1 8 1 8 1 10 12 1 7 1 10 12 1 10 12 1 10 12 1 1 1 1 1 1 1 1 1 1 1 1 1 1 1 1 1 1 1 1 7 1 1 1 1 1 1 1 1 1 1 1 1 1 1 1 1 1 1 1
staticfield jdk/internal/loader/ClassLoaders JLA Ljdk/internal/access/JavaLangAccess; java/lang/System$2
staticfield jdk/internal/loader/ClassLoaders BOOT_LOADER Ljdk/internal/loader/ClassLoaders$BootClassLoader; jdk/internal/loader/ClassLoaders$BootClassLoader
staticfield jdk/internal/loader/ClassLoaders PLATFORM_LOADER Ljdk/internal/loader/ClassLoaders$PlatformClassLoader; jdk/internal/loader/ClassLoaders$PlatformClassLoader
staticfield jdk/internal/loader/ClassLoaders APP_LOADER Ljdk/internal/loader/ClassLoaders$AppClassLoader; jdk/internal/loader/ClassLoaders$AppClassLoader
instanceKlass jdk/internal/loader/ClassLoaders$BootClassLoader
instanceKlass jdk/internal/loader/ClassLoaders$PlatformClassLoader
instanceKlass jdk/internal/loader/ClassLoaders$AppClassLoader
ciInstanceKlass jdk/internal/loader/BuiltinClassLoader 1 1 737 9 7 12 1 1 1 10 7 12 1 1 1 10 7 12 1 1 1 9 12 1 1 9 12 1 1 7 1 10 12 1 9 12 1 10 12 1 9 12 1 10 7 12 1 1 1 10 7 12 1 1 1 10 7 12 1 1 1 11 7 12 1 1 1 7 1 7 1 10 10 12 1 1 8 1 10 12 1 10 12 7 1 10 12 1 10 12 1 1 11 7 12 1 1 1 11 7 12 1 1 1 11 12 1 1 7 1 8 1 8 1 10 9 12 1 1 10 7 12 1 1 11 12 1 1 10 12 1 1 10 12 1 1 10 12 1 1 10 7 12 1 1 1 10 12 1 10 7 12 1 1 1 10 12 1 1 11 7 12 1 1 1 10 7 12 1 1 7 1 10 7 12 1 1 1 10 12 1 100 1 8 1 10 12 1 1 10 8 1 10 12 1 1 10 12 1 1 10 12 1 1 11 7 12 1 1 11 12 1 7 1 10 11 12 1 1 11 10 12 1 1 7 1 10 12 1 10 7 12 1 10 12 1 7 1 10 12 1 10 7 12 1 1 1 100 1 10 12 1 1 11 12 1 7 1 100 1 10 12 1 10 12 1 1 100 1 100 1 10 12 1 10 12 1 18 12 1 1 10 12 1 10 12 1 1 18 100 1 10 7 12 1 1 1 7 1 10 10 12 1 1 10 12 1 1 10 12 1 1 10 12 1 9 12 1 1 100 1 10 10 12 1 1 10 12 1 1 10 12 1 10 12 10 12 1 1 10 12 1 1 10 12 1 1 10 12 1 10 12 1 1 18 12 1 7 1 10 12 1 1 10 12 1 10 12 1 1 10 12 1 100 1 10 12 1 7 1 10 12 1 10 7 12 1 1 1 10 12 1 11 12 1 7 1 10 12 1 7 1 100 1 10 12 1 10 12 1 11 12 1 1 10 12 1 1 10 12 1 1 10 12 1 1 10 12 1 1 10 12 1 10 12 1 10 12 1 10 12 1 8 1 10 12 1 1 10 7 12 1 1 10 12 1 100 1 8 1 8 1 10 10 12 1 8 1 8 1 10 7 12 1 1 1 11 7 12 1 1 1 9 7 12 1 1 1 10 7 12 1 1 1 9 12 1 9 12 1 9 12 1 9 12 1 9 12 1 9 12 1 10 7 12 1 1 1 8 1 10 12 1 7 1 10 12 1 1 10 12 1 7 1 10 11 12 1 1 10 12 10 12 1 10 12 1 100 1 10 12 1 10 12 1 10 10 12 1 10 7 12 1 1 8 1 10 7 12 1 1 10 12 1 1 1 1 1 1 1 1 1 1 1 1 1 1 1 1 1 1 1 1 1 1 1 1 1 1 1 1 1 1 1 1 1 1 1 1 1 1 1 1 1 1 1 1 1 1 1 1 1 1 1 1 1 1 1 1 7 1 1 1 1 1 1 1 1 1 1 1 1 1 1 1 1 1 1 7 1 7 1 1 1 1 1 1 1 1 1 1 1 1 1 1 1 1 1 1 1 1 1 1 1 1 1 1 1 1 1 1 1 1 1 1 1 1 1 1 1 1 1 1 1 1 1 1 1 1 1 1 1 100 1 1 16 15 10 12 16 15 10 12 16 15 10 12 16 1 15 10 100 12 1 1 1 1 1 100 1 1 1 1 1 100 1 100 1 1
staticfield jdk/internal/loader/BuiltinClassLoader packageToModule Ljava/util/Map; java/util/concurrent/ConcurrentHashMap
staticfield jdk/internal/loader/BuiltinClassLoader $assertionsDisabled Z 1
ciInstanceKlass jdk/internal/loader/ClassLoaders$AppClassLoader 1 1 119 8 1 10 7 12 1 1 1 10 7 12 1 1 1 10 7 12 1 1 1 10 12 1 1 10 7 12 1 1 1 10 12 1 1 10 12 1 1 7 1 8 1 10 12 10 7 12 1 1 1 10 7 12 1 1 10 12 1 1 10 12 1 1 10 7 12 1 1 1 7 1 10 12 1 1 1 1 1 1 1 1 1 1 1 1 1 1 1 1 1 1 1 1 1 7 1 1 1 1 1 1 1 1 1 1 1 1 1 1 1 1 1 1 1 7 1 1 1
ciInstanceKlass jdk/internal/loader/ClassLoaders$PlatformClassLoader 1 1 42 8 1 10 7 12 1 1 1 10 7 12 1 1 1 7 1 10 12 1 7 1 1 1 1 1 1 1 1 1 1 1 1 1 1 7 1 1 1 100 1 1
ciInstanceKlass java/lang/ArithmeticException 1 1 26 10 100 12 1 1 1 10 12 1 100 1 1 1 1 5 0 1 1 1 1 1 1 1 1 1
ciInstanceKlass java/lang/ArrayStoreException 1 1 26 10 100 12 1 1 1 10 12 1 100 1 1 1 1 5 0 1 1 1 1 1 1 1 1 1
ciInstanceKlass java/lang/ClassCastException 1 1 26 10 7 12 1 1 1 10 12 1 100 1 1 1 1 5 0 1 1 1 1 1 1 1 1 1
instanceKlass org/gradle/internal/classloader/ClassNotFoundExceptionNoStackTrace
ciInstanceKlass java/lang/ClassNotFoundException 1 1 96 7 1 10 7 12 1 1 1 10 12 1 10 12 1 1 10 100 12 1 1 1 8 1 10 100 12 1 1 1 10 7 12 1 1 10 100 12 1 1 1 10 100 12 1 1 1 10 12 1 1 7 1 10 12 1 9 12 1 1 1 1 1 5 0 1 1 1 1 1 1 1 1 1 1 1 1 1 1 1 1 1 1 100 1 1 1 1 1 1 1 1 1 1 1 1
staticfield java/lang/ClassNotFoundException serialPersistentFields [Ljava/io/ObjectStreamField; 1 [Ljava/io/ObjectStreamField;
instanceKlass java/security/InvalidParameterException
instanceKlass java/nio/file/ProviderMismatchException
instanceKlass org/gradle/internal/service/UnknownServiceException
instanceKlass org/gradle/internal/service/UnknownServiceException
instanceKlass java/util/regex/PatternSyntaxException
instanceKlass org/apache/maven/cli/MavenCli$IllegalUseOfUndefinedProperty
instanceKlass java/nio/file/InvalidPathException
instanceKlass java/nio/charset/UnsupportedCharsetException
instanceKlass java/nio/charset/IllegalCharsetNameException
instanceKlass java/lang/NumberFormatException
ciInstanceKlass java/lang/IllegalArgumentException 1 1 35 10 7 12 1 1 1 10 12 1 10 12 1 10 12 1 100 1 1 1 1 5 0 1 1 1 1 1 1 1 1 1 1 1 1
ciInstanceKlass java/lang/IllegalMonitorStateException 1 1 26 10 100 12 1 1 1 10 12 1 100 1 1 1 1 5 0 1 1 1 1 1 1 1 1 1
ciInstanceKlass java/lang/BootstrapMethodError 0 0 45 10 100 12 1 1 1 10 12 1 10 12 1 10 100 12 1 1 1 10 100 12 1 1 1 1 1 1 5 0 1 1 1 1 1 1 1 1 1 1 1 100 1 1 1
instanceKlass java/lang/ExceptionInInitializerError
instanceKlass java/lang/ClassFormatError
instanceKlass java/lang/UnsatisfiedLinkError
instanceKlass java/lang/IncompatibleClassChangeError
instanceKlass java/lang/BootstrapMethodError
instanceKlass java/lang/NoClassDefFoundError
ciInstanceKlass java/lang/LinkageError 1 1 31 10 7 12 1 1 1 10 12 1 10 12 1 100 1 1 1 1 5 0 1 1 1 1 1 1 1 1 1 1 1
ciInstanceKlass java/lang/NullPointerException 1 1 52 10 7 12 1 1 1 10 12 1 9 7 12 1 1 1 10 12 1 1 9 12 1 1 10 12 1 1 10 12 1 1 1 1 5 0 1 1 1 1 1 1 1 1 100 1 100 1 100 1 1 1
ciInstanceKlass java/lang/NoClassDefFoundError 1 1 26 10 7 12 1 1 1 10 12 1 100 1 1 1 1 5 0 1 1 1 1 1 1 1 1 1
ciInstanceKlass java/lang/StackOverflowError 1 1 26 10 100 12 1 1 1 10 12 1 100 1 1 1 1 5 0 1 1 1 1 1 1 1 1 1
ciInstanceKlass java/lang/StackTraceElement 1 1 235 10 7 12 1 1 1 10 7 12 1 1 9 12 1 1 9 12 1 1 9 12 1 9 12 1 8 1 10 100 12 1 1 1 7 1 9 12 1 8 1 9 12 1 9 12 1 9 12 1 1 10 12 1 1 10 12 1 8 1 10 7 12 1 1 1 7 1 10 12 1 10 12 1 1 10 12 1 10 12 1 1 10 12 1 10 12 1 10 10 12 1 8 1 10 12 1 10 12 1 1 10 12 1 1 10 12 1 10 12 1 10 12 1 9 12 1 1 10 7 12 1 1 1 10 12 1 1 7 1 10 12 1 1 10 7 12 1 1 10 7 12 1 1 1 10 7 12 1 1 10 7 12 1 1 10 10 12 1 1 10 12 1 1 10 12 1 1 10 12 1 7 1 1 1 1 1 1 1 3 1 3 1 1 5 0 1 1 1 1 1 1 1 1 1 1 1 1 1 1 1 1 1 1 1 1 1 1 1 1 1 1 1 1 1 7 1 7 1 1 1 1 1 1 1 100 1 1 1 1 1 1 1 1 1
instanceKlass java/util/concurrent/locks/AbstractQueuedSynchronizer
ciInstanceKlass java/util/concurrent/locks/AbstractOwnableSynchronizer 1 1 32 10 7 12 1 1 1 9 7 12 1 1 1 100 1 1 1 1 5 0 1 1 1 1 1 1 1 1 1 1 1 1
ciInstanceKlass jdk/internal/vm/Continuation 0 0 549 9 100 12 1 1 1 9 12 1 9 12 1 100 1 7 1 10 12 1 1 8 1 10 12 1 1 10 12 1 10 12 1 1 10 12 1 9 7 12 1 1 1 11 100 12 1 1 1 10 7 1 9 12 1 1 9 12 1 1 10 8 1 10 12 1 9 12 1 1 10 11 12 1 1 100 1 10 100 12 1 1 1 10 12 1 1 10 12 1 10 12 1 1 11 12 1 1 9 12 1 1 10 12 1 1 18 12 1 1 10 7 12 1 1 1 100 1 10 12 1 11 100 12 1 1 1 10 12 1 9 12 1 10 12 1 1 100 1 8 1 10 12 1 10 12 1 1 9 12 1 1 11 12 1 1 9 12 1 1 8 1 10 11 12 1 1 11 12 1 1 10 12 1 1 10 12 1 1 9 12 1 10 12 1 10 10 12 1 8 1 10 12 1 8 1 8 1 10 7 12 1 1 1 10 7 12 1 1 1 10 12 1 9 12 1 11 12 1 7 1 10 12 1 10 12 1 1 9 12 1 1 7 1 10 12 1 1 9 12 1 1 10 12 1 10 12 1 11 7 12 1 1 10 7 1 10 12 1 8 1 9 12 1 10 12 1 1 9 12 1 1 10 7 12 1 1 8 1 8 1 8 1 8 1 10 12 1 1 10 12 1 10 12 1 10 12 1 10 12 1 1 10 12 1 1 8 1 10 12 1 1 9 12 1 1 10 12 1 1 9 12 1 8 1 10 7 12 1 1 1 10 12 1 8 1 100 1 8 1 10 9 12 1 1 8 1 10 7 12 1 1 10 100 12 1 1 8 1 8 1 10 12 10 100 12 1 1 1 10 7 1 10 7 12 1 1 1 18 11 100 12 1 1 1 18 12 1 11 12 1 1 7 1 10 7 12 1 1 10 12 1 1 8 10 12 1 1 10 100 12 1 1 1 10 100 12 1 1 10 12 1 8 1 10 12 1 7 1 7 1 10 12 1 1 1 1 1 1 1 1 1 1 1 1 1 1 1 1 1 1 1 1 1 1 1 1 1 1 1 1 1 1 1 1 1 1 1 1 1 1 1 1 1 1 1 1 1 1 1 1 1 1 1 1 1 1 1 1 1 1 1 1 1 1 1 1 1 1 1 1 1 1 1 1 1 1 1 100 1 1 16 1 15 10 12 16 15 11 7 12 1 1 1 16 1 16 1 15 10 12 16 15 10 100 12 1 1 1 1 1 1 1 1 100 1 100 1 1
ciInstanceKlass jdk/internal/misc/UnsafeConstants 1 1 34 10 100 12 1 1 1 9 7 12 1 1 1 9 12 1 9 12 1 1 9 12 1 9 12 1 1 1 1 1 1 1 1 1
staticfield jdk/internal/misc/UnsafeConstants ADDRESS_SIZE0 I 8
staticfield jdk/internal/misc/UnsafeConstants PAGE_SIZE I 4096
staticfield jdk/internal/misc/UnsafeConstants BIG_ENDIAN Z 0
staticfield jdk/internal/misc/UnsafeConstants UNALIGNED_ACCESS Z 1
staticfield jdk/internal/misc/UnsafeConstants DATA_CACHE_LINE_FLUSH_SIZE I 0
ciInstanceKlass java/lang/invoke/MethodHandleStatics 1 1 320 10 7 12 1 1 1 9 7 12 1 1 1 9 12 1 1 10 7 12 1 1 1 9 12 1 9 12 1 9 12 1 9 12 1 9 7 12 1 1 1 7 1 10 8 1 10 12 1 1 10 7 12 1 1 1 8 1 10 7 12 1 1 1 10 12 1 1 8 1 8 1 10 12 1 10 100 12 1 1 1 10 7 12 1 1 8 1 10 12 1 1 8 1 8 1 8 1 8 1 10 12 1 1 7 1 10 12 10 12 1 10 12 1 100 1 10 10 12 1 1 100 1 10 10 12 1 7 1 7 1 8 1 8 1 10 12 1 8 1 10 7 12 1 1 1 9 12 1 1 10 7 12 1 1 1 10 12 1 1 9 12 1 1 10 7 12 1 1 1 8 1 10 7 12 1 1 10 7 12 1 1 1 8 1 8 1 8 1 8 1 8 1 10 12 1 10 7 12 1 1 1 9 12 1 8 1 8 1 8 1 8 1 9 12 1 8 1 9 12 1 8 1 8 1 9 12 1 8 1 8 1 9 12 1 8 1 9 12 1 8 1 9 12 1 8 1 8 1 9 12 1 8 1 8 1 10 12 1 1 8 1 10 12 1 1 1 1 1 1 1 1 1 1 1 1 1 1 1 1 1 1 1 1 1 1 1 7 1 7 1 7 1 1 1 1 1 1 1 1 1 1 1 1 1 1 1 1 1 1 1 1 1 1 1 1 1 1 1 1
staticfield java/lang/invoke/MethodHandleStatics UNSAFE Ljdk/internal/misc/Unsafe; jdk/internal/misc/Unsafe
staticfield java/lang/invoke/MethodHandleStatics CLASSFILE_VERSION I 65
staticfield java/lang/invoke/MethodHandleStatics DEBUG_METHOD_HANDLE_NAMES Z 0
staticfield java/lang/invoke/MethodHandleStatics TRACE_INTERPRETER Z 0
staticfield java/lang/invoke/MethodHandleStatics TRACE_METHOD_LINKAGE Z 0
staticfield java/lang/invoke/MethodHandleStatics TRACE_RESOLVE Z 0
staticfield java/lang/invoke/MethodHandleStatics COMPILE_THRESHOLD I 0
staticfield java/lang/invoke/MethodHandleStatics LOG_LF_COMPILATION_FAILURE Z 0
staticfield java/lang/invoke/MethodHandleStatics DONT_INLINE_THRESHOLD I 30
staticfield java/lang/invoke/MethodHandleStatics PROFILE_LEVEL I 0
staticfield java/lang/invoke/MethodHandleStatics PROFILE_GWT Z 1
staticfield java/lang/invoke/MethodHandleStatics CUSTOMIZE_THRESHOLD I 127
staticfield java/lang/invoke/MethodHandleStatics VAR_HANDLE_GUARDS Z 1
staticfield java/lang/invoke/MethodHandleStatics MAX_ARITY I 255
staticfield java/lang/invoke/MethodHandleStatics VAR_HANDLE_IDENTITY_ADAPT Z 0
staticfield java/lang/invoke/MethodHandleStatics DUMP_CLASS_FILES Ljdk/internal/util/ClassFileDumper; jdk/internal/util/ClassFileDumper
ciInstanceKlass java/lang/Void 1 1 31 10 7 12 1 1 1 8 1 10 7 12 1 1 1 9 7 12 1 1 1 1 1 1 1 1 1 1 1 1 1
staticfield java/lang/Void TYPE Ljava/lang/Class; java/lang/Class
ciInstanceKlass java/lang/invoke/LambdaForm 1 1 1059 7 1 100 1 10 7 12 1 1 1 9 12 1 1 9 12 1 9 12 1 9 12 1 1 9 12 1 1 9 12 1 1 9 12 1 1 9 12 1 1 9 12 1 10 7 12 1 1 9 12 1 10 12 1 1 100 1 10 10 12 1 1 10 12 1 10 12 1 10 12 1 1 10 12 1 9 12 1 9 12 1 10 12 1 1 10 7 12 1 1 1 10 12 1 1 9 100 12 1 1 1 10 12 1 1 9 7 12 1 1 10 12 1 10 12 1 1 10 12 1 1 10 12 1 1 7 1 10 7 12 1 1 1 10 12 1 1 10 12 1 10 12 1 1 9 12 1 1 9 12 1 9 12 1 1 10 12 1 9 12 1 10 100 12 1 1 1 10 12 1 1 7 1 10 12 1 9 12 1 1 10 7 12 1 1 1 10 12 1 10 12 1 7 1 10 12 1 10 12 1 10 12 1 1 10 12 1 1 10 12 1 10 12 1 10 12 1 10 12 1 1 8 1 10 12 1 10 12 1 10 10 12 1 8 1 8 1 9 12 1 9 12 1 1 10 12 1 1 10 12 1 9 12 1 10 12 1 1 10 7 12 1 1 1 10 12 1 1 10 12 1 10 12 1 10 100 12 1 1 1 9 12 1 10 12 1 8 1 8 1 8 1 8 1 8 1 8 1 8 1 8 1 10 12 1 9 12 1 7 1 10 12 1 1 9 12 1 10 12 1 10 12 1 1 10 12 10 12 1 10 12 1 1 10 12 1 1 10 10 12 1 1 10 12 1 1 7 1 8 1 10 12 1 1 10 12 1 10 12 1 1 10 8 1 10 12 1 1 8 1 8 1 8 1 10 12 1 10 12 1 10 12 1 1 100 1 10 12 1 1 10 12 1 1 10 7 12 1 1 1 10 12 1 1 9 12 1 1 8 1 10 100 12 1 1 1 10 7 12 1 1 10 12 10 12 1 1 10 12 1 1 9 12 1 8 10 12 1 1 100 1 10 12 1 1 10 12 1 9 7 12 1 1 9 7 12 1 1 1 8 1 10 100 12 1 1 10 12 1 1 7 1 7 1 10 10 12 1 1 10 12 1 1 8 1 8 1 7 1 8 1 10 12 10 12 1 10 12 1 10 12 1 1 8 1 8 1 10 12 1 10 12 1 1 8 1 8 1 8 1 7 1 8 1 7 1 8 1 7 1 8 1 10 12 1 8 1 9 10 7 12 1 1 1 10 12 1 9 12 1 1 10 12 1 10 10 12 1 10 12 1 10 12 1 10 12 1 1 10 12 1 10 12 1 1 10 12 1 1 10 12 1 1 10 12 1 1 8 1 100 10 12 1 10 12 1 9 12 1 1 10 7 12 1 1 8 1 8 1 7 1 8 1 8 1 8 1 8 1 8 1 8 1 8 1 8 1 10 12 1 1 10 12 1 1 10 12 1 10 12 1 10 12 1 10 12 1 8 1 8 1 8 1 10 12 1 8 1 10 12 1 8 1 8 1 8 1 8 1 8 1 10 12 1 10 12 1 10 12 1 1 10 7 12 1 1 1 10 12 1 10 12 1 10 12 1 10 12 1 10 12 1 10 12 1 10 12 1 9 12 1 1 8 1 10 12 1 1 9 12 1 1 10 12 1 1 9 12 1 9 12 1 1 9 12 1 9 12 1 1 7 1 10 7 12 1 1 1 9 12 1 10 12 1 10 12 1 8 1 10 12 1 9 12 1 1 7 1 10 7 12 1 1 1 8 1 100 1 10 12 1 9 12 1 9 12 1 10 12 1 10 12 1 10 7 12 1 1 1 10 12 1 9 7 12 1 1 10 12 1 1 10 12 1 10 12 1 10 12 1 9 12 10 12 1 10 10 12 1 9 12 1 9 9 12 1 7 9 12 1 1 10 12 1 1 9 12 1 10 12 1 10 7 1 9 1 1 1 1 3 1 3 1 1 3 1 3 1 1 1 1 1 1 1 1 1 1 1 1 1 1 1 1 1 1 1 1 1 1 1 1 1 1 1 1 1 1 1 1 1 1 1 1 1 1 1 1 1 1 1 1 1 1 1 1 1 1 1 100 1 1 1 1 1 1 1 1 1 1 1 1 1 1 1 1 1 1 1 1 1 1 1 1 1 1 1 1 1 1 1 1 1 1 1 1 1 1 1 1 1 1 1 1 1 1 1 1 1 1 1 1 1 1 1 1 1 1 1 1 1 1 100 1 1 1 1 1 1 1 1 1 1 1 1 1 1 1 1 1 1 1 1 1 1 1 1 1 1 1 1 1 1 1 1 1 1 7 1 1 1 1 1 1 1 1 1 1 1 1 1 1 1 1 1 1 1 1 1 1 100 1 1 1 100 1 1 7 1 1 1 1 1 1 1 1 1 1 1
staticfield java/lang/invoke/LambdaForm DEFAULT_CUSTOMIZED Ljava/lang/invoke/MethodHandle; 
staticfield java/lang/invoke/LambdaForm DEFAULT_KIND Ljava/lang/invoke/LambdaForm$Kind; java/lang/invoke/LambdaForm$Kind
staticfield java/lang/invoke/LambdaForm COMPILE_THRESHOLD I 0
staticfield java/lang/invoke/LambdaForm INTERNED_ARGUMENTS [[Ljava/lang/invoke/LambdaForm$Name; 5 [[Ljava/lang/invoke/LambdaForm$Name;
staticfield java/lang/invoke/LambdaForm IMPL_NAMES Ljava/lang/invoke/MemberName$Factory; java/lang/invoke/MemberName$Factory
staticfield java/lang/invoke/LambdaForm LF_identity [Ljava/lang/invoke/LambdaForm; 6 [Ljava/lang/invoke/LambdaForm;
staticfield java/lang/invoke/LambdaForm LF_zero [Ljava/lang/invoke/LambdaForm; 6 [Ljava/lang/invoke/LambdaForm;
staticfield java/lang/invoke/LambdaForm NF_identity [Ljava/lang/invoke/LambdaForm$NamedFunction; 6 [Ljava/lang/invoke/LambdaForm$NamedFunction;
staticfield java/lang/invoke/LambdaForm NF_zero [Ljava/lang/invoke/LambdaForm$NamedFunction; 6 [Ljava/lang/invoke/LambdaForm$NamedFunction;
staticfield java/lang/invoke/LambdaForm createFormsLock Ljava/lang/Object; java/lang/Object
staticfield java/lang/invoke/LambdaForm DEBUG_NAME_COUNTERS Ljava/util/HashMap; 
staticfield java/lang/invoke/LambdaForm DEBUG_NAMES Ljava/util/HashMap; 
staticfield java/lang/invoke/LambdaForm TRACE_INTERPRETER Z 0
staticfield java/lang/invoke/LambdaForm $assertionsDisabled Z 1
ciMethod java/lang/invoke/LambdaForm methodType ()Ljava/lang/invoke/MethodType; 164 560 670 0 -1
ciInstanceKlass java/lang/invoke/MethodTypeForm 1 1 275 9 7 12 1 1 1 9 12 1 9 12 1 1 10 7 12 1 1 1 7 1 10 12 1 1 9 12 1 7 1 10 7 12 1 1 10 7 12 1 1 1 10 7 12 1 1 1 10 12 1 1 10 12 1 9 7 12 1 1 1 10 7 12 1 1 10 12 1 1 8 1 10 100 12 1 1 1 9 12 1 1 9 12 1 10 12 1 1 10 12 1 1 9 12 1 1 100 1 10 10 12 1 1 10 12 1 1 10 12 1 10 12 1 1 10 12 1 10 7 12 1 1 10 12 1 1 10 12 1 9 7 1 7 1 10 8 1 10 12 1 1 10 12 1 10 12 1 1 10 12 1 1 1 1 1 1 3 1 3 1 3 1 3 1 1 1 1 1 1 3 1 3 1 3 1 3 1 3 1 3 1 3 1 3 1 3 1 3 1 3 1 3 1 3 1 3 1 3 1 3 1 3 1 3 1 3 1 3 1 3 1 3 1 3 1 1 1 1 1 1 1 1 1 1 1 1 1 1 1 1 1 1 1 1 1 1 1 1 1 1 1 1 1 1 1 1 1 1 1 1 1 1 1 1 1 1 1 1 1 1 1 1 1 1 1 1 1 1 1 1 1 1 1 1
staticfield java/lang/invoke/MethodTypeForm $assertionsDisabled Z 1
ciInstanceKlass java/lang/invoke/MemberName 1 1 724 7 1 7 1 100 1 9 12 1 1 10 7 12 1 1 1 9 12 1 1 10 12 1 1 10 12 1 1 10 12 1 1 10 12 1 10 12 1 1 10 7 12 1 1 1 10 12 1 9 7 12 1 1 10 12 1 7 1 7 1 10 12 1 8 1 10 12 1 1 10 12 1 10 12 1 1 10 12 1 9 12 1 1 8 1 10 100 12 1 1 1 7 1 10 10 12 1 1 100 1 100 1 10 12 1 9 12 1 1 100 1 8 1 10 12 1 10 12 1 10 12 1 10 12 1 10 12 1 1 10 12 1 10 12 1 10 12 1 1 8 1 8 1 10 12 1 8 1 9 12 1 1 3 10 12 1 10 12 1 10 12 1 10 10 7 12 1 1 1 10 12 1 10 12 1 10 12 1 10 12 1 7 1 8 10 12 1 1 10 12 1 1 8 1 9 7 1 8 9 7 1 10 12 1 1 10 12 1 10 12 1 8 1 10 12 1 1 10 12 1 10 12 1 10 12 1 10 12 1 1 7 1 10 12 1 1 10 12 1 8 1 10 12 1 10 12 1 8 1 10 12 1 1 10 12 1 1 7 1 10 12 1 1 10 12 8 1 8 1 7 1 10 12 1 10 100 12 1 1 1 100 1 10 12 10 12 1 10 12 1 10 12 1 10 12 1 10 10 12 1 10 12 1 10 12 1 3 10 12 1 3 10 12 1 3 3 3 3 3 3 10 12 1 3 9 12 1 10 12 1 1 3 10 12 1 10 10 7 12 1 1 1 10 12 1 1 10 7 12 1 1 10 10 12 1 10 12 1 1 10 12 1 10 10 12 1 1 10 12 1 10 12 1 10 12 1 7 1 10 10 10 12 100 1 10 10 10 12 1 1 10 12 1 1 10 10 12 1 8 10 7 1 10 12 1 10 7 1 10 12 1 10 12 1 10 12 1 10 10 12 1 10 12 1 1 10 12 1 1 10 12 1 10 12 1 10 12 1 100 1 10 12 1 1 100 1 8 1 10 7 1 10 12 1 10 12 10 12 1 1 10 12 1 10 12 1 8 1 8 1 8 1 8 1 10 12 1 10 12 1 10 7 12 1 1 1 8 1 8 1 10 12 1 8 1 10 10 10 12 1 10 12 1 8 1 8 1 10 10 12 1 8 1 10 100 12 1 1 1 8 1 100 1 10 12 1 10 12 1 1 10 12 1 8 1 8 1 8 1 8 1 100 1 10 8 1 8 1 8 1 8 1 10 12 1 7 1 100 1 7 1 10 100 1 10 7 1 10 7 12 1 1 1 9 7 12 1 1 1 7 1 7 1 1 1 1 1 1 1 3 1 3 1 3 1 3 1 3 1 3 1 1 1 1 1 1 1 1 3 1 3 1 1 1 1 1 1 1 1 1 1 1 1 1 1 1 1 1 1 1 1 1 1 1 1 1 1 1 1 1 1 1 1 1 1 1 1 1 1 1 1 1 1 1 1 1 1 1 1 1 1 1 1 1 1 1 1 1 1 1 1 1 1 1 1 1 1 1 1 1 1 1 1 1 1 1 1 1 1 1 1 1 1 1 1 1 1 1 1 1 1 1 1 1 1 1 1 7 1 1 1 1 1 1 1 1 1 1 1 1 1 1 1
staticfield java/lang/invoke/MemberName $assertionsDisabled Z 1
ciMethod java/lang/invoke/MemberName toString ()Ljava/lang/String; 0 0 3 0 -1
ciMethod java/lang/invoke/MemberName getName ()Ljava/lang/String; 786 0 6094 0 -1
ciMethod java/lang/invoke/MemberName getDeclaringClass ()Ljava/lang/Class; 256 0 128 0 0
instanceKlass java/lang/invoke/VarHandleReferences$Array
instanceKlass java/lang/invoke/VarHandleLongs$FieldInstanceReadOnly
instanceKlass java/lang/invoke/VarHandleBooleans$FieldInstanceReadOnly
instanceKlass java/lang/invoke/VarHandleReferences$FieldInstanceReadOnly
instanceKlass java/lang/invoke/VarHandleByteArrayAsDoubles$ByteArrayViewVarHandle
instanceKlass java/lang/invoke/VarHandleByteArrayAsFloats$ByteArrayViewVarHandle
instanceKlass java/lang/invoke/VarHandleByteArrayAsChars$ByteArrayViewVarHandle
instanceKlass java/lang/invoke/VarHandleByteArrayAsShorts$ByteArrayViewVarHandle
instanceKlass java/lang/invoke/VarHandleInts$FieldInstanceReadOnly
instanceKlass java/lang/invoke/VarHandleByteArrayAsLongs$ByteArrayViewVarHandle
instanceKlass java/lang/invoke/VarHandleByteArrayAsInts$ByteArrayViewVarHandle
instanceKlass java/lang/invoke/VarHandleReferences$FieldStaticReadOnly
ciInstanceKlass java/lang/invoke/VarHandle 1 1 474 10 7 12 1 1 1 10 7 12 1 1 9 12 1 1 9 12 1 1 100 1 10 8 1 10 12 1 1 10 7 12 1 1 1 10 12 1 1 10 7 12 1 1 1 9 100 12 1 1 1 10 12 1 1 10 7 12 1 1 1 10 12 1 1 9 12 1 10 12 1 9 12 1 1 10 7 12 1 1 10 12 1 9 7 12 1 1 1 9 12 1 1 10 12 1 1 100 1 7 1 10 8 1 10 12 1 1 10 12 1 8 1 10 12 1 10 12 1 9 12 1 1 9 12 1 10 12 1 10 12 1 1 10 12 1 10 10 100 12 1 1 1 10 12 1 1 10 12 1 1 10 7 12 1 1 1 10 100 12 1 1 1 10 100 12 1 1 1 9 12 1 1 9 10 12 1 10 12 1 1 10 12 1 1 10 12 1 10 7 12 1 1 1 9 12 1 1 10 12 1 1 9 12 1 10 12 1 10 12 1 10 7 12 1 1 100 1 10 9 7 12 1 1 1 9 12 1 1 10 7 12 1 1 1 10 12 1 10 12 1 10 12 1 10 12 1 10 12 1 10 12 1 1 8 10 12 1 1 7 1 10 12 1 1 7 1 1 1 1 1 1 1 1 1 1 1 1 1 1 1 1 1 1 1 1 1 1 1 1 1 1 1 1 1 1 1 1 1 1 1 1 1 1 1 1 1 1 1 1 1 1 1 1 1 1 1 1 1 1 1 1 1 1 1 1 1 1 1 1 1 1 1 1 100 1 1 1 1 1 1 1 1 100 1 1 1 1 1 1 1 1 1 1 1 1 100 1 100 1 1 100 1 100 1 100 1 100 1 100 1 100 1 100 1 100 1 100 1 100 1 100 1 100 1 100 1 100 1 100 1 100 1 100 1 100 1 100 1 100 1 100 1 100 1 100 1 100 1 100 1 100 1 100 1 100 1 100 1 100 1 100 1 100 1 100 1 100 1 100 1 1 1 1 1 1 100 1 1 1 100 1 1 100 1 100 1 100 1 100 1 100 1 100 1 1 1 1 100 1 100 1 100 1 100 1 100 1 100 1 100 1 100 1
staticfield java/lang/invoke/VarHandle VFORM_OFFSET J 16
staticfield java/lang/invoke/VarHandle $assertionsDisabled Z 1
instanceKlass jdk/internal/reflect/FieldAccessorImpl
instanceKlass jdk/internal/reflect/ConstructorAccessorImpl
instanceKlass jdk/internal/reflect/MethodAccessorImpl
ciInstanceKlass jdk/internal/reflect/MagicAccessorImpl 1 1 16 10 7 12 1 1 1 100 1 1 1 1 1 1 1 1
instanceKlass jdk/internal/reflect/DirectMethodHandleAccessor
ciInstanceKlass jdk/internal/reflect/MethodAccessorImpl 1 1 38 10 7 12 1 1 1 10 100 12 1 1 1 100 1 1 1 1 1 1 1 100 1 100 1 1 1 1 1 1 1 1 1 1 1 1 1 1
ciInstanceKlass jdk/internal/reflect/MethodAccessor 1 0 17 100 1 100 1 1 1 1 100 1 100 1 1 1 1 1 1
instanceKlass jdk/internal/reflect/SerializationConstructorAccessorImpl
instanceKlass jdk/internal/reflect/DirectConstructorHandleAccessor$NativeAccessor
instanceKlass jdk/internal/reflect/DirectConstructorHandleAccessor
instanceKlass jdk/internal/reflect/NativeConstructorAccessorImpl
ciInstanceKlass jdk/internal/reflect/ConstructorAccessorImpl 1 1 27 10 7 12 1 1 1 100 1 100 1 1 1 1 1 1 1 1 1 100 1 100 1 100 1 1 1
ciInstanceKlass jdk/internal/reflect/ConstructorAccessor 1 0 16 100 1 100 1 1 1 1 100 1 100 1 100 1 1 1
ciInstanceKlass jdk/internal/reflect/DelegatingClassLoader 1 1 18 10 7 12 1 1 1 100 1 1 1 1 1 1 1 1 1 1
ciInstanceKlass java/lang/reflect/Modifier 1 1 133 7 1 10 7 12 1 1 1 100 1 10 7 1 8 1 10 12 1 8 1 10 12 1 1 8 1 8 1 8 1 8 1 8 1 8 1 8 1 8 1 8 1 8 1 8 1 10 12 1 1 3 1 1 1 3 1 3 1 3 1 3 1 3 1 3 1 3 1 3 1 3 1 3 1 3 1 3 1 1 1 3 1 3 1 3 1 1 3 1 3 1 3 1 3 1 3 1 1 1 1 1 1 1 1 1 1 1 1 1 1 1 1 1 1 1 1 1 1 1 1 1 1 1 1 1 1 1 1 1 1 1 1
ciInstanceKlass jdk/internal/reflect/CallerSensitive 1 0 17 100 1 100 1 100 1 1 1 1 1 1 1 1 1 1 1
ciInstanceKlass jdk/internal/reflect/NativeConstructorAccessorImpl 0 0 125 10 7 12 1 1 1 9 7 12 1 1 1 100 1 10 12 1 9 12 1 1 9 12 1 1 10 100 12 1 1 1 10 7 12 1 1 1 10 7 12 1 1 1 9 12 1 9 12 1 1 9 12 1 1 10 7 12 1 1 1 100 1 10 10 12 1 1 10 12 1 10 12 1 1 10 12 1 7 1 10 12 1 1 10 12 1 1 8 10 12 1 1 1 1 1 1 1 1 1 1 1 1 1 1 1 1 1 1 1 1 1 1 100 1 100 1 100 1 1 1 1 1 1 1
ciInstanceKlass jdk/internal/reflect/ConstantPool 1 1 142 10 7 12 1 1 1 9 7 12 1 1 1 10 12 1 1 10 12 1 1 10 12 1 10 12 1 1 10 12 1 1 10 12 1 10 12 1 1 10 12 1 10 12 1 1 10 12 1 10 12 1 10 12 1 10 12 1 1 10 12 1 1 10 12 1 1 10 12 1 1 10 12 1 10 12 1 1 10 100 12 1 1 1 8 11 7 12 1 1 1 10 7 12 1 1 1 1 1 1 1 1 1 1 1 1 1 1 1 1 1 1 1 1 1 1 1 1 1 1 1 1 1 1 1 1 1 1 1 1 1 1 1 1 1 1 1 1 1 1 1 1
ciInstanceKlass jdk/internal/reflect/UnsafeStaticFieldAccessorImpl 0 0 47 10 7 12 1 1 1 9 7 12 1 1 1 10 7 12 1 1 1 9 12 1 1 8 11 100 12 1 1 1 10 100 12 1 1 1 1 1 1 1 1 1 1 1 1 1 1
ciInstanceKlass jdk/internal/reflect/FieldAccessor 1 0 48 100 1 100 1 1 1 1 100 1 1 1 1 1 1 1 1 1 1 1 1 1 1 1 1 1 1 1 100 1 1 1 1 1 1 1 1 1 1 1 1 1 1 1 1 1 1 1
instanceKlass jdk/internal/reflect/MethodHandleFieldAccessorImpl
instanceKlass jdk/internal/reflect/UnsafeFieldAccessorImpl
ciInstanceKlass jdk/internal/reflect/FieldAccessorImpl 1 1 269 10 7 12 1 1 1 9 7 12 1 1 1 10 7 12 1 1 1 10 7 12 1 1 10 7 12 1 1 1 10 12 1 1 7 1 10 10 12 1 1 10 12 1 1 8 1 10 10 12 1 100 1 8 1 10 12 1 8 1 10 12 1 8 1 10 12 1 100 1 10 12 1 1 10 8 1 10 12 1 1 8 1 10 7 12 1 1 8 1 10 7 12 1 1 8 1 10 7 12 1 1 8 1 10 7 12 1 1 8 1 10 7 12 1 1 8 1 10 7 12 1 1 8 1 10 7 12 1 1 8 1 10 7 12 1 1 10 12 1 1 8 1 10 12 1 1 10 100 12 1 1 1 8 1 10 12 1 8 1 8 1 8 1 8 1 10 7 12 1 1 1 8 1 8 1 8 1 10 12 7 1 1 1 1 1 1 1 1 1 1 1 1 1 1 1 1 1 1 1 1 1 1 1 1 1 1 1 1 1 1 1 1 1 1 1 1 1 1 1 1 1 1 1 1 1 1 1 1 1 1 1 1 1 1 1 1 1 1 1 1 1 1 1 1 1 1 1 1 1 1 1 1 1 1 1 1 1 1 1 1 1 1 1 1 1 1 1 1
instanceKlass jdk/internal/reflect/UnsafeStaticFieldAccessorImpl
ciInstanceKlass jdk/internal/reflect/UnsafeFieldAccessorImpl 0 0 62 10 100 12 1 1 1 10 100 12 1 1 1 10 100 12 1 1 1 9 100 12 1 1 10 12 1 9 12 1 1 10 100 12 1 1 1 9 12 1 1 10 12 1 10 12 1 1 1 1 1 1 1 1 1 1 1 1 1 1 1 1
instanceKlass java/lang/invoke/VolatileCallSite
instanceKlass java/lang/invoke/MutableCallSite
instanceKlass java/lang/invoke/ConstantCallSite
ciInstanceKlass java/lang/invoke/CallSite 1 1 296 10 7 12 1 1 1 10 7 12 1 1 1 9 12 1 1 10 7 12 1 1 1 10 12 1 7 1 10 12 1 1 10 12 1 1 9 100 12 1 1 1 10 7 12 1 1 10 12 1 1 100 1 7 1 10 10 7 12 1 1 1 10 12 1 1 8 1 10 12 1 10 12 1 1 10 12 1 10 12 1 1 10 12 1 1 10 10 100 12 1 1 10 12 1 1 9 12 1 9 100 12 1 1 1 8 1 10 7 12 1 1 1 10 12 1 1 7 1 10 12 1 1 9 12 1 8 1 100 1 10 12 1 10 12 1 100 1 8 1 10 10 12 1 10 12 1 1 100 1 10 12 1 1 10 12 1 10 12 1 10 12 1 1 10 12 1 1 9 12 1 1 8 10 12 1 1 9 12 1 1 100 1 10 10 12 1 10 7 12 1 1 1 10 12 1 1 10 12 1 1 10 12 1 10 7 12 1 1 1 7 1 8 1 10 10 12 10 12 1 1 7 1 7 1 7 1 8 1 10 12 1 10 7 12 1 1 1 1 1 1 1 1 1 1 1 1 1 1 1 1 1 1 1 1 1 1 1 1 1 1 1 1 1 1 1 1 1 1 1 1 1 1 1 1 1 1 1 1 1 1 1 1 1 1 1 1 1 1 1 7 1 7 1 1 1
staticfield java/lang/invoke/CallSite $assertionsDisabled Z 1
ciInstanceKlass java/lang/invoke/ConstantCallSite 1 1 65 10 7 12 1 1 1 9 7 12 1 1 1 9 12 1 1 10 7 12 1 1 1 10 12 1 100 1 10 12 9 12 1 1 100 1 10 10 12 1 1 10 12 1 1 1 1 1 1 1 1 1 1 1 1 1 100 1 1 1 1 1 1 1 1
staticfield java/lang/invoke/ConstantCallSite UNSAFE Ljdk/internal/misc/Unsafe; jdk/internal/misc/Unsafe
instanceKlass java/lang/invoke/DirectMethodHandle$StaticAccessor
instanceKlass java/lang/invoke/DirectMethodHandle$Special
instanceKlass java/lang/invoke/DirectMethodHandle$Interface
instanceKlass java/lang/invoke/DirectMethodHandle$Constructor
instanceKlass java/lang/invoke/DirectMethodHandle$Accessor
ciInstanceKlass java/lang/invoke/DirectMethodHandle 1 1 923 7 1 7 1 100 1 7 1 7 1 10 7 12 1 1 1 10 7 12 1 1 1 7 1 10 12 1 10 12 1 1 10 7 12 1 1 10 12 1 1 10 12 1 10 12 1 7 1 10 12 1 1 10 12 1 1 10 12 1 10 12 1 1 10 7 12 1 1 1 10 12 1 9 12 1 1 100 1 10 9 12 1 1 9 12 1 10 12 1 10 12 1 10 12 1 1 10 12 1 10 12 1 10 12 1 10 7 12 1 1 1 10 12 1 10 12 1 1 8 1 10 12 1 1 7 1 10 12 1 7 1 10 10 12 1 10 12 1 10 12 1 10 7 12 1 1 1 10 12 1 1 7 1 10 12 1 10 12 1 7 1 10 12 1 10 12 1 1 10 12 1 1 10 12 1 8 10 7 12 1 1 1 10 12 1 10 12 1 10 12 1 1 10 12 1 9 7 12 1 1 1 7 1 10 12 1 10 7 12 1 1 1 10 12 1 10 12 1 1 9 12 1 1 7 1 10 8 1 10 12 1 1 10 12 1 1 8 1 10 12 1 10 12 1 10 10 12 1 10 12 1 10 12 1 10 12 1 10 12 1 1 10 12 1 10 12 1 1 10 12 1 10 12 1 1 10 10 7 12 1 1 1 10 12 1 10 12 1 1 10 12 1 10 12 1 1 8 1 9 7 12 1 1 1 8 1 9 12 1 9 12 1 8 1 9 12 1 9 12 1 8 1 9 12 1 9 12 1 8 1 10 12 1 10 12 1 1 9 12 1 1 7 1 10 12 1 1 7 1 10 7 12 1 1 1 10 12 1 1 10 12 1 10 12 1 1 7 1 10 12 1 1 10 12 1 10 12 1 1 7 1 10 12 1 1 10 12 1 10 7 12 1 1 1 10 12 1 10 12 1 1 10 12 1 9 12 1 1 10 7 1 9 12 9 12 1 10 7 12 1 1 1 10 12 1 7 1 7 1 7 1 9 12 1 1 10 7 12 1 1 1 10 12 10 12 1 7 1 10 12 1 10 12 1 1 8 1 9 12 1 9 12 1 10 12 1 1 9 12 1 1 10 7 12 1 1 1 9 12 1 1 9 12 1 1 10 12 1 10 12 1 10 12 1 10 12 1 1 10 12 1 9 12 1 10 12 1 10 12 1 10 12 1 10 12 1 1 10 12 1 1 9 12 1 1 10 12 1 1 9 7 12 1 1 1 9 12 1 9 12 1 9 12 1 9 12 1 9 12 1 9 12 1 9 12 1 9 12 1 9 12 1 9 12 1 9 12 1 9 12 1 9 12 1 9 12 1 9 12 1 9 12 1 9 12 1 9 12 1 9 12 1 9 12 1 9 12 1 9 12 1 9 12 1 9 12 1 9 12 1 9 12 1 9 12 1 9 12 1 9 12 1 9 12 1 9 12 1 9 12 1 9 12 1 9 12 1 9 12 1 9 12 1 8 1 9 12 1 1 9 12 1 1 10 12 1 10 12 1 1 9 7 1 10 12 1 9 12 1 1 10 12 10 12 1 10 12 1 10 12 1 10 12 1 10 8 1 8 1 8 1 8 1 10 12 1 1 9 12 1 1 10 12 1 10 100 12 1 1 1 8 9 12 1 1 10 12 1 1 8 1 8 8 9 12 1 8 1 8 8 8 8 8 1 8 10 12 1 7 1 10 12 1 8 1 8 1 10 12 1 10 12 1 10 12 1 10 12 1 1 7 1 1 1 1 3 1 3 1 3 1 3 1 3 1 3 1 3 1 3 1 3 1 3 1 1 1 1 1 1 1 1 1 1 3 1 3 1 1 1 1 3 1 1 1 1 1 1 1 1 1 1 1 1 1 1 1 1 1 1 1 1 1 1 1 1 1 1 1 1 1 1 1 1 1 1 1 1 1 1 1 1 1 1 1 1 1 1 1 1 1 1 1 1 1 1 1 1 1 100 1 1 1 1 1 1 1 1 1 100 1 1 1 1 1 1 1 1 1 1 1 1 1 1 1 1 1 1 1 1 1 1 1 1 1 1 1 1 1 1 1 1 1 1 1 1 1 1 1 1 1 1 1 1 1 1 1 1 1 1 1 1
staticfield java/lang/invoke/DirectMethodHandle IMPL_NAMES Ljava/lang/invoke/MemberName$Factory; java/lang/invoke/MemberName$Factory
staticfield java/lang/invoke/DirectMethodHandle FT_UNCHECKED_REF I 8
staticfield java/lang/invoke/DirectMethodHandle ACCESSOR_FORMS [Ljava/lang/invoke/LambdaForm; 132 [Ljava/lang/invoke/LambdaForm;
staticfield java/lang/invoke/DirectMethodHandle ALL_WRAPPERS [Lsun/invoke/util/Wrapper; 10 [Lsun/invoke/util/Wrapper;
staticfield java/lang/invoke/DirectMethodHandle NFS [Ljava/lang/invoke/LambdaForm$NamedFunction; 12 [Ljava/lang/invoke/LambdaForm$NamedFunction;
staticfield java/lang/invoke/DirectMethodHandle OBJ_OBJ_TYPE Ljava/lang/invoke/MethodType; java/lang/invoke/MethodType
staticfield java/lang/invoke/DirectMethodHandle LONG_OBJ_TYPE Ljava/lang/invoke/MethodType; java/lang/invoke/MethodType
staticfield java/lang/invoke/DirectMethodHandle $assertionsDisabled Z 1
ciMethod java/lang/invoke/DirectMethodHandle <init> (Ljava/lang/invoke/MethodType;Ljava/lang/invoke/LambdaForm;Ljava/lang/invoke/MemberName;Z)V 514 0 6442 0 1440
ciMethod java/lang/invoke/DirectMethodHandle make (BLjava/lang/Class;Ljava/lang/invoke/MemberName;Ljava/lang/Class;)Ljava/lang/invoke/DirectMethodHandle; 516 0 5378 0 -1
ciMethod java/lang/invoke/DirectMethodHandle preparedLambdaForm (Ljava/lang/invoke/MemberName;Z)Ljava/lang/invoke/LambdaForm; 512 0 2439 0 0
ciMethod java/lang/invoke/DirectMethodHandle preparedLambdaForm (Ljava/lang/invoke/MethodType;I)Ljava/lang/invoke/LambdaForm; 518 0 2519 0 -1
ciMethod java/lang/invoke/DirectMethodHandle preparedLambdaForm (Ljava/lang/invoke/MemberName;)Ljava/lang/invoke/LambdaForm; 512 0 2274 0 0
ciMethod java/lang/invoke/DirectMethodHandle preparedFieldLambdaForm (Ljava/lang/invoke/MemberName;)Ljava/lang/invoke/LambdaForm; 48 0 4267 0 0
ciMethod java/lang/invoke/DirectMethodHandle preparedFieldLambdaForm (BZLjava/lang/Class;)Ljava/lang/invoke/LambdaForm; 524 0 5907 0 -1
ciMethod java/lang/invoke/DirectMethodHandle shouldBeInitialized (Ljava/lang/invoke/MemberName;)Z 226 0 4906 0 -1
ciMethod java/lang/invoke/DirectMethodHandle maybeCompile (Ljava/lang/invoke/LambdaForm;Ljava/lang/invoke/MemberName;)V 512 0 6707 0 -1
ciInstanceKlass java/lang/invoke/MutableCallSite 0 0 63 10 100 12 1 1 1 10 12 1 9 100 12 1 1 1 10 12 1 10 12 1 1 9 12 1 1 10 100 12 1 1 1 10 100 12 1 1 1 10 12 1 1 1 1 1 1 1 1 1 1 1 1 1 1 1 1 1 1 100 1 1 1
ciInstanceKlass java/lang/invoke/VolatileCallSite 0 0 37 10 100 12 1 1 1 10 12 1 10 100 12 1 1 1 10 12 1 10 12 1 1 1 1 1 1 1 1 1 1 1 1 1 1 1 1
ciInstanceKlass java/lang/invoke/ResolvedMethodName 1 1 16 10 100 12 1 1 1 100 1 1 1 1 1 1 1 1
ciInstanceKlass java/lang/invoke/MethodHandleNatives 1 1 685 100 1 10 7 12 1 1 1 9 7 12 1 1 1 10 12 1 1 100 1 10 10 12 1 1 10 12 1 10 12 1 8 1 8 1 8 1 8 1 8 1 8 1 8 1 8 1 8 1 8 1 10 12 1 1 7 1 10 7 12 1 1 1 10 7 12 1 1 1 7 1 10 10 12 1 1 8 1 10 12 1 8 1 10 12 1 1 8 1 10 12 1 1 9 7 12 1 1 1 8 1 10 100 12 1 1 1 7 1 10 12 100 1 100 1 8 1 7 1 10 10 12 1 7 1 9 7 12 1 1 10 12 1 1 10 12 1 10 7 12 1 1 1 10 12 1 1 9 12 1 8 1 10 12 1 1 10 12 1 8 1 10 12 1 1 7 1 10 12 1 10 7 12 1 1 1 10 12 1 10 12 1 1 10 12 1 1 8 1 10 12 1 1 8 1 10 12 1 8 1 8 1 8 1 7 1 10 12 1 8 1 10 7 12 1 1 1 10 12 1 1 10 7 12 1 1 10 10 12 1 1 10 12 1 10 100 12 1 1 1 100 1 8 1 10 100 12 1 1 1 7 1 8 1 10 12 1 8 1 8 1 8 1 8 1 8 1 10 12 1 1 10 12 1 1 10 12 1 10 12 1 1 10 12 1 1 7 1 10 12 1 7 1 7 1 10 12 1 10 12 1 8 1 8 1 10 10 12 1 1 10 12 1 1 8 1 10 7 12 1 1 8 1 8 1 10 12 1 1 10 7 12 1 1 1 100 1 10 12 1 1 7 1 9 12 1 1 10 7 12 1 1 1 10 10 12 1 9 12 1 10 12 1 9 12 1 9 12 1 10 12 1 1 10 12 1 10 12 1 1 7 1 7 1 10 12 1 1 10 12 1 10 12 1 1 10 7 12 1 1 1 10 12 1 8 1 10 12 1 10 12 1 10 12 1 1 10 12 1 10 7 12 1 1 1 10 12 1 1 100 1 8 1 10 9 7 12 1 1 1 10 12 1 1 10 12 1 1 7 1 10 12 1 1 10 12 1 1 100 1 100 1 10 10 100 1 100 1 10 100 1 10 10 12 1 1 10 7 1 10 12 1 10 12 1 1 10 12 1 1 10 12 1 1 10 12 1 10 12 1 1 10 8 1 10 12 1 10 12 1 10 12 1 10 12 1 10 12 1 1 10 12 1 10 12 1 10 12 1 10 10 7 12 1 1 10 12 1 1 1 1 1 1 1 1 1 1 1 1 1 7 1 1 1 1 1 1 1 1 1 1 1 1 1 1 1 1 1 1 1 1 1 1 1 1 1 1 1 1 1 1 1 1 1 1 1 1 1 1 1 1 1 1 1 1 1 1 1 1 1 1 1 1 1 1 1 1 1 1 1 1 1 1 1 100 1 1 1 1 1 1 1 1 1 1 1 1 1 1 1 1 1 1 1 1 1 1 1 1 1 1 1 1 1 1 1 1 1 100 1 1 1 1 1 1 1 1 1 1 1 1 1 1 1 1 1 1 1 1 1 1 1 1 1 1 1 1 1 1 1 1 100 1 1
staticfield java/lang/invoke/MethodHandleNatives $assertionsDisabled Z 1
ciMethod java/lang/invoke/MethodHandleNatives objectFieldOffset (Ljava/lang/invoke/MemberName;)J 258 0 129 0 -1
ciMethod java/lang/invoke/MethodHandleNatives staticFieldBase (Ljava/lang/invoke/MemberName;)Ljava/lang/Object; 258 0 129 0 -1
ciMethod java/lang/invoke/MethodHandleNatives staticFieldOffset (Ljava/lang/invoke/MemberName;)J 258 0 129 0 -1
ciMethod java/lang/invoke/MethodHandleNatives refKindIsField (B)Z 364 0 5989 0 0
ciMethod java/lang/invoke/MethodHandleNatives refKindIsValid (I)Z 0 0 1 0 -1
ciMethod java/lang/invoke/MethodHandleNatives refKindIsGetter (B)Z 156 0 4899 0 0
ciMethod java/lang/invoke/MethodHandleNatives refKindIsSetter (B)Z 8 0 1448 0 0
ciInstanceKlass jdk/internal/foreign/abi/NativeEntryPoint 0 0 194 10 7 12 1 1 1 9 7 12 1 1 1 9 12 1 1 100 1 8 1 10 12 1 10 12 1 1 100 1 10 100 12 1 1 1 10 12 1 9 12 1 1 18 12 1 1 10 100 12 1 1 1 10 7 12 1 1 1 9 7 12 1 1 1 7 1 10 8 1 10 12 1 1 10 12 1 10 12 1 1 8 1 10 12 1 1 7 1 8 1 10 12 1 10 12 1 1 10 12 1 9 12 1 1 18 12 1 1 10 100 12 1 1 1 10 12 1 1 10 12 1 10 100 12 1 1 1 10 1 1 1 1 1 1 1 1 1 1 1 1 1 1 1 1 1 1 1 1 1 1 1 1 1 1 1 1 1 1 1 1 1 1 1 1 1 16 1 15 10 12 16 1 16 15 10 12 15 10 100 12 1 1 1 1 1 100 1 1 100 1 100 1 1
ciInstanceKlass jdk/internal/foreign/abi/ABIDescriptor 0 0 55 10 100 12 1 1 1 9 100 12 1 1 1 9 12 1 1 9 12 1 9 12 1 9 12 1 1 9 12 1 9 12 1 1 9 12 1 9 12 1 9 12 1 9 12 1 1 1 1 1 1 1 1 1 1
ciInstanceKlass jdk/internal/foreign/abi/VMStorage 0 0 91 10 7 12 1 1 1 9 7 12 1 1 1 9 12 1 1 9 12 1 1 9 12 1 1 7 1 10 8 1 10 12 1 1 10 12 1 10 12 1 1 10 12 1 18 12 1 18 12 1 1 18 12 1 1 1 1 1 1 1 1 1 1 1 1 1 1 1 1 1 1 1 8 1 15 15 15 15 15 10 100 12 1 1 1 1 100 1 100 1 1
ciInstanceKlass jdk/internal/foreign/abi/UpcallLinker$CallRegs 0 0 66 10 7 12 1 1 1 9 7 12 1 1 1 9 12 1 18 12 1 1 18 12 1 1 18 12 1 1 1 1 1 1 1 1 1 1 1 1 1 1 1 1 1 1 100 1 1 1 8 1 15 15 15 10 100 12 1 1 1 1 1 100 1 100 1 1
ciInstanceKlass java/lang/StackWalker 1 1 271 9 7 12 1 1 1 7 1 10 7 12 1 1 1 10 12 1 1 10 7 12 1 1 1 10 12 1 1 10 12 1 11 7 12 1 1 1 10 12 1 1 10 12 1 1 10 12 1 1 100 1 8 1 10 12 1 10 12 1 10 12 1 10 7 12 1 1 9 12 1 1 9 12 1 1 9 12 1 1 9 12 1 1 10 12 1 1 9 12 1 1 9 12 1 1 9 12 1 1 10 7 12 1 1 1 11 12 1 1 100 1 8 1 10 10 7 12 1 1 9 12 1 1 10 12 1 1 10 7 12 1 1 1 10 7 12 1 1 1 18 12 1 1 100 1 8 1 10 8 1 10 12 1 1 10 100 12 1 1 1 10 12 1 1 9 7 12 1 1 11 100 12 1 1 1 10 12 1 1 1 1 1 1 1 1 1 1 1 1 1 1 1 1 1 1 1 1 1 1 1 1 1 1 1 1 1 1 1 1 1 1 1 1 1 1 1 1 1 1 1 1 1 1 1 1 1 1 1 1 1 1 1 1 1 1 1 1 1 1 1 1 1 1 7 1 1 16 15 10 12 16 1 15 10 100 12 1 1 1 1 1 1 1 1 1 100 1 100 1 1
staticfield java/lang/StackWalker DEFAULT_EMPTY_OPTION Ljava/util/EnumSet; java/util/RegularEnumSet
staticfield java/lang/StackWalker DEFAULT_WALKER Ljava/lang/StackWalker; java/lang/StackWalker
ciInstanceKlass java/lang/StackWalker$StackFrame 1 1 41 100 1 10 12 1 1 100 1 100 1 1 1 1 1 1 1 1 1 1 1 1 1 1 1 1 1 1 1 1 1 1 1 1 1 1 1 100 1 1 1
instanceKlass java/lang/LiveStackFrameInfo
ciInstanceKlass java/lang/StackFrameInfo 1 1 142 10 7 12 1 1 1 9 7 12 1 1 1 9 7 1 9 12 1 1 11 7 12 1 1 1 9 12 1 1 11 12 1 1 10 12 1 1 10 7 12 1 1 1 10 12 1 11 12 1 11 12 1 1 11 12 1 10 12 1 1 9 12 1 1 10 12 1 1 10 7 12 1 1 10 12 1 1 11 12 1 1 9 12 1 1 10 7 1 10 12 1 9 12 1 1 10 12 1 1 100 1 8 1 10 12 1 10 7 12 1 1 1 7 1 1 1 1 1 1 1 1 1 1 1 1 1 1 1 1 1 1 7 1 1 7 1 1 1 1 1 1
staticfield java/lang/StackFrameInfo JLIA Ljdk/internal/access/JavaLangInvokeAccess; java/lang/invoke/MethodHandleImpl$1
ciInstanceKlass java/lang/LiveStackFrameInfo 0 0 97 10 7 12 1 1 1 9 7 12 1 1 1 9 12 1 9 12 1 9 12 1 9 12 1 1 7 1 10 12 1 1 10 12 1 8 1 10 12 1 1 8 1 8 1 8 1 10 100 1 10 12 1 100 1 10 12 1 7 1 7 1 1 1 3 1 3 1 1 1 1 1 1 1 1 1 1 1 1 1 1 1 1 1 1 1 1 1 1 1 1 1 1 1 100 1 1
ciInstanceKlass java/lang/LiveStackFrame 0 0 135 100 1 10 100 12 1 1 1 11 7 12 1 1 1 11 12 1 10 7 12 1 1 1 100 1 8 1 10 12 1 1 10 7 12 1 1 1 9 100 12 1 1 1 10 7 12 1 1 1 10 7 12 1 1 1 11 12 1 10 12 1 7 1 7 1 1 1 1 1 1 1 1 1 1 1 1 1 1 1 1 1 1 1 1 1 1 1 1 1 1 1 1 100 1 1 1 1 1 1 1 100 1 8 1 1 12 10 1 1 1 8 1 1 1 8 1 1 1 8 1 1 1 8 1 1 8 1 1 1 8 1 1 8 1
instanceKlass java/lang/StackStreamFactory$StackFrameTraverser
ciInstanceKlass java/lang/StackStreamFactory$AbstractStackWalker 1 1 375 7 1 7 1 3 10 7 12 1 1 1 10 7 12 1 1 10 7 12 1 1 1 9 12 1 1 10 12 1 1 9 12 1 1 9 12 1 1 9 12 1 1 9 12 1 10 7 12 1 1 1 10 12 1 1 10 7 12 1 1 9 12 1 1 9 12 1 1 10 12 1 1 9 7 12 1 1 1 10 12 1 1 10 12 1 9 12 1 1 10 7 12 1 1 1 10 12 1 1 9 12 1 1 9 7 12 1 1 1 7 1 10 8 1 10 12 1 1 10 12 1 8 1 10 12 1 1 10 100 12 1 1 1 100 1 8 1 10 12 1 8 1 10 12 10 7 12 1 1 9 12 1 8 1 5 0 8 1 8 1 9 12 1 1 10 12 1 1 18 12 1 1 10 7 12 1 1 1 10 12 1 1 10 12 1 10 12 1 9 12 1 10 12 1 10 12 1 10 12 1 10 12 1 10 12 1 10 12 1 1 8 1 10 12 1 10 12 1 10 12 1 10 12 1 1 8 1 10 12 1 1 10 12 1 1 10 12 1 1 10 12 1 10 12 1 10 7 12 1 1 1 10 12 1 10 12 1 9 12 1 8 1 10 12 1 10 12 1 10 12 1 1 10 12 1 10 12 1 10 12 1 1 10 12 1 10 12 1 10 12 1 10 12 1 10 12 1 10 12 1 1 10 12 1 1 10 12 1 8 1 1 1 1 1 1 1 1 1 1 1 1 1 7 1 1 1 1 1 1 1 7 1 1 1 1 7 1 1 1 1 1 1 1 1 1 1 1 1 1 1 1 1 1 1 1 16 15 15 10 100 12 1 1 1 1 1 1 1 1 100 1 100 1 1
ciInstanceKlass jdk/internal/module/Modules 1 1 504 10 7 12 1 1 1 9 7 12 1 1 1 11 7 12 1 1 1 11 12 1 1 11 12 1 1 11 12 1 1 11 12 1 11 12 1 11 12 1 11 12 1 11 12 1 1 10 7 12 1 1 1 10 100 12 1 1 1 18 12 1 1 10 7 12 1 1 1 7 1 10 7 12 1 1 1 10 100 12 1 1 1 10 100 12 1 1 10 12 1 1 11 12 1 9 12 1 1 11 7 12 1 1 1 10 12 1 1 10 10 12 1 10 9 12 1 1 10 7 12 1 1 10 12 1 1 10 100 12 1 1 100 1 11 100 12 1 1 1 10 100 12 1 1 1 11 100 12 1 1 10 12 1 1 10 100 12 1 1 10 100 12 1 1 1 10 12 1 1 10 12 1 1 11 12 1 1 18 12 1 1 11 100 12 1 1 10 100 12 1 1 1 11 100 12 1 1 1 7 1 11 12 1 1 11 7 12 1 1 1 11 12 1 1 10 12 1 1 10 100 12 1 1 18 12 1 1 11 12 1 1 18 12 1 1 11 12 1 1 10 12 1 18 18 10 12 1 1 9 12 1 1 11 7 12 1 1 1 100 1 10 11 12 1 11 12 1 1 11 12 1 1 10 100 1 10 12 1 1 10 100 12 1 1 10 12 1 1 11 12 10 12 1 1 7 1 10 18 12 1 10 12 1 1 7 1 8 1 10 12 1 10 100 12 1 1 18 12 1 11 11 12 10 12 1 10 10 100 1 18 12 1 10 10 10 7 12 1 1 10 7 12 1 1 1 10 12 1 1 1 1 1 1 1 1 1 1 1 1 1 1 1 1 1 1 1 1 1 1 1 1 1 1 1 1 1 1 1 1 1 100 1 1 1 1 1 1 1 1 1 1 1 1 1 1 1 1 1 1 1 1 1 1 1 1 1 1 1 1 1 1 1 1 1 1 1 7 1 1 1 1 1 1 1 1 1 1 1 1 1 1 1 1 1 1 1 1 1 1 1 16 15 10 12 1 16 16 15 10 12 1 16 1 16 1 15 10 12 1 16 1 16 1 15 10 12 16 1 15 10 16 1 15 10 12 16 1 15 10 12 16 15 10 12 16 15 10 12 15 10 100 12 1 1 1 1 1 1 100 1 100 1 1
staticfield jdk/internal/module/Modules JLA Ljdk/internal/access/JavaLangAccess; java/lang/System$2
staticfield jdk/internal/module/Modules JLMA Ljdk/internal/access/JavaLangModuleAccess; java/lang/module/ModuleDescriptor$1
staticfield jdk/internal/module/Modules $assertionsDisabled Z 1
instanceKlass org/eclipse/sisu/bean/BeanScheduler$Pending
instanceKlass org/apache/maven/artifact/versioning/ComparableVersion$ListItem
ciInstanceKlass java/util/ArrayList 1 1 509 10 7 12 1 1 1 7 1 9 7 12 1 1 1 9 12 1 100 1 7 1 10 8 1 10 12 1 1 10 12 1 10 12 1 1 10 12 1 9 12 1 11 7 12 1 1 1 9 12 1 1 11 12 1 1 7 10 7 12 1 1 1 9 12 1 10 12 1 10 12 1 1 10 7 12 1 1 1 10 7 12 1 1 1 10 12 1 1 10 12 1 1 10 12 1 1 10 12 1 10 12 1 1 100 1 7 1 10 12 1 10 10 7 12 1 1 1 10 7 12 1 1 10 12 1 100 1 10 10 12 10 12 1 1 10 12 1 1 10 12 1 10 12 10 12 1 1 7 1 10 12 1 1 10 12 1 1 10 12 1 100 1 10 11 12 1 1 11 7 12 1 1 1 11 12 1 10 12 1 10 12 1 10 12 1 1 100 1 10 12 1 1 10 10 12 1 1 10 12 1 8 1 8 1 8 1 8 1 10 12 1 1 10 12 1 1 11 12 1 7 1 10 100 12 1 1 10 12 1 10 12 1 1 10 7 12 1 1 10 12 1 10 7 12 1 1 1 11 7 12 1 1 1 10 12 1 100 1 8 1 10 7 1 10 12 1 7 1 10 12 1 10 12 1 1 7 1 10 12 1 10 12 1 1 11 7 12 1 1 7 1 10 12 1 10 12 1 1 11 7 12 1 1 10 12 1 1 10 12 1 1 10 12 1 1 10 12 1 1 11 100 12 1 1 10 12 1 1 7 1 7 1 7 1 1 1 1 5 0 1 3 1 1 1 1 1 1 1 1 1 1 1 1 1 1 1 1 1 1 1 1 1 1 1 1 1 1 1 1 1 1 1 1 1 1 1 1 1 1 1 1 1 1 1 1 1 1 1 1 1 1 1 1 1 1 1 1 1 1 1 1 1 1 1 1 1 1 1 1 1 1 1 1 1 1 1 1 1 1 1 1 1 1 1 1 1 1 1 1 1 1 1 1 1 1 1 1 1 1 1 1 1 1 1 1 7 1 1 1 1 7 1 1 1 1 1 1 1 1 1 1 1 1 1 1 1 1 1 1 1 1 1 1 1 1 1 1 1 1 1 100 1 1 1 1 1 1 1 1 1 1 1 1 1 1 1 1 1 1 100 1 100 1 1 1 1 1 1
staticfield java/util/ArrayList EMPTY_ELEMENTDATA [Ljava/lang/Object; 0 [Ljava/lang/Object;
staticfield java/util/ArrayList DEFAULTCAPACITY_EMPTY_ELEMENTDATA [Ljava/lang/Object; 0 [Ljava/lang/Object;
ciInstanceKlass java/util/RandomAccess 1 0 7 100 1 100 1 1 1
instanceKlass org/gradle/tooling/model/internal/ImmutableDomainObjectSet
instanceKlass java/util/concurrent/ConcurrentSkipListMap$EntrySet
instanceKlass java/util/Hashtable$KeySet
instanceKlass java/util/concurrent/CopyOnWriteArraySet
instanceKlass com/google/gson/internal/LinkedTreeMap$EntrySet
instanceKlass org/eclipse/sisu/wire/EntrySetAdapter
instanceKlass org/eclipse/sisu/wire/EntryMapAdapter$EntrySet
instanceKlass java/lang/ProcessEnvironment$CheckedKeySet
instanceKlass com/google/common/collect/Sets$ImprovedAbstractSet
instanceKlass java/lang/ProcessEnvironment$CheckedEntrySet
instanceKlass com/google/common/collect/Sets$SetView
instanceKlass java/util/concurrent/ConcurrentSkipListSet
instanceKlass java/util/AbstractMap$1
instanceKlass java/util/Hashtable$EntrySet
instanceKlass org/eclipse/osgi/framework/util/CaseInsensitiveDictionaryMap$EntrySet
instanceKlass org/eclipse/osgi/framework/util/CaseInsensitiveDictionaryMap$KeySet
instanceKlass org/eclipse/osgi/framework/eventmgr/CopyOnWriteIdentityMap$Snapshot$EntrySet
instanceKlass java/util/TreeMap$EntrySet
instanceKlass java/util/LinkedHashMap$LinkedEntrySet
instanceKlass java/util/TreeMap$KeySet
instanceKlass java/util/TreeSet
instanceKlass java/util/LinkedHashMap$LinkedKeySet
instanceKlass java/util/Collections$SingletonSet
instanceKlass java/util/WeakHashMap$EntrySet
instanceKlass java/util/IdentityHashMap$KeySet
instanceKlass java/util/EnumSet
instanceKlass jdk/internal/util/ReferencedKeySet
instanceKlass java/util/HashMap$KeySet
instanceKlass java/util/WeakHashMap$KeySet
instanceKlass java/util/Collections$SetFromMap
instanceKlass java/util/HashSet
instanceKlass java/util/ImmutableCollections$MapN$1
instanceKlass java/util/Collections$EmptySet
instanceKlass java/util/HashMap$EntrySet
ciInstanceKlass java/util/AbstractSet 1 1 96 10 7 12 1 1 1 7 1 7 1 11 12 1 1 10 7 1 10 12 1 1 100 1 100 1 10 12 1 1 11 7 12 1 1 1 11 12 1 1 10 7 12 1 1 10 7 12 1 1 1 11 10 12 1 1 11 12 1 11 12 1 1 1 1 1 1 1 1 1 1 1 1 1 1 1 1 100 1 1 1 1 1 1 1 1 1 1 1 1 1 1 1 1 1 1
ciInstanceKlass java/lang/annotation/Annotation 1 0 17 100 1 100 1 1 1 1 1 1 1 1 1 1 1 1 1
ciMethod java/util/Map putIfAbsent (Ljava/lang/Object;Ljava/lang/Object;)Ljava/lang/Object; 60 0 30 0 -1
ciInstanceKlass sun/invoke/util/Wrapper 1 1 535 7 1 9 12 1 1 9 12 1 9 12 1 9 12 1 9 12 1 9 12 1 9 12 1 9 12 1 9 12 1 9 12 1 9 12 1 1 10 7 12 1 1 10 7 12 1 1 1 10 12 1 1 9 12 1 1 9 12 1 9 12 1 1 10 7 12 1 1 9 12 1 1 9 12 1 1 9 12 1 1 9 12 1 9 12 1 7 1 10 12 1 10 12 1 1 7 1 10 7 12 1 1 10 12 1 8 1 10 7 12 1 1 1 10 12 1 1 10 100 12 1 1 1 10 12 1 7 1 10 12 1 1 10 12 1 10 12 1 10 12 1 1 10 12 1 9 12 1 1 10 12 1 10 12 1 100 1 10 10 12 1 1 10 12 1 1 10 12 1 1 9 7 12 1 1 1 10 12 1 10 7 12 1 1 10 7 12 1 1 10 7 12 1 1 9 12 1 9 12 1 10 12 1 1 9 12 1 9 9 9 9 9 9 7 1 9 7 1 9 7 1 8 1 10 12 1 1 9 12 1 10 12 1 1 10 12 1 10 12 1 1 10 12 1 1 7 1 10 8 1 8 1 10 7 12 1 1 10 12 1 1 10 12 1 1 7 1 8 1 10 12 1 10 12 1 10 12 1 10 12 1 10 12 1 10 12 1 10 12 1 10 12 1 1 10 12 1 1 10 12 1 10 12 1 10 12 1 1 10 7 12 1 1 10 12 1 1 10 12 1 1 10 12 1 10 12 1 1 10 12 1 10 12 1 1 10 12 1 1 10 12 1 8 1 10 10 12 1 10 12 1 100 1 10 10 100 12 1 1 1 10 12 1 10 12 1 1 10 12 1 1 10 12 1 8 8 1 8 1 10 12 1 1 10 12 1 8 8 1 8 1 10 12 1 8 8 1 8 1 8 8 1 8 1 8 8 1 8 1 8 8 1 8 1 8 8 1 8 1 10 12 1 8 8 1 8 1 8 8 1 10 12 1 8 8 1 8 1 10 12 1 10 12 1 1 1 3 1 1 1 1 1 1 1 1 1 1 1 1 1 1 1 1 1 1 1 1 1 1 1 1 1 1 1 1 1 1 1 1 1 1 1 1 1 1 1 1 1 1 1 1 1 1 1 1 1 1 1 1 1 1 1 1 1 1 1 1 1 1 1 1 1 1 1 1 1 1 1 1 1 1 1 1 1 1 1 1 1 1 1 1 1 1 1
staticfield sun/invoke/util/Wrapper BOOLEAN Lsun/invoke/util/Wrapper; sun/invoke/util/Wrapper
staticfield sun/invoke/util/Wrapper BYTE Lsun/invoke/util/Wrapper; sun/invoke/util/Wrapper
staticfield sun/invoke/util/Wrapper SHORT Lsun/invoke/util/Wrapper; sun/invoke/util/Wrapper
staticfield sun/invoke/util/Wrapper CHAR Lsun/invoke/util/Wrapper; sun/invoke/util/Wrapper
staticfield sun/invoke/util/Wrapper INT Lsun/invoke/util/Wrapper; sun/invoke/util/Wrapper
staticfield sun/invoke/util/Wrapper LONG Lsun/invoke/util/Wrapper; sun/invoke/util/Wrapper
staticfield sun/invoke/util/Wrapper FLOAT Lsun/invoke/util/Wrapper; sun/invoke/util/Wrapper
staticfield sun/invoke/util/Wrapper DOUBLE Lsun/invoke/util/Wrapper; sun/invoke/util/Wrapper
staticfield sun/invoke/util/Wrapper OBJECT Lsun/invoke/util/Wrapper; sun/invoke/util/Wrapper
staticfield sun/invoke/util/Wrapper VOID Lsun/invoke/util/Wrapper; sun/invoke/util/Wrapper
staticfield sun/invoke/util/Wrapper DOUBLE_ZERO Ljava/lang/Object; java/lang/Double
staticfield sun/invoke/util/Wrapper FLOAT_ZERO Ljava/lang/Object; java/lang/Float
staticfield sun/invoke/util/Wrapper FROM_CHAR [Lsun/invoke/util/Wrapper; 16 [Lsun/invoke/util/Wrapper;
staticfield sun/invoke/util/Wrapper $VALUES [Lsun/invoke/util/Wrapper; 10 [Lsun/invoke/util/Wrapper;
staticfield sun/invoke/util/Wrapper $assertionsDisabled Z 1
ciMethod sun/invoke/util/Wrapper forPrimitiveType (Ljava/lang/Class;)Lsun/invoke/util/Wrapper; 44 0 3030 0 0
ciMethod sun/invoke/util/Wrapper newIllegalArgumentException (Ljava/lang/String;)Ljava/lang/RuntimeException; 0 0 1 0 -1
ciMethod sun/invoke/util/Wrapper isSubwordOrInt ()Z 290 0 1120 0 0
ciMethod sun/invoke/util/Wrapper asPrimitiveType (Ljava/lang/Class;)Ljava/lang/Class; 0 0 8 0 -1
ciMethod sun/invoke/util/Wrapper asWrapperType (Ljava/lang/Class;)Ljava/lang/Class; 0 0 1 0 -1
ciMethod sun/invoke/util/Wrapper isDoubleWord ()Z 512 0 771 0 0
ciMethod sun/invoke/util/Wrapper isIntegral ()Z 290 0 1120 0 -1
ciMethod sun/invoke/util/Wrapper isSingleWord ()Z 228 0 984 0 -1
ciInstanceKlass java/lang/invoke/MemberName$Factory 1 1 130 100 1 10 7 12 1 1 1 10 7 12 1 1 1 9 7 12 1 1 1 10 12 1 1 100 1 10 10 7 12 1 1 1 10 12 1 1 10 12 1 1 9 12 1 1 7 1 7 1 10 12 1 1 10 12 1 10 12 1 1 10 12 1 10 12 1 10 12 1 1 100 1 10 7 12 1 1 1 100 1 10 12 1 10 9 12 1 1 1 1 1 1 1 1 1 1 1 1 1 1 1 1 1 1 1 1 1 100 1 1 1 1 1 1 1 1 1 1 1 1 1 1 1 1 1 1 1 1 1
staticfield java/lang/invoke/MemberName$Factory INSTANCE Ljava/lang/invoke/MemberName$Factory; java/lang/invoke/MemberName$Factory
staticfield java/lang/invoke/MemberName$Factory $assertionsDisabled Z 1
ciMethod java/lang/invoke/MemberName$Factory resolveOrNull (BLjava/lang/invoke/MemberName;Ljava/lang/Class;I)Ljava/lang/invoke/MemberName; 232 0 440 0 -1
ciInstanceKlass java/lang/invoke/DirectMethodHandle$Interface 1 1 128 10 7 12 1 1 1 9 7 12 1 1 1 10 7 12 1 1 1 100 1 10 12 1 9 12 1 1 9 12 1 1 9 12 1 10 12 1 10 12 1 1 10 12 1 9 12 1 1 10 12 1 1 8 1 7 1 10 12 1 1 10 12 1 1 10 7 12 1 1 1 100 1 10 12 1 8 1 100 1 10 10 12 1 1 10 12 1 1 1 1 1 1 1 1 1 1 1 1 7 1 7 1 7 1 1 1 1 1 1 1 1 1 1 1 1 1 1 1 1 1 1 1 1 1 1 1 1
staticfield java/lang/invoke/DirectMethodHandle$Interface $assertionsDisabled Z 1
ciMethod java/lang/invoke/DirectMethodHandle$Interface <init> (Ljava/lang/invoke/MethodType;Ljava/lang/invoke/LambdaForm;Ljava/lang/invoke/MemberName;ZLjava/lang/Class;)V 20 0 54 0 0
ciInstanceKlass java/lang/invoke/DirectMethodHandle$Accessor 1 1 93 10 7 12 1 1 1 10 7 12 1 1 1 9 7 12 1 1 1 9 12 1 1 10 7 12 1 1 1 9 12 1 1 9 12 1 1 10 12 1 9 12 1 10 12 1 1 100 1 10 12 1 9 12 1 1 10 12 1 1 10 12 1 1 1 1 1 1 1 1 1 1 1 1 1 1 1 1 1 1 1 1 1 1 1 1 1 1 1 1 1 1 1
staticfield java/lang/invoke/DirectMethodHandle$Accessor $assertionsDisabled Z 1
ciMethod java/lang/invoke/DirectMethodHandle$Accessor <init> (Ljava/lang/invoke/MethodType;Ljava/lang/invoke/LambdaForm;Ljava/lang/invoke/MemberName;ZI)V 1936 0 1236 0 0
ciInstanceKlass jdk/internal/util/ReferencedKeySet 1 1 118 10 7 12 1 1 1 9 7 12 1 1 1 10 12 1 1 10 7 12 1 1 10 12 1 10 12 1 10 12 1 1 11 100 12 1 1 1 10 12 1 1 10 12 1 1 10 12 1 1 10 12 1 1 10 12 1 1 10 12 1 10 12 1 7 1 11 12 1 10 12 1 1 10 12 1 1 1 1 1 1 1 1 1 1 1 1 1 1 1 1 1 1 1 1 1 1 1 1 1 1 1 1 1 1 1 1 100 1 1 1 1 1 1 1 1 1 1
ciMethod jdk/internal/util/ReferencedKeySet get (Ljava/lang/Object;)Ljava/lang/Object; 512 0 11320 0 3376
ciMethod jdk/internal/util/ReferencedKeySet intern (Ljava/lang/Object;)Ljava/lang/Object; 234 0 3321 0 0
instanceKlass java/util/concurrent/ConcurrentHashMap$ForwardingNode
instanceKlass java/util/concurrent/ConcurrentHashMap$ReservationNode
ciInstanceKlass java/util/concurrent/ConcurrentHashMap$Node 1 1 97 10 7 12 1 1 1 9 7 12 1 1 1 9 12 1 1 9 12 1 10 12 1 9 12 1 1 10 12 1 1 10 100 12 1 1 1 100 1 10 100 1 11 12 1 1 11 12 1 10 12 1 1 1 1 1 1 1 1 1 1 1 1 1 1 1 1 1 1 1 1 1 1 1 1 1 1 1 1 1 1 1 1 1 1 1 1 1 1 1 100 1 1 1 100 1 1
ciMethod java/util/concurrent/ConcurrentHashMap$Node <init> (ILjava/lang/Object;Ljava/lang/Object;)V 768 0 20286 0 -1
ciInstanceKlass java/util/concurrent/ConcurrentHashMap$ReservationNode 1 1 34 100 1 10 7 12 1 1 1 100 1 1 1 1 1 1 1 1 1 1 1 1 1 1 1 1 1 1 1 1 1 1 1 1
ciInstanceKlass java/lang/ref/NativeReferenceQueue$Lock 1 1 21 10 7 12 1 1 1 100 1 1 1 1 1 1 1 1 1 7 1 1 1
ciInstanceKlass java/lang/ref/ReferenceQueue$Null 1 1 29 10 7 12 1 1 1 100 1 1 1 1 1 1 1 1 1 1 1 1 1 1 1 1 1 1 1 1 1
ciMethod java/lang/ref/ReferenceQueue poll ()Ljava/lang/ref/Reference; 512 0 11628 0 -1
ciInstanceKlass jdk/internal/util/ReferenceKey 1 0 21 100 1 100 1 1 1 1 1 1 1 1 1 1 1 100 1 100 1 100 1
ciMethod jdk/internal/util/ReferenceKey get ()Ljava/lang/Object; 0 0 1 0 -1
ciMethod jdk/internal/util/ReferenceKey unused ()V 0 0 1 0 -1
ciInstanceKlass jdk/internal/util/StrongReferenceKey 1 1 82 10 7 12 1 1 1 9 7 12 1 1 1 7 1 11 12 1 1 10 10 7 12 1 1 1 10 12 1 1 7 1 10 10 12 1 1 10 7 12 1 1 1 10 12 1 1 8 1 10 7 12 1 1 1 10 12 1 10 12 1 1 1 1 1 1 1 1 1 1 1 1 1 1 1 1 1 1 1 1 1 1
ciMethod jdk/internal/util/StrongReferenceKey <init> (Ljava/lang/Object;)V 518 0 17853 0 0
ciInstanceKlass jdk/internal/util/WeakReferenceKey 1 1 92 10 7 12 1 1 1 10 7 12 1 1 1 9 7 12 1 1 1 10 12 1 1 7 1 11 12 1 1 10 10 12 1 1 7 1 10 12 10 7 12 1 1 1 10 7 12 1 1 1 10 12 1 1 8 1 10 7 12 1 1 10 12 1 10 12 1 1 1 1 1 1 1 1 1 1 1 1 1 1 1 1 1 1 1 1 1 1 1 1 1 1
ciMethod jdk/internal/util/WeakReferenceKey <init> (Ljava/lang/Object;Ljava/lang/ref/ReferenceQueue;)V 494 0 3319 0 0
ciMethod jdk/internal/util/WeakReferenceKey unused ()V 14 0 7 0 0
ciInstanceKlass jdk/internal/util/ReferencedKeyMap 1 1 357 10 7 12 1 1 1 9 7 12 1 1 1 9 12 1 1 9 12 1 1 10 12 1 1 11 7 12 1 1 1 7 1 10 7 12 1 1 1 11 7 12 1 1 1 7 1 10 10 12 1 100 1 10 12 1 7 1 10 7 1 10 12 1 10 12 1 11 12 1 1 11 12 1 1 8 1 10 7 12 1 1 1 10 12 1 1 11 12 1 1 8 1 11 12 1 10 12 1 1 11 12 10 12 1 11 12 1 1 11 7 12 1 1 11 12 1 11 12 1 1 11 100 12 1 1 1 11 7 12 1 1 11 12 1 100 1 11 12 1 11 12 1 10 11 12 1 11 12 1 11 12 1 1 18 12 1 1 11 100 12 1 1 18 12 1 1 11 12 1 1 10 12 1 10 100 12 1 1 1 11 12 1 1 11 12 1 1 18 12 1 11 12 1 11 12 1 11 12 1 1 11 12 18 8 1 8 1 8 1 10 12 1 1 7 1 10 12 1 1 10 12 1 1 10 12 1 11 100 12 1 10 11 7 1 10 10 12 1 1 8 1 10 12 1 10 12 1 1 100 1 10 12 1 1 1 1 1 1 1 1 1 1 1 1 1 1 1 1 1 1 1 1 1 1 1 1 1 1 1 1 1 1 1 1 1 1 1 1 1 1 1 1 1 1 1 1 1 1 1 1 1 1 1 1 1 1 1 1 1 1 1 1 1 1 1 1 1 1 1 1 1 1 16 15 16 1 16 15 10 12 1 15 10 12 16 15 10 12 16 15 10 100 12 1 1 1 1 1 7 1 1 100 1 100 1 1
ciMethod jdk/internal/util/ReferencedKeyMap get (Ljava/lang/Object;)Ljava/lang/Object; 512 0 14520 0 3344
ciMethod jdk/internal/util/ReferencedKeyMap intern (Ljdk/internal/util/ReferencedKeyMap;Ljava/lang/Object;)Ljava/lang/Object; 234 0 3324 0 0
ciMethod jdk/internal/util/ReferencedKeyMap removeStaleReferences ()V 522 0 14291 0 1504
ciMethod jdk/internal/util/ReferencedKeyMap lookupKey (Ljava/lang/Object;)Ljdk/internal/util/ReferenceKey; 518 0 17852 0 0
ciMethod jdk/internal/util/ReferencedKeyMap getNoCheckStale (Ljava/lang/Object;)Ljava/lang/Object; 510 0 14528 0 -1
ciMethod jdk/internal/util/ReferencedKeyMap entryKey (Ljava/lang/Object;)Ljdk/internal/util/ReferenceKey; 494 0 3320 0 0
ciMethod jdk/internal/util/ReferencedKeyMap existingKey (Ljdk/internal/util/ReferencedKeyMap;Ljava/lang/Object;)Ljava/lang/Object; 234 0 3323 0 0
ciMethod jdk/internal/util/ReferencedKeyMap internKey (Ljdk/internal/util/ReferencedKeyMap;Ljava/lang/Object;)Ljava/lang/Object; 234 0 3320 0 0
ciMethod java/lang/reflect/Modifier isStatic (I)Z 768 0 37544 0 88
ciMethod java/lang/invoke/MemberName changeReferenceKind (BB)Ljava/lang/invoke/MemberName; 512 0 4667 0 -1
ciMethod java/lang/invoke/MemberName anyFlagSet (I)Z 510 0 25549 0 0
ciMethod java/lang/invoke/MemberName allFlagsSet (I)Z 518 0 25433 0 0
ciMethod java/lang/invoke/MemberName isSetter ()Z 0 0 1431 0 0
ciMethod java/lang/invoke/MemberName expandFromVM ()V 0 0 1 0 -1
ciMethod java/lang/invoke/MemberName isGetter ()Z 156 0 3462 0 0
ciMethod java/lang/invoke/MemberName isVolatile ()Z 916 0 4267 0 -1
ciMethod java/lang/invoke/MemberName getFieldType ()Ljava/lang/Class; 348 0 5356 0 176
ciMethod java/lang/invoke/MemberName isMethodHandleInvoke ()Z 0 0 1 0 -1
ciMethod java/lang/invoke/MemberName getInvocationType ()Ljava/lang/invoke/MethodType; 366 0 4784 0 -1
ciMethod java/lang/invoke/MemberName isInvocable ()Z 512 0 25550 0 0
ciMethod java/lang/invoke/MemberName asSpecial ()Ljava/lang/invoke/MemberName; 396 0 1435 0 0
ciMethod java/lang/invoke/MemberName isField ()Z 516 0 5382 0 0
ciMethod java/lang/invoke/MemberName getMethodOrFieldType ()Ljava/lang/invoke/MethodType; 774 0 6544 0 1192
ciMethod java/lang/invoke/MemberName getMethodType ()Ljava/lang/invoke/MethodType; 512 0 5391 0 1008
ciMethod java/lang/invoke/MemberName isAbstract ()Z 8 0 51 0 -1
ciMethod java/lang/invoke/MemberName getReferenceKind ()B 560 0 34569 0 88
ciMethod java/lang/invoke/MemberName isResolved ()Z 458 0 9658 0 -1
ciMethod java/lang/invoke/MemberName isPublic ()Z 88 0 233 0 -1
ciMethod java/lang/invoke/MemberName isStatic ()Z 768 0 18578 0 0
ciMethod java/lang/invoke/MemberName isConstructor ()Z 814 0 11453 0 0
ciMethod java/lang/invoke/MemberName getFactory ()Ljava/lang/invoke/MemberName$Factory; 248 0 333 0 -1
ciMethod java/lang/invoke/MemberName isMethod ()Z 512 0 3624 0 -1
ciMethod java/lang/invoke/MemberName getClassLoader ()Ljava/lang/ClassLoader; 0 0 1 0 -1
ciMethod java/lang/invoke/MemberName clone ()Ljava/lang/invoke/MemberName; 612 0 6038 0 -1
ciMethod java/lang/invoke/MemberName <init> (Ljava/lang/Class;Ljava/lang/String;Ljava/lang/invoke/MethodType;B)V 512 0 2218 0 -1
ciMethod java/lang/invoke/MethodTypeForm canonicalizeAll ([Ljava/lang/Class;I)[Ljava/lang/Class; 494 1208 3338 0 0
ciMethod java/lang/invoke/MethodTypeForm canonicalize (Ljava/lang/invoke/MethodType;I)Ljava/lang/invoke/MethodType; 234 0 3320 0 0
ciMethod java/lang/invoke/MethodTypeForm canonicalize (Ljava/lang/Class;I)Ljava/lang/Class; 512 0 6534 0 168
ciMethod java/lang/invoke/MethodTypeForm parameterSlotCount ()I 286 0 143 0 0
ciMethod java/lang/invoke/MethodTypeForm findForm (Ljava/lang/invoke/MethodType;)Ljava/lang/invoke/MethodTypeForm; 234 0 3321 0 0
ciMethod java/lang/invoke/MethodTypeForm <init> (Ljava/lang/invoke/MethodType;)V 52 132 417 0 0
ciMethod java/lang/invoke/MethodHandleStatics newIllegalArgumentException (Ljava/lang/String;)Ljava/lang/RuntimeException; 0 0 1 0 0
ciMethod java/util/concurrent/ConcurrentHashMap setTabAt ([Ljava/util/concurrent/ConcurrentHashMap$Node;ILjava/util/concurrent/ConcurrentHashMap$Node;)V 768 0 6678 0 -1
ciMethod java/util/concurrent/ConcurrentHashMap replaceNode (Ljava/lang/Object;Ljava/lang/Object;Ljava/lang/Object;)Ljava/lang/Object; 4158 952 7470 0 1896
ciMethod java/util/concurrent/ConcurrentHashMap addCount (JI)V 536 0 5402 0 -1
ciMethod java/util/concurrent/ConcurrentHashMap treeifyBin ([Ljava/util/concurrent/ConcurrentHashMap$Node;I)V 0 0 1 0 -1
ciMethod java/util/concurrent/ConcurrentHashMap helpTransfer ([Ljava/util/concurrent/ConcurrentHashMap$Node;Ljava/util/concurrent/ConcurrentHashMap$Node;)[Ljava/util/concurrent/ConcurrentHashMap$Node; 0 0 1 0 -1
ciMethod java/util/concurrent/ConcurrentHashMap casTabAt ([Ljava/util/concurrent/ConcurrentHashMap$Node;ILjava/util/concurrent/ConcurrentHashMap$Node;Ljava/util/concurrent/ConcurrentHashMap$Node;)Z 514 0 1281 0 -1
ciMethod java/util/concurrent/ConcurrentHashMap initTable ()[Ljava/util/concurrent/ConcurrentHashMap$Node; 22 0 974 0 -1
ciMethod java/util/concurrent/ConcurrentHashMap putVal (Ljava/lang/Object;Ljava/lang/Object;Z)Ljava/lang/Object; 650 20 21570 0 -1
ciMethod java/util/concurrent/ConcurrentHashMap tabAt ([Ljava/util/concurrent/ConcurrentHashMap$Node;I)Ljava/util/concurrent/ConcurrentHashMap$Node; 538 0 5592 0 -1
ciMethod java/util/concurrent/ConcurrentHashMap spread (I)I 702 0 43644 0 -1
ciMethod java/lang/invoke/MethodHandle <init> (Ljava/lang/invoke/MethodType;Ljava/lang/invoke/LambdaForm;)V 512 0 5752 0 -1
ciMethod java/lang/invoke/MethodType parameterSlotCount ()I 772 0 12266 0 0
ciMethod java/lang/invoke/MethodType newIndexOutOfBoundsException (Ljava/lang/Object;)Ljava/lang/IndexOutOfBoundsException; 0 0 1 0 -1
ciMethod java/lang/invoke/MethodType checkPtypes ([Ljava/lang/Class;)I 376 594 5800 0 304
ciMethod java/lang/invoke/MethodType makeImpl (Ljava/lang/Class;[Ljava/lang/Class;Z)Ljava/lang/invoke/MethodType; 512 0 12235 0 0
ciMethod java/lang/invoke/MethodType isAllObject ([Ljava/lang/Class;I)Z 146 248 4368 0 0
ciMethod java/lang/invoke/MethodType checkSlotCount (I)V 512 0 19296 0 0
ciMethod java/lang/invoke/MethodType fromDescriptor (Ljava/lang/String;Ljava/lang/ClassLoader;)Ljava/lang/invoke/MethodType; 0 0 18 0 -1
ciMethod java/lang/invoke/MethodType ptypes ()[Ljava/lang/Class; 256 0 128 0 0
ciMethod java/lang/invoke/MethodType genericMethodType (IZ)Ljava/lang/invoke/MethodType; 248 0 8258 0 0
ciMethod java/lang/invoke/MethodType dropParameterTypes (II)Ljava/lang/invoke/MethodType; 570 0 4509 0 -1
ciMethod java/lang/invoke/MethodType methodType (Ljava/lang/Class;)Ljava/lang/invoke/MethodType; 226 0 4026 0 0
ciMethod java/lang/invoke/MethodType methodType (Ljava/lang/Class;[Ljava/lang/Class;Z)Ljava/lang/invoke/MethodType; 534 0 12204 0 0
ciMethod java/lang/invoke/MethodType methodType (Ljava/lang/Class;Ljava/lang/Class;)Ljava/lang/invoke/MethodType; 82 0 4568 0 0
ciMethod java/lang/invoke/MethodType form ()Ljava/lang/invoke/MethodTypeForm; 256 0 128 0 0
ciMethod java/lang/invoke/MethodType insertParameterTypes (I[Ljava/lang/Class;)Ljava/lang/invoke/MethodType; 676 0 4997 0 0
ciMethod java/lang/invoke/MethodType basicType ()Ljava/lang/invoke/MethodType; 516 0 16335 0 -1
ciMethod java/lang/invoke/MethodType <init> (Ljava/lang/Class;[Ljava/lang/Class;)V 512 0 12129 0 112
ciMethod java/lang/invoke/MethodType returnType ()Ljava/lang/Class; 266 0 133 0 0
ciMethod java/lang/ref/ReferenceQueue headIsNull ()Z 530 0 17187 0 0
ciMethod java/lang/ref/ReferenceQueue poll0 ()Ljava/lang/ref/Reference; 2 0 5156 0 232
ciMethod java/lang/Integer valueOf (I)Ljava/lang/Integer; 326 0 27506 0 -1
ciMethod java/util/Arrays fill ([Ljava/lang/Object;Ljava/lang/Object;)V 20 76 492 0 0
ciMethod java/util/Arrays copyOf ([Ljava/lang/Object;I)[Ljava/lang/Object; 14 0 25263 0 -1
ciMethod java/lang/InternalError <init> ()V 0 0 1 0 -1
ciMethod java/lang/InternalError <init> (Ljava/lang/String;)V 2 0 1 0 -1
ciMethod jdk/internal/misc/VM addFinalRefCount (I)V 0 0 1 0 -1
ciMethod java/lang/StringBuilder append (I)Ljava/lang/StringBuilder; 10 0 10483 0 -1
ciMethod java/lang/StringBuilder append (Ljava/lang/String;)Ljava/lang/StringBuilder; 14 0 498093 0 -1
ciMethod java/lang/StringBuilder append (Ljava/lang/Object;)Ljava/lang/StringBuilder; 4 0 11778 0 -1
ciMethod java/lang/StringBuilder <init> ()V 12 0 113638 0 -1
ciMethod java/lang/Class isInterface ()Z 256 0 128 0 -1
ciMethod java/lang/Class isAssignableFrom (Ljava/lang/Class;)Z 256 0 128 0 -1
ciMethod java/util/Map remove (Ljava/lang/Object;)Ljava/lang/Object; 0 0 1 0 -1
ciMethod java/lang/Object <init> ()V 1024 0 1646769 0 136
ciInstanceKlass java/lang/invoke/DirectMethodHandle$Special 1 1 117 10 7 12 1 1 1 9 7 12 1 1 1 9 12 1 1 9 12 1 1 10 12 1 9 12 1 10 12 1 1 100 1 10 12 1 9 12 1 1 10 7 12 1 1 1 8 1 100 1 10 12 1 1 10 12 1 1 10 100 12 1 1 1 100 1 10 12 1 8 1 100 1 10 10 12 1 1 10 12 1 1 1 1 1 1 1 1 1 1 1 1 1 1 1 1 1 1 1 1 1 1 1 1 1 1 1 1 1 1 1 1 1 1 1 1 1
staticfield java/lang/invoke/DirectMethodHandle$Special $assertionsDisabled Z 1
ciInstanceKlass java/lang/AssertionError 0 0 79 10 100 12 1 1 1 10 12 1 10 100 12 1 1 1 10 100 1 100 1 10 12 1 1 10 12 1 10 12 1 10 12 1 10 12 1 10 12 1 10 12 1 10 12 1 1 1 1 5 0 1 1 1 1 1 1 1 1 1 1 100 1 1 1 1 1 1 1 1 1 1 1 1 1 1 1 1 1
instanceKlass java/nio/channels/ClosedSelectorException
instanceKlass java/nio/channels/NonWritableChannelException
instanceKlass java/nio/file/ClosedDirectoryStreamException
instanceKlass java/nio/file/ClosedFileSystemException
instanceKlass org/apache/http/conn/ssl/SSLInitializationException
instanceKlass org/eclipse/m2e/core/internal/project/registry/StaleMutableProjectRegistryException
instanceKlass java/util/concurrent/CancellationException
instanceKlass java/nio/channels/OverlappingFileLockException
ciInstanceKlass java/lang/IllegalStateException 1 0 35 10 100 12 1 1 1 10 12 1 10 12 1 10 12 1 100 1 1 1 1 5 0 1 1 1 1 1 1 1 1 1 1 1 1
instanceKlass org/objectweb/asm/MethodTooLargeException
instanceKlass org/objectweb/asm/ClassTooLargeException
instanceKlass java/lang/StringIndexOutOfBoundsException
instanceKlass org/objectweb/asm/MethodTooLargeException
instanceKlass org/objectweb/asm/ClassTooLargeException
instanceKlass org/lombokweb/asm/MethodTooLargeException
instanceKlass org/lombokweb/asm/ClassTooLargeException
instanceKlass java/lang/ArrayIndexOutOfBoundsException
ciInstanceKlass java/lang/IndexOutOfBoundsException 0 0 49 10 100 12 1 1 1 10 12 1 100 1 10 8 1 10 12 1 1 10 12 1 10 12 1 1 10 12 1 100 1 1 1 1 5 0 1 1 1 1 1 1 1 1 1 1 1 1 1
ciInstanceKlass java/lang/invoke/DirectMethodHandle$StaticAccessor 1 1 96 10 7 12 1 1 1 10 7 12 1 1 1 9 7 12 1 1 1 9 12 1 1 9 12 1 1 10 7 12 1 1 1 9 12 1 1 9 12 1 1 10 12 1 9 12 1 10 12 1 1 100 1 10 12 1 9 12 1 1 10 12 1 1 10 12 1 1 1 1 1 1 1 1 1 1 1 1 1 1 1 1 1 1 1 1 1 1 1 1 1 1 1 1 1 1
staticfield java/lang/invoke/DirectMethodHandle$StaticAccessor $assertionsDisabled Z 1
ciInstanceKlass org/eclipse/osgi/internal/container/KeyBasedLockStore$LockWeakRef 1 1 41 7 1 7 1 1 1 1 1 1 1 1 1 1 1 9 12 9 7 1 12 1 1 10 12 1 9 12 1 1 1 1 1 1 1 1 1 1 1 1 1
instanceKlass sun/reflect/annotation/AnnotatedTypeFactory$AnnotatedParameterizedTypeImpl
ciInstanceKlass sun/reflect/annotation/AnnotatedTypeFactory$AnnotatedTypeBaseImpl 1 1 312 10 7 12 1 1 1 9 7 12 1 1 1 9 12 1 1 9 12 1 1 10 7 12 1 1 1 10 7 12 1 1 1 9 12 1 1 10 12 1 1 10 12 1 1 10 12 1 1 11 7 12 1 1 1 7 1 11 7 12 1 1 1 7 1 11 12 1 1 10 100 12 1 1 1 100 1 100 1 8 1 10 12 1 10 12 1 1 10 12 1 1 9 100 12 1 1 1 10 12 1 1 10 12 1 1 9 12 1 9 100 12 1 1 10 12 1 1 10 12 1 1 100 1 10 12 1 10 100 12 1 1 10 12 1 1 11 100 12 1 1 1 11 100 100 1 10 10 12 1 10 12 1 1 10 12 1 1 11 100 12 1 1 1 11 12 1 10 11 100 12 1 1 1 18 12 1 1 11 12 1 1 8 1 10 100 12 1 1 1 11 12 1 1 100 1 10 12 1 1 8 1 10 12 1 1 11 100 1 11 12 1 11 10 100 12 1 1 10 12 1 1 11 10 100 12 1 1 11 12 1 1 100 1 10 12 1 1 100 1 100 1 100 1 100 1 10 12 1 1 10 12 1 1 1 1 1 1 1 1 1 1 1 1 1 1 1 1 1 1 1 1 1 1 1 1 1 1 1 1 1 1 1 1 1 1 1 1 1 1 1 1 16 15 11 16 1 15 10 100 12 1 1 1 1 1 1 100 1 100 1 1
ciMethodData java/lang/Object <init> ()V 2 1646257 orig 80 1 0 0 0 0 0 0 0 0 0 0 0 0 0 0 0 0 0 0 0 0 0 0 0 0 0 0 0 0 0 0 0 0 0 0 0 0 0 0 0 0 0 0 0 0 0 0 0 0 0 0 0 0 0 0 0 0 0 0 0 0 0 0 0 0 0 0 0 0 0 0 0 0 0 0 0 0 0 0 0 data 4 0x0 0x9 0x1 0x0 oops 0 methods 0
ciMethodData java/util/Objects requireNonNull (Ljava/lang/Object;)Ljava/lang/Object; 2 544856 orig 80 0 0 0 0 0 0 0 0 0 0 0 0 34 2 0 0 0 0 0 0 0 0 0 0 0 0 0 0 0 0 0 0 0 0 0 0 0 0 0 0 0 0 0 0 0 0 0 0 0 0 0 0 0 0 0 0 0 0 0 0 0 0 0 0 0 0 0 0 0 0 0 0 0 0 0 0 0 0 0 0 data 15 0x10007 0x8505c 0x30 0x0 0x80002 0x0 0x0 0x0 0x0 0x0 0x0 0x0 0x9 0x1 0x0 oops 0 methods 0
ciMethodData java/lang/ref/ReferenceQueue headIsNull ()Z 2 16922 orig 80 0 0 0 0 0 0 0 0 0 0 0 0 34 2 0 0 0 0 0 0 0 0 0 0 0 0 0 0 0 0 0 0 0 0 0 0 0 0 0 0 0 0 0 0 0 0 0 0 0 0 0 0 0 0 0 0 0 0 0 0 0 0 0 0 0 0 0 0 0 0 0 0 0 0 0 0 0 0 0 0 data 16 0x40007 0x325 0x38 0x3ef5 0x80003 0x3ef5 0x18 0x0 0x0 0x0 0x0 0x0 0x0 0x9 0x1 0x0 oops 0 methods 0
ciMethodData java/util/concurrent/ConcurrentHashMap putIfAbsent (Ljava/lang/Object;Ljava/lang/Object;)Ljava/lang/Object; 2 20854 orig 80 0 0 0 0 0 0 0 0 0 0 0 0 34 2 0 0 0 0 0 0 0 0 0 0 0 0 0 0 0 0 0 0 0 0 0 0 0 0 0 0 0 0 0 0 0 0 0 0 0 0 0 0 0 0 0 0 0 0 0 0 0 0 0 0 0 0 0 0 0 0 0 0 0 0 0 0 0 0 0 0 data 18 0x40005 0x5176 0x0 0x0 0x0 0x0 0x0 0x0 0x0 0x0 0x0 0x0 0x0 0x9 0x3 0xffffffffffffffff 0xffffffffffffffff 0xffffffffffffffff oops 0 methods 0
ciMethodData jdk/internal/util/ReferencedKeyMap removeStaleReferences ()V 2 14030 orig 80 0 0 0 0 0 0 0 0 0 0 0 0 34 2 0 0 0 0 0 0 0 0 0 0 0 0 0 0 0 0 0 0 0 0 0 0 0 0 0 0 0 0 0 0 0 0 0 0 0 0 0 0 0 0 0 0 0 0 0 0 0 0 0 0 0 0 0 0 0 0 0 0 0 0 0 0 0 0 0 0 data 33 0x40005 0x0 0x0 0x222d7cbbcd8 0x383a 0x0 0x0 0x90007 0x16c 0x38 0x36cc 0xc0003 0x36cc 0x68 0x140005 0x0 0x0 0x222fcca4cb8 0x16c 0x0 0x0 0x1a0003 0x16c 0xffffffffffffff58 0x0 0x0 0x0 0x0 0x0 0x0 0x9 0x1 0x0 oops 2 3 java/lang/ref/NativeReferenceQueue 17 java/util/concurrent/ConcurrentHashMap methods 0
ciMethodData java/lang/invoke/MethodTypeForm canonicalize (Ljava/lang/Class;I)Ljava/lang/Class; 2 6278 orig 80 0 0 0 0 0 0 0 0 0 0 0 0 34 2 0 0 0 0 0 0 0 0 0 0 0 0 0 0 0 0 0 0 0 0 0 0 0 0 0 0 0 0 0 0 0 0 0 0 0 0 0 0 0 0 0 0 0 0 0 0 0 0 0 0 0 0 0 0 0 0 0 0 0 0 0 0 0 0 0 0 data 51 0x30007 0x120a 0x38 0x67c 0x60003 0x67c 0x128 0xa0005 0x120a 0x0 0x0 0x0 0x0 0x0 0xd0007 0x767 0xa8 0xaa3 0x110008 0x6 0x0 0x70 0xaa3 0x70 0x0 0x40 0x2d0002 0x0 0x330007 0x0 0x20 0x0 0x3b0003 0x0 0x48 0x400007 0x767 0x30 0x0 0x440002 0x0 0x0 0x0 0x0 0x0 0x0 0x0 0x9 0x2 0x0 0x0 oops 0 methods 0
ciMethodData java/lang/invoke/MethodType hashCode ()I 2 5194 orig 80 0 0 0 0 0 0 0 0 0 0 0 0 34 2 0 0 0 0 0 0 0 0 0 0 0 0 0 0 0 0 0 0 0 0 0 0 0 0 0 0 0 0 0 0 0 0 0 0 0 0 0 0 0 0 0 0 0 0 0 0 0 0 0 0 0 0 0 0 0 0 0 0 0 0 0 0 0 0 0 0 data 30 0x60005 0x0 0x0 0x222fcca1548 0x144a 0x0 0x0 0x190007 0x144a 0x70 0x28b0 0x280005 0x0 0x0 0x222fcca1548 0x28b0 0x0 0x0 0x300003 0x28b0 0xffffffffffffffa8 0x0 0x0 0x0 0x0 0x0 0x0 0x9 0x1 0x0 oops 2 3 java/lang/Class 14 java/lang/Class methods 0
ciMethodData jdk/internal/util/ReferencedKeyMap lookupKey (Ljava/lang/Object;)Ljdk/internal/util/ReferenceKey; 2 17593 orig 80 0 0 0 0 0 0 0 0 0 0 0 0 34 2 0 0 0 0 0 0 0 0 0 0 0 0 0 0 0 0 0 0 0 0 0 0 0 0 0 0 0 0 0 0 0 0 0 0 0 0 0 0 0 0 0 0 0 0 0 0 0 0 0 0 0 0 0 0 0 0 0 0 0 0 0 0 0 0 0 0 data 8 0x50002 0x44b9 0x0 0x0 0x9 0x2 0x0 0x0 oops 0 methods 0
ciMethodData jdk/internal/util/StrongReferenceKey <init> (Ljava/lang/Object;)V 2 17594 orig 80 0 0 0 0 0 0 0 0 0 0 0 0 34 2 0 0 0 0 0 0 0 0 0 0 0 0 0 0 0 0 0 0 0 0 0 0 0 0 0 0 0 0 0 0 0 0 0 0 0 0 0 0 0 0 0 0 0 0 0 0 0 0 0 0 0 0 0 0 0 0 0 0 0 0 0 0 0 0 0 0 data 10 0x10002 0x44ba 0x0 0x0 0x0 0x0 0x9 0x2 0x0 0x0 oops 0 methods 0
ciMethodData java/util/Objects hashCode (Ljava/lang/Object;)I 2 91237 orig 80 0 0 0 0 0 0 0 0 0 0 0 0 34 2 0 0 0 0 0 0 0 0 0 0 0 0 0 0 0 0 0 0 0 0 0 0 0 0 0 0 0 0 0 0 0 0 0 0 0 0 0 0 0 0 0 0 0 0 0 0 0 0 0 0 0 0 0 0 0 0 0 0 0 0 0 0 0 0 0 0 data 23 0x10007 0x16 0x70 0x16450 0x50005 0x15696 0x0 0x222fcca3d48 0xcae 0x222fcca1548 0x10c 0x80003 0x1644f 0x18 0x0 0x0 0x0 0x0 0x0 0x0 0x9 0x1 0x0 oops 2 7 java/lang/invoke/MethodType 9 java/lang/Class methods 0
ciMethodData java/lang/invoke/MethodType checkSlotCount (I)V 2 19040 orig 80 0 0 0 0 0 0 0 0 0 0 0 0 34 2 0 0 0 0 0 0 0 0 0 0 0 0 0 0 0 0 0 0 0 0 0 0 0 0 0 0 0 0 0 0 0 0 0 0 0 0 0 0 0 0 0 0 0 0 0 0 0 0 0 0 0 0 0 0 0 0 0 0 0 0 0 0 0 0 0 0 data 38 0x60007 0x4a60 0xe8 0x0 0xd0002 0x0 0x120005 0x0 0x0 0x0 0x0 0x0 0x0 0x160005 0x0 0x0 0x0 0x0 0x0 0x0 0x190005 0x0 0x0 0x0 0x0 0x0 0x0 0x1c0002 0x0 0x0 0x0 0x0 0x0 0x0 0x0 0x9 0x1 0x0 oops 0 methods 0
ciMethodData java/lang/ref/NativeReferenceQueue poll ()Ljava/lang/ref/Reference; 2 5172 orig 80 0 0 0 0 0 0 0 0 0 0 0 0 34 2 0 0 0 0 0 0 0 0 0 0 0 0 0 0 0 0 0 0 0 0 0 0 0 0 0 0 0 0 0 0 0 0 0 0 0 0 0 0 0 0 0 0 0 0 0 0 0 0 0 0 0 0 0 0 0 0 0 0 0 0 0 0 0 0 0 0 data 27 0x10005 0x1434 0x0 0x0 0x0 0x0 0x0 0x40007 0xe9 0x20 0x134b 0x110005 0xe9 0x0 0x0 0x0 0x0 0x0 0x0 0x0 0x0 0x0 0x0 0x0 0x9 0x1 0x0 oops 0 methods 0
ciMethodData java/lang/invoke/MemberName isInvocable ()Z 2 25294 orig 80 0 0 0 0 0 0 0 0 0 0 0 0 34 2 0 0 0 0 0 0 0 0 0 0 0 0 0 0 0 0 0 0 0 0 0 0 0 0 0 0 0 0 0 0 0 0 0 0 0 0 0 0 0 0 0 0 0 0 0 0 0 0 0 0 0 0 0 0 0 0 0 0 0 0 0 0 0 0 0 0 data 16 0x40005 0x62cd 0x0 0x0 0x0 0x0 0x0 0x0 0x0 0x0 0x0 0x0 0x0 0x9 0x1 0x0 oops 0 methods 0
ciMethodData java/lang/invoke/MemberName anyFlagSet (I)Z 2 25294 orig 80 0 0 0 0 0 0 0 0 0 0 0 0 34 2 0 0 0 0 0 0 0 0 0 0 0 0 0 0 0 0 0 0 0 0 0 0 0 0 0 0 0 0 0 0 0 0 0 0 0 0 0 0 0 0 0 0 0 0 0 0 0 0 0 0 0 0 0 0 0 0 0 0 0 0 0 0 0 0 0 0 data 14 0x60007 0x230e 0x38 0x3fc0 0xa0003 0x3fc0 0x18 0x0 0x0 0x0 0x9 0x2 0x0 0x0 oops 0 methods 0
ciMethodData java/lang/invoke/MemberName allFlagsSet (I)Z 2 25174 orig 80 0 0 0 0 0 0 0 0 0 0 0 0 34 2 0 0 0 0 0 0 0 0 0 0 0 0 0 0 0 0 0 0 0 0 0 0 0 0 0 0 0 0 0 0 0 0 0 0 0 0 0 0 0 0 0 0 0 0 0 0 0 0 0 0 0 0 0 0 0 0 0 0 0 0 0 0 0 0 0 0 data 14 0x70007 0x3d25 0x38 0x2532 0xb0003 0x2532 0x18 0x0 0x0 0x0 0x9 0x2 0x0 0x0 oops 0 methods 0
ciMethodData java/lang/invoke/MethodType makeImpl (Ljava/lang/Class;[Ljava/lang/Class;Z)Ljava/lang/invoke/MethodType; 2 11979 orig 80 2 0 0 0 0 0 0 0 0 0 0 0 34 2 0 0 0 0 0 0 0 0 0 0 0 0 0 0 0 0 0 0 0 0 0 0 0 0 0 0 0 0 0 0 0 0 0 0 0 0 0 0 0 0 0 0 0 0 0 0 0 0 0 0 0 0 0 0 0 0 0 0 0 0 0 0 0 0 0 0 data 75 0x20007 0x2460 0x20 0xa6c 0x110002 0x2ecb 0x190005 0x2ecc 0x0 0x0 0x0 0x0 0x0 0x1c0104 0x0 0x0 0x222fcca3d48 0x2249 0x0 0x0 0x230007 0xc84 0x20 0x2249 0x2a0002 0xc83 0x2f0007 0x53 0x48 0xc30 0x330002 0xc30 0x3a0003 0xc31 0x80 0x400002 0x53 0x430004 0x0 0x0 0x222feeb87e0 0x53 0x0 0x0 0x480002 0x53 0x520002 0x53 0x5b0002 0xc83 0x660005 0xc83 0x0 0x0 0x0 0x0 0x0 0x690004 0x0 0x0 0x222fcca3d48 0xc86 0x0 0x0 0x0 0x0 0x0 0x0 0x0 0x0 0x9 0x3 0x0 0x0 0x0 oops 3 16 java/lang/invoke/MethodType 40 [Ljava/lang/Class; 60 java/lang/invoke/MethodType methods 0
ciMethodData java/lang/invoke/MethodType <init> (Ljava/lang/Class;[Ljava/lang/Class;)V 2 11873 orig 80 0 0 0 0 0 0 0 0 0 0 0 0 34 2 0 0 0 0 0 0 0 0 0 0 0 0 0 0 0 0 0 0 0 0 0 0 0 0 0 0 0 0 0 0 0 0 0 0 0 0 0 0 0 0 0 0 0 0 0 0 0 0 0 0 0 0 0 0 0 0 0 0 0 0 0 0 0 0 0 0 data 11 0x10002 0x2e61 0x0 0x0 0x0 0x0 0x9 0x3 0x6 0x0 0x0 oops 0 methods 0
ciMethodData java/lang/invoke/MethodType checkPtypes ([Ljava/lang/Class;)I 2 5612 orig 80 0 0 0 0 0 0 0 0 0 0 0 0 34 2 0 0 0 0 0 0 0 0 0 0 0 0 0 0 0 0 0 0 0 0 0 0 0 0 0 0 0 0 0 0 0 0 0 0 0 0 0 0 0 0 0 0 0 0 0 0 0 0 0 0 0 0 0 0 0 0 0 0 0 0 0 0 0 0 0 0 data 34 0xd0007 0x15ec 0xb8 0x2018 0x180002 0x2018 0x210007 0x2017 0x30 0x0 0x260002 0x0 0x2f0007 0xb 0x40 0x200c 0x370007 0x1e76 0x20 0x197 0x400003 0x2018 0xffffffffffffff60 0x470002 0x15ec 0x0 0x0 0x0 0x0 0x0 0x0 0x9 0x1 0x0 oops 0 methods 0
ciMethodData java/lang/invoke/MethodTypeForm findForm (Ljava/lang/invoke/MethodType;)Ljava/lang/invoke/MethodTypeForm; 2 3204 orig 80 0 0 0 0 0 0 0 0 0 0 0 0 34 2 0 0 0 0 0 0 0 0 0 0 0 0 0 0 0 0 0 0 0 0 0 0 0 0 0 0 0 0 0 0 0 0 0 0 0 0 0 0 0 0 0 0 0 0 0 0 0 0 0 0 0 0 0 0 0 0 0 0 0 0 0 0 0 0 0 0 data 24 0x20002 0xc83 0x70007 0xafd 0x30 0x187 0xf0002 0x187 0x140005 0xafd 0x0 0x0 0x0 0x0 0x0 0x0 0x0 0x0 0x0 0x0 0x0 0x9 0x1 0x0 oops 0 methods 0
ciMethodData java/lang/invoke/MethodTypeForm canonicalize (Ljava/lang/invoke/MethodType;I)Ljava/lang/invoke/MethodType; 2 3203 orig 80 0 0 0 0 0 0 0 0 0 0 0 0 34 2 0 0 0 0 0 0 0 0 0 0 0 0 0 0 0 0 0 0 0 0 0 0 0 0 0 0 0 0 0 0 0 0 0 0 0 0 0 0 0 0 0 0 0 0 0 0 0 0 0 0 0 0 0 0 0 0 0 0 0 0 0 0 0 0 0 0 data 46 0x10005 0xc84 0x0 0x0 0x0 0x0 0x0 0x70002 0xc84 0xc0005 0xc83 0x0 0x0 0x0 0x0 0x0 0x140002 0xc83 0x1a0007 0x871 0x40 0x412 0x1f0007 0x28b 0x20 0x187 0x260007 0x6af 0x20 0x44d 0x2e0007 0x871 0x20 0x28b 0x370002 0xafc 0x0 0x0 0x0 0x0 0x0 0x0 0x9 0x2 0x0 0x0 oops 0 methods 0
ciMethodData java/lang/invoke/MethodTypeForm <init> (Ljava/lang/invoke/MethodType;)V 1 391 orig 80 0 0 0 0 0 0 0 0 0 0 0 0 34 2 0 0 0 0 0 0 0 0 0 0 0 0 0 0 0 0 0 0 0 0 0 0 0 0 0 0 0 0 0 0 0 0 0 0 0 0 0 0 0 0 0 0 0 0 0 0 0 0 0 0 0 0 0 0 0 0 0 0 0 0 0 0 0 0 0 0 data 154 0x10002 0x187 0xa0005 0x187 0x0 0x0 0x0 0x0 0x0 0x260007 0x187 0x200 0x66f 0x340007 0x3e7 0x1c8 0x288 0x400002 0x288 0x470005 0x288 0x0 0x0 0x0 0x0 0x0 0x4a0007 0x197 0x20 0xf1 0x560005 0x288 0x0 0x0 0x0 0x0 0x0 0x590007 0xfa 0x108 0x18e 0x610007 0x155 0xe8 0x39 0x680007 0x6 0x90 0x33 0x6d0005 0x0 0x0 0x222feeb87e0 0x33 0x0 0x0 0x700004 0x0 0x0 0x222feeb87e0 0x33 0x0 0x0 0x7c0004 0x0 0x0 0x222fcca1548 0x39 0x0 0x0 0x800003 0x66f 0xfffffffffffffe18 0x890005 0x187 0x0 0x0 0x0 0x0 0x0 0x960007 0x80 0xa8 0x107 0xa20002 0x107 0xa90005 0x107 0x0 0x0 0x0 0x0 0x0 0xac0007 0xab 0x40 0x5c 0xb40007 0x29 0x20 0x33 0xc00007 0x33 0x88 0x154 0xc70007 0x25 0x68 0x12f 0xd30007 0x12f 0x30 0x0 0xd80002 0x0 0xf90003 0x12f 0xb0 0x1020002 0x58 0x10c0005 0x58 0x0 0x0 0x0 0x0 0x0 0x1140007 0x58 0x50 0x0 0x11a0007 0x0 0x30 0x0 0x1210002 0x0 0x0 0x0 0x0 0x0 0x0 0x0 0x0 0x0 0x0 0x0 0x0 0x0 0x0 0x9 0x2 0x0 0x0 oops 3 52 [Ljava/lang/Class; 59 [Ljava/lang/Class; 66 java/lang/Class methods 0
ciMethodData jdk/internal/util/ReferencedKeySet intern (Ljava/lang/Object;)Ljava/lang/Object; 2 3206 orig 80 0 0 0 0 0 0 0 0 0 0 0 0 34 2 0 0 0 0 0 0 0 0 0 0 0 0 0 0 0 0 0 0 0 0 0 0 0 0 0 0 0 0 0 0 0 0 0 0 0 0 0 0 0 0 0 0 0 0 0 0 0 0 0 0 0 0 0 0 0 0 0 0 0 0 0 0 0 0 0 0 data 12 0x50002 0xc87 0x0 0x0 0x0 0x0 0x0 0x0 0x9 0x2 0x0 0x0 oops 0 methods 0
ciMethodData jdk/internal/util/ReferencedKeyMap intern (Ljdk/internal/util/ReferencedKeyMap;Ljava/lang/Object;)Ljava/lang/Object; 2 3207 orig 80 0 0 0 0 0 0 0 0 0 0 0 0 34 2 0 0 0 0 0 0 0 0 0 0 0 0 0 0 0 0 0 0 0 0 0 0 0 0 0 0 0 0 0 0 0 0 0 0 0 0 0 0 0 0 0 0 0 0 0 0 0 0 0 0 0 0 0 0 0 0 0 0 0 0 0 0 0 0 0 0 data 18 0x20002 0xc87 0x70007 0xc83 0x20 0x4 0xe0002 0xc84 0x0 0x0 0x0 0x0 0x0 0x0 0x9 0x2 0x0 0x0 oops 0 methods 0
ciMethodData jdk/internal/util/ReferencedKeyMap existingKey (Ljdk/internal/util/ReferencedKeyMap;Ljava/lang/Object;)Ljava/lang/Object; 2 3206 orig 80 0 0 0 0 0 0 0 0 0 0 0 0 34 2 0 0 0 0 0 0 0 0 0 0 0 0 0 0 0 0 0 0 0 0 0 0 0 1 0 0 0 0 0 0 0 0 0 0 0 0 0 0 0 0 0 0 0 0 0 0 0 0 0 0 0 0 0 0 0 0 0 0 0 0 0 0 0 0 0 0 data 52 0x10005 0xc86 0x0 0x0 0x0 0x0 0x0 0x70005 0xc86 0x0 0x0 0x0 0x0 0x0 0xa0005 0xc87 0x0 0x0 0x0 0x0 0x0 0xd0104 0x0 0x0 0x222d7cba148 0x3 0x0 0x0 0x120007 0xc83 0x70 0x4 0x160005 0x0 0x0 0x222d7cba148 0x4 0x0 0x0 0x1b0003 0x4 0x18 0x800000020012000d 0x222d4474b60 0x0 0x0 0x0 0x0 0x9 0x2 0x0 0x0 oops 2 24 jdk/internal/util/WeakReferenceKey 35 jdk/internal/util/WeakReferenceKey methods 1 43 java/lang/invoke/MethodType makeImpl (Ljava/lang/Class;[Ljava/lang/Class;Z)Ljava/lang/invoke/MethodType;
ciMethodData jdk/internal/util/ReferencedKeyMap internKey (Ljdk/internal/util/ReferencedKeyMap;Ljava/lang/Object;)Ljava/lang/Object; 2 3203 orig 80 0 0 0 0 0 0 0 0 0 0 0 0 34 2 0 0 0 0 0 0 0 0 0 0 0 0 0 0 0 0 0 0 0 0 0 0 0 0 0 0 0 0 0 0 0 0 0 0 0 0 0 0 0 0 0 0 0 0 0 0 0 0 0 0 0 0 0 0 0 0 0 0 0 0 0 0 0 0 0 0 data 64 0x20005 0xc83 0x0 0x0 0x0 0x0 0x0 0x70005 0xc83 0x0 0x0 0x0 0x0 0x0 0x100005 0x0 0x0 0x222fcca4cb8 0xc84 0x0 0x0 0x150104 0x0 0x0 0x222d7cba148 0x7 0x0 0x0 0x1c0007 0x7 0x20 0xc7d 0x230005 0x0 0x0 0x222d7cba148 0x7 0x0 0x0 0x2a0007 0x0 0x58 0x7 0x2e0005 0x0 0x0 0x222d7cba148 0x7 0x0 0x0 0x340007 0x0 0xfffffffffffffea8 0x7 0x0 0x0 0x0 0x0 0x0 0x0 0x9 0x2 0x0 0x0 oops 4 17 java/util/concurrent/ConcurrentHashMap 24 jdk/internal/util/WeakReferenceKey 35 jdk/internal/util/WeakReferenceKey 46 jdk/internal/util/WeakReferenceKey methods 0
ciMethodData java/lang/invoke/MethodType methodType (Ljava/lang/Class;[Ljava/lang/Class;Z)Ljava/lang/invoke/MethodType; 2 11937 orig 80 1 0 0 0 0 0 0 0 0 0 0 0 34 2 0 0 0 0 0 0 0 0 0 0 0 0 0 0 0 0 0 0 0 0 0 0 0 0 0 0 0 0 0 0 0 0 0 0 0 0 0 0 0 0 0 0 0 0 0 0 0 0 0 0 0 0 0 0 0 0 0 0 0 0 0 0 0 0 0 0 data 41 0x30007 0x1bf0 0xe0 0x12b1 0xc0007 0x10c0 0x30 0x1f1 0x110002 0x1f1 0x170002 0x10c0 0x1a0007 0x150 0x80 0xf70 0x260007 0x7e 0x30 0xef2 0x2d0002 0xef2 0x350007 0x7b 0x30 0x3 0x3a0002 0x3 0x410002 0x1dbb 0x0 0x0 0x0 0x0 0x0 0x0 0x9 0x3 0x0 0x0 0x0 oops 0 methods 0
ciMethodData java/lang/invoke/MethodType genericMethodType (IZ)Ljava/lang/invoke/MethodType; 2 8134 orig 80 1 0 0 0 0 0 0 0 0 0 0 0 34 2 0 0 0 0 0 0 0 0 0 0 0 0 0 0 0 0 0 0 0 0 0 0 0 0 0 3 0 0 0 0 0 0 0 0 0 0 0 0 0 0 0 0 0 0 0 0 0 0 0 0 0 0 0 0 0 0 0 0 0 0 0 0 0 0 0 0 data 53 0x10002 0x1fc6 0x50007 0xd 0x38 0x1fb9 0x90003 0x1fb9 0x18 0x80000006001b0007 0xf 0x40 0x1fba 0x260007 0x2 0x20 0x1fb8 0x370002 0x11 0x3b0007 0xf 0x58 0x2 0x430004 0x0 0x0 0x222fcca1548 0x2 0x0 0x0 0x490002 0x11 0x530007 0xf 0x58 0x2 0x5c0004 0x0 0x0 0x222fcca3d48 0x2 0x0 0x0 0x0 0x0 0x0 0x0 0x0 0x0 0x9 0x2 0x0 0x0 oops 2 26 java/lang/Class 39 java/lang/invoke/MethodType methods 0
ciMethodData java/lang/invoke/MethodType isAllObject ([Ljava/lang/Class;I)Z 2 4295 orig 80 0 0 0 0 0 0 0 0 0 0 0 0 34 2 0 0 0 0 0 0 0 0 0 0 0 0 0 0 0 0 0 0 0 0 0 0 0 0 0 0 0 0 0 0 0 0 0 0 0 0 0 0 0 0 0 0 0 0 0 0 0 0 0 0 0 0 0 0 0 0 0 0 0 0 0 0 0 0 0 0 data 21 0x40007 0xf77 0x58 0xb13 0xc0007 0x9c3 0x20 0x150 0x140003 0x9c3 0xffffffffffffffc0 0x0 0x0 0x0 0x0 0x0 0x0 0x9 0x2 0x0 0x0 oops 0 methods 0
ciMethodData java/lang/invoke/MemberName getMethodType ()Ljava/lang/invoke/MethodType; 2 5135 orig 80 0 0 0 0 0 0 0 0 0 0 0 0 34 2 0 0 0 0 0 0 0 0 0 0 0 0 0 0 0 0 0 0 0 0 0 0 0 0 0 0 0 0 0 0 0 0 0 0 0 0 0 0 0 0 0 0 0 0 0 0 0 0 0 0 0 0 0 0 0 0 0 0 0 0 0 0 0 0 0 0 data 175 0x40007 0x140f 0x78 0x0 0x80005 0x0 0x0 0x0 0x0 0x0 0x0 0xf0007 0x0 0x20 0x0 0x150005 0x140f 0x0 0x0 0x0 0x0 0x0 0x180007 0x140f 0x30 0x0 0x1d0002 0x0 0x270004 0xffffffffffffff50 0x0 0x222fcca3d48 0x135f 0x0 0x0 0x2a0007 0xb0 0x58 0x135f 0x2e0004 0x0 0x0 0x222fcca3d48 0x135f 0x0 0x0 0x3e0004 0xffffffffffffff50 0x0 0x0 0x0 0x0 0x0 0x410007 0xb0 0xb8 0x0 0x460004 0x0 0x0 0x0 0x0 0x0 0x0 0x4c0005 0x0 0x0 0x0 0x0 0x0 0x0 0x4f0002 0x0 0x5a0003 0x0 0x128 0x650004 0x0 0x0 0x222d7122cb0 0xb0 0x0 0x0 0x680007 0x0 0xd8 0xb0 0x6d0004 0x0 0x0 0x222d7122cb0 0xb0 0x0 0x0 0x740004 0x0 0x0 0x222feeb87e0 0xb0 0x0 0x0 0x7c0004 0x0 0x0 0x222fcca1548 0xb0 0x0 0x0 0x860002 0xb0 0x940007 0xb0 0x140 0x0 0x9b0004 0x0 0x0 0x0 0x0 0x0 0x0 0x9e0007 0x0 0xe8 0x0 0xa90002 0x0 0xae0005 0x0 0x0 0x0 0x0 0x0 0x0 0xb50005 0x0 0x0 0x0 0x0 0x0 0x0 0xb80005 0x0 0x0 0x0 0x0 0x0 0x0 0xbb0002 0x0 0xc10003 0xb0 0x18 0xcf0004 0x0 0x0 0x222fcca3d48 0xb0 0x0 0x0 0x0 0x0 0x0 0x0 0x0 0x0 0x0 0x0 0x0 0x0 0x0 0x0 0x9 0x1 0x0 oops 7 31 java/lang/invoke/MethodType 42 java/lang/invoke/MethodType 79 [Ljava/lang/Object; 90 [Ljava/lang/Object; 97 [Ljava/lang/Class; 104 java/lang/Class 156 java/lang/invoke/MethodType methods 0
ciMethodData java/lang/invoke/MemberName getReferenceKind ()B 2 34289 orig 80 0 0 0 0 0 0 0 0 0 0 0 0 34 2 0 0 0 0 0 0 0 0 0 0 0 0 0 0 0 0 0 0 0 0 0 0 0 0 0 0 0 0 0 0 0 0 0 0 0 0 0 0 0 0 0 0 0 0 0 0 0 0 0 0 0 0 0 0 0 0 0 0 0 0 0 0 0 0 0 0 data 6 0x0 0x0 0x0 0x9 0x1 0x0 oops 0 methods 0
ciMethodData java/lang/invoke/MemberName isConstructor ()Z 2 11049 orig 80 0 0 0 0 0 0 0 0 0 0 0 0 34 2 0 0 0 0 0 0 0 0 0 0 0 0 0 0 0 0 0 0 0 0 0 0 0 0 0 0 0 0 0 0 0 0 0 0 0 0 0 0 0 0 0 0 0 0 0 0 0 0 0 0 0 0 0 0 0 0 0 0 0 0 0 0 0 0 0 0 data 16 0x40005 0x2b29 0x0 0x0 0x0 0x0 0x0 0x0 0x0 0x0 0x0 0x0 0x0 0x9 0x1 0x0 oops 0 methods 0
ciMethodData java/lang/ref/Reference <init> (Ljava/lang/Object;Ljava/lang/ref/ReferenceQueue;)V 2 61312 orig 80 0 0 0 0 0 0 0 0 0 0 0 0 34 2 0 0 0 0 0 0 0 0 0 0 0 0 0 0 0 0 0 0 0 0 0 0 0 0 0 0 0 0 0 0 0 0 0 0 0 0 0 0 0 0 0 0 0 0 0 0 0 0 0 0 0 0 0 0 0 0 0 0 0 0 0 0 0 0 0 0 data 20 0x10002 0xef80 0xb0007 0xcc64 0x38 0x231c 0x110003 0x231c 0x18 0x0 0x0 0x0 0x0 0x0 0x0 0x9 0x3 0x6 0x0 0x0 oops 0 methods 0
ciMethodData java/lang/invoke/MethodTypeForm canonicalizeAll ([Ljava/lang/Class;I)[Ljava/lang/Class; 2 3091 orig 80 0 0 0 0 0 0 0 0 0 0 0 0 34 2 0 0 0 0 0 0 0 0 0 0 0 0 0 0 0 0 0 0 0 0 0 0 0 0 0 0 0 0 0 0 0 0 0 0 0 0 0 0 0 0 0 0 0 0 0 0 0 0 0 0 0 0 0 0 0 0 0 0 0 0 0 0 0 0 0 0 data 52 0xb0007 0xc12 0x150 0x18b4 0x130002 0x18b4 0x1a0007 0xc21 0x108 0xc93 0x220007 0x0 0xe8 0xc93 0x260007 0x467 0x90 0x82c 0x2a0005 0x0 0x0 0x222feeb87e0 0x82c 0x0 0x0 0x2d0004 0x0 0x0 0x222feeb87e0 0x82c 0x0 0x0 0x360004 0x0 0x0 0x222fcca1548 0xc92 0x0 0x0 0x3a0003 0x18b2 0xfffffffffffffec8 0x0 0x0 0x0 0x0 0x0 0x0 0x9 0x2 0x0 0x0 oops 3 21 [Ljava/lang/Class; 28 [Ljava/lang/Class; 35 java/lang/Class methods 0
ciMethodData jdk/internal/util/ReferencedKeyMap entryKey (Ljava/lang/Object;)Ljdk/internal/util/ReferenceKey; 2 3073 orig 80 0 0 0 0 0 0 0 0 0 0 0 0 34 2 0 0 0 0 0 0 0 0 0 0 0 0 0 0 0 0 0 0 0 0 0 0 0 0 0 0 0 0 0 0 0 0 0 0 0 0 0 0 0 0 0 0 0 0 0 0 0 0 0 0 0 0 0 0 0 0 0 0 0 0 0 0 0 0 0 0 data 16 0x40007 0xc01 0x30 0x0 0x100002 0x0 0x1d0002 0xc00 0x0 0x0 0x0 0x0 0x9 0x2 0x0 0x0 oops 0 methods 0
ciMethodData jdk/internal/util/WeakReferenceKey <init> (Ljava/lang/Object;Ljava/lang/ref/ReferenceQueue;)V 2 3072 orig 80 0 0 0 0 0 0 0 0 0 0 0 0 34 2 0 0 0 0 0 0 0 0 0 0 0 0 0 0 0 0 0 0 0 0 0 0 0 0 0 0 0 0 0 0 0 0 0 0 0 0 0 0 0 0 0 0 0 0 0 0 0 0 0 0 0 0 0 0 0 0 0 0 0 0 0 0 0 0 0 0 data 15 0x30002 0xc01 0x80002 0xc01 0x0 0x0 0x0 0x0 0x0 0x0 0x9 0x3 0x1e 0x0 0x0 oops 0 methods 0
ciMethodData java/lang/ref/WeakReference <init> (Ljava/lang/Object;Ljava/lang/ref/ReferenceQueue;)V 2 43477 orig 80 0 0 0 0 0 0 0 0 0 0 0 0 34 2 0 0 0 0 0 0 0 0 0 0 0 0 0 0 0 0 0 0 0 0 0 0 0 0 0 0 0 0 0 0 0 0 0 0 0 0 0 0 0 0 0 0 0 0 0 0 0 0 0 0 0 0 0 0 0 0 0 0 0 0 0 0 0 0 0 0 data 9 0x30002 0xa9d4 0x0 0x0 0x9 0x3 0x6 0x0 0x0 oops 0 methods 0
ciMethodData java/lang/reflect/Modifier isStatic (I)Z 2 37160 orig 80 0 0 0 0 0 0 0 0 0 0 0 0 34 2 0 0 0 0 0 0 0 0 0 0 0 0 0 0 0 0 0 0 0 0 0 0 0 0 0 0 0 0 0 0 0 0 0 0 0 0 0 0 0 0 0 0 0 0 0 0 0 0 0 0 0 0 0 0 0 0 0 0 0 0 0 0 0 0 0 0 data 11 0x40007 0x47c7 0x38 0x4961 0x80003 0x4961 0x18 0x0 0x9 0x1 0x0 oops 0 methods 0
ciMethodData java/lang/invoke/MemberName isStatic ()Z 2 18197 orig 80 0 0 0 0 0 0 0 0 0 0 0 0 34 2 0 0 0 0 0 0 0 0 0 0 0 0 0 0 0 0 0 0 0 0 0 0 0 0 0 0 0 0 0 0 0 0 0 0 0 0 0 0 0 0 0 0 0 0 0 0 0 0 0 0 0 0 0 0 0 0 0 0 0 0 0 0 0 0 0 0 data 11 0x40002 0x4715 0x0 0x0 0x0 0x0 0x0 0x0 0x9 0x1 0x0 oops 0 methods 0
ciMethodData java/lang/invoke/MemberName getMethodOrFieldType ()Ljava/lang/invoke/MethodType; 2 6157 orig 80 0 0 0 0 0 0 0 0 0 0 0 0 34 2 0 0 0 0 0 0 0 0 0 0 0 0 0 0 0 0 0 0 0 0 0 0 0 0 0 0 0 0 0 0 0 0 0 0 0 0 0 0 0 0 0 0 0 0 0 0 0 0 0 0 0 0 0 0 0 0 0 0 0 0 0 0 0 0 0 0 data 92 0x10005 0x180d 0x0 0x0 0x0 0x0 0x0 0x40007 0xd38 0x58 0xad5 0x80005 0xad5 0x0 0x0 0x0 0x0 0x0 0xd0005 0xd38 0x0 0x0 0x0 0x0 0x0 0x100007 0x597 0x68 0x7a1 0x140005 0x7a1 0x0 0x0 0x0 0x0 0x0 0x170002 0x7a1 0x1c0005 0x597 0x0 0x0 0x0 0x0 0x0 0x1f0007 0x0 0x68 0x597 0x260005 0x597 0x0 0x0 0x0 0x0 0x0 0x290002 0x597 0x350002 0x0 0x3a0005 0x0 0x0 0x0 0x0 0x0 0x0 0x3e0005 0x0 0x0 0x0 0x0 0x0 0x0 0x410005 0x0 0x0 0x0 0x0 0x0 0x0 0x440002 0x0 0x0 0x0 0x0 0x0 0x0 0x0 0x9 0x1 0xffffffffffffffff oops 0 methods 0
ciMethodData java/lang/invoke/MemberName isGetter ()Z 2 3384 orig 80 0 0 0 0 0 0 0 0 0 0 0 0 34 2 0 0 0 0 0 0 0 0 0 0 0 0 0 0 0 0 0 0 0 0 0 0 0 0 0 0 0 0 0 0 0 0 0 0 0 0 0 0 0 0 0 0 0 0 0 0 0 0 0 0 0 0 0 0 0 0 0 0 0 0 0 0 0 0 0 0 data 18 0x10005 0xd38 0x0 0x0 0x0 0x0 0x0 0x40002 0xd38 0x0 0x0 0x0 0x0 0x0 0x0 0x9 0x1 0x0 oops 0 methods 0
ciMethodData java/lang/invoke/MethodHandleNatives refKindIsGetter (B)Z 2 4821 orig 80 0 0 0 0 0 0 0 0 0 0 0 0 34 2 0 0 0 0 0 0 0 0 0 0 0 0 0 0 0 0 0 0 0 0 0 0 0 0 0 0 0 0 0 0 0 0 0 0 0 0 0 0 0 0 0 0 0 0 0 0 0 0 0 0 0 0 0 0 0 0 0 0 0 0 0 0 0 0 0 0 data 28 0x30007 0x12d5 0x60 0x0 0x70002 0x0 0xa0007 0x0 0x30 0x0 0x110002 0x0 0x170007 0xb2e 0x38 0x7a7 0x1b0003 0x7a7 0x18 0x0 0x0 0x0 0x0 0x0 0x0 0x9 0x1 0x0 oops 0 methods 0
ciMethodData java/lang/invoke/MemberName getFieldType ()Ljava/lang/Class; 2 5182 orig 80 0 0 0 0 0 0 0 0 0 0 0 0 34 2 0 0 0 0 0 0 0 0 0 0 0 0 0 0 0 0 0 0 0 0 0 0 0 0 0 0 0 0 0 0 0 0 0 0 0 0 0 0 0 0 0 0 0 0 0 0 0 0 0 0 0 0 0 0 0 0 0 0 0 0 0 0 0 0 0 0 data 166 0x40007 0x143e 0x78 0x0 0x80005 0x0 0x0 0x0 0x0 0x0 0x0 0xf0007 0x0 0x20 0x0 0x150005 0x143e 0x0 0x0 0x0 0x0 0x0 0x180007 0x143e 0x30 0x0 0x1d0002 0x0 0x270004 0x0 0x0 0x222fcca1548 0x143e 0x0 0x0 0x2a0007 0x0 0x58 0x143e 0x2e0004 0x0 0x0 0x222fcca1548 0x143e 0x0 0x0 0x3c0004 0x0 0x0 0x0 0x0 0x0 0x0 0x3f0007 0x0 0x190 0x0 0x430004 0x0 0x0 0x0 0x0 0x0 0x0 0x4b0002 0x0 0x500005 0x0 0x0 0x0 0x0 0x0 0x0 0x540005 0x0 0x0 0x0 0x0 0x0 0x0 0x570005 0x0 0x0 0x0 0x0 0x0 0x0 0x5b0005 0x0 0x0 0x0 0x0 0x0 0x0 0x5e0002 0x0 0x630005 0x0 0x0 0x0 0x0 0x0 0x0 0x710007 0x0 0x140 0x0 0x780004 0x0 0x0 0x0 0x0 0x0 0x0 0x7b0007 0x0 0xe8 0x0 0x860002 0x0 0x8b0005 0x0 0x0 0x0 0x0 0x0 0x0 0x920005 0x0 0x0 0x0 0x0 0x0 0x0 0x950005 0x0 0x0 0x0 0x0 0x0 0x0 0x980002 0x0 0x9e0003 0x0 0x18 0xac0004 0x0 0x0 0x0 0x0 0x0 0x0 0x0 0x0 0x0 0x0 0x0 0x0 0x0 0x0 0x0 0x0 0x9 0x1 0x0 oops 2 31 java/lang/Class 42 java/lang/Class methods 0
ciMethodData java/lang/invoke/MethodType methodType (Ljava/lang/Class;)Ljava/lang/invoke/MethodType; 2 3913 orig 80 0 0 0 0 0 0 0 0 0 0 0 0 34 2 0 0 0 0 0 0 0 0 0 0 0 0 0 0 0 0 0 0 0 0 0 0 0 0 0 0 0 0 0 0 0 0 0 0 0 0 0 0 0 0 0 0 0 0 0 0 0 0 0 0 0 0 0 0 0 0 0 0 0 0 0 0 0 0 0 0 data 17 0x30007 0x611 0x30 0x938 0x80002 0x938 0x110002 0x611 0x0 0x0 0x0 0x0 0x0 0x0 0x9 0x1 0x0 oops 0 methods 0
ciMethodData java/lang/invoke/MemberName isSetter ()Z 2 1431 orig 80 0 0 0 0 0 0 0 0 0 0 0 0 34 2 0 0 0 0 0 0 0 0 0 0 0 0 0 0 0 0 0 0 0 0 0 0 0 0 0 0 0 0 0 0 0 0 0 0 0 0 0 0 0 0 0 0 0 0 0 0 0 0 0 0 0 0 0 0 0 0 0 0 0 0 0 0 0 0 0 0 data 18 0x10005 0x597 0x0 0x0 0x0 0x0 0x0 0x40002 0x597 0x0 0x0 0x0 0x0 0x0 0x0 0x9 0x1 0x0 oops 0 methods 0
ciMethodData java/lang/invoke/MethodHandleNatives refKindIsSetter (B)Z 2 1444 orig 80 0 0 0 0 0 0 0 0 0 0 0 0 34 2 0 0 0 0 0 0 0 0 0 0 0 0 0 0 0 0 0 0 0 0 0 0 0 0 0 0 0 0 0 0 0 0 0 0 0 0 0 0 0 0 0 0 0 0 0 0 0 0 0 0 0 0 0 0 0 0 0 0 0 0 0 0 0 0 0 0 data 24 0x10002 0x5a4 0x40007 0x7 0x68 0x59d 0x80002 0x59d 0xb0007 0x6 0x38 0x597 0xf0003 0x597 0x18 0x0 0x0 0x0 0x0 0x0 0x0 0x9 0x1 0x0 oops 0 methods 0
ciMethodData java/lang/invoke/MethodHandleNatives refKindIsField (B)Z 2 5807 orig 80 0 0 0 0 0 0 0 0 0 0 0 0 34 2 0 0 0 0 0 0 0 0 0 0 0 0 0 0 0 0 0 0 0 0 0 0 0 0 0 0 0 0 0 0 0 0 0 0 0 0 0 0 0 0 0 0 0 0 0 0 0 0 0 0 0 0 0 0 0 0 0 0 0 0 0 0 0 0 0 0 data 28 0x30007 0x16ae 0x60 0x0 0x70002 0x0 0xa0007 0x0 0x30 0x0 0x110002 0x0 0x170007 0x1107 0x38 0x5a7 0x1b0003 0x5a7 0x18 0x0 0x0 0x0 0x0 0x0 0x0 0x9 0x1 0x0 oops 0 methods 0
ciMethodData java/lang/invoke/MethodType parameterSlotCount ()I 2 11880 orig 80 0 0 0 0 0 0 0 0 0 0 0 0 34 2 0 0 0 0 0 0 0 0 0 0 0 0 0 0 0 0 0 0 0 0 0 0 0 0 0 0 0 0 0 0 0 0 0 0 0 0 0 0 0 0 0 0 0 0 0 0 0 0 0 0 0 0 0 0 0 0 0 0 0 0 0 0 0 0 0 0 data 16 0x40005 0x2e68 0x0 0x0 0x0 0x0 0x0 0x0 0x0 0x0 0x0 0x0 0x0 0x9 0x1 0x0 oops 0 methods 0
ciMethodData java/lang/invoke/MethodType insertParameterTypes (I[Ljava/lang/Class;)Ljava/lang/invoke/MethodType; 2 4661 orig 80 0 0 0 0 0 0 0 0 0 0 0 0 34 2 0 0 0 0 0 0 0 0 0 0 0 0 0 0 0 0 0 0 0 0 0 0 0 0 0 0 0 0 0 0 0 0 0 0 0 0 0 0 0 0 0 0 0 0 0 0 0 0 0 0 0 0 0 0 0 0 0 0 0 0 0 0 0 0 0 0 data 54 0x70007 0x0 0x40 0x1235 0xc0007 0x1235 0x40 0x0 0x100002 0x0 0x130002 0x0 0x180002 0x1235 0x1e0005 0x1235 0x0 0x0 0x0 0x0 0x0 0x270002 0x1235 0x300007 0x1235 0x20 0x0 0x3f0007 0x10d4 0x30 0x161 0x4b0002 0x161 0x550002 0x1235 0x5a0007 0x949 0x30 0x8ec 0x6b0002 0x8ec 0x750002 0x1235 0x0 0x0 0x0 0x0 0x0 0x0 0x9 0x3 0x0 0x0 0x0 oops 0 methods 0
ciMethod java/lang/invoke/DirectMethodHandle$Special <init> (Ljava/lang/invoke/MethodType;Ljava/lang/invoke/LambdaForm;Ljava/lang/invoke/MemberName;ZLjava/lang/Class;)V 26 0 111 0 0
ciMethodData java/util/Arrays fill ([Ljava/lang/Object;Ljava/lang/Object;)V 1 482 orig 80 0 0 0 0 0 0 0 0 0 0 0 0 34 2 0 0 0 0 0 0 0 0 0 0 0 0 0 0 0 0 0 0 0 0 0 0 0 0 0 0 0 0 0 0 0 0 0 0 0 0 0 0 0 0 0 0 0 0 0 0 0 0 0 0 0 0 0 0 0 0 0 0 0 0 0 0 0 0 0 0 data 24 0x70007 0x1e2 0x70 0x204 0xd0104 0x0 0x0 0x222fcca1548 0xaa 0x222d48cffd0 0x124 0x110003 0x204 0xffffffffffffffa8 0x0 0x0 0x0 0x0 0x0 0x0 0x9 0x2 0xffffffffffffffff 0x0 oops 2 7 java/lang/Class 9 sun/reflect/annotation/AnnotatedTypeFactory$AnnotatedTypeBaseImpl methods 0
ciMethodData java/lang/ref/Reference clear ()V 2 15310 orig 80 0 0 0 0 0 0 0 0 0 0 0 0 34 2 0 0 0 0 0 0 0 0 0 0 0 0 0 0 0 0 0 0 0 0 0 0 0 0 0 0 0 0 0 0 0 0 0 0 0 0 0 0 0 0 0 0 0 0 0 0 0 0 0 0 0 0 0 0 0 0 0 0 0 0 0 0 0 0 0 0 data 16 0x10005 0x3bce 0x0 0x0 0x0 0x0 0x0 0x0 0x0 0x0 0x0 0x0 0x0 0x9 0x1 0x0 oops 0 methods 0
ciMethodData java/lang/invoke/DirectMethodHandle preparedLambdaForm (Ljava/lang/invoke/MemberName;)Ljava/lang/invoke/LambdaForm; 2 2018 orig 80 0 0 0 0 0 0 0 0 0 0 0 0 34 2 0 0 0 0 0 0 0 0 0 0 0 0 0 0 0 0 0 0 0 0 0 0 0 0 0 0 0 0 0 0 0 0 0 0 0 0 0 0 0 0 0 0 0 0 0 0 0 0 0 0 0 0 0 0 0 0 0 0 0 0 0 0 0 0 0 0 data 11 0x20002 0x7e2 0x0 0x0 0x0 0x0 0x0 0x0 0x9 0x1 0x0 oops 0 methods 0
ciMethodData java/util/concurrent/ConcurrentHashMap replaceNode (Ljava/lang/Object;Ljava/lang/Object;Ljava/lang/Object;)Ljava/lang/Object; 2 5391 orig 80 1 0 0 0 0 0 0 0 0 0 0 0 34 2 0 0 0 0 0 0 0 0 0 4 0 0 0 0 0 0 0 0 0 0 0 0 0 0 0 0 0 0 0 0 0 0 0 0 0 0 0 0 0 0 0 0 0 0 0 0 0 0 0 0 0 0 0 0 0 0 0 0 0 0 0 0 0 0 0 0 data 258 0x10005 0x4e0 0x0 0x222fcca2768 0x1 0x222fcca14b8 0x102e 0x40002 0x150f 0x110007 0xd 0x758 0x1503 0x1a0007 0x0 0x738 0x1504 0x290002 0x1503 0x2f0007 0x1472 0x38 0x91 0x320003 0x91 0x6e8 0x3e0007 0x1472 0x70 0x0 0x460005 0x0 0x0 0x0 0x0 0x0 0x0 0x4b0003 0x0 0x660 0x5e0002 0x1474 0x630007 0x0 0x588 0x1474 0x680007 0x0 0x278 0x1474 0x7c0007 0x242 0x208 0x1454 0x880007 0x13e3 0x98 0x73 0x8d0007 0x0 0x1c8 0x73 0x8000000700930005 0x60 0x0 0x222fcca14b8 0x6 0x222fcca5858 0x11 0x960007 0x0 0x170 0x77 0xa10007 0x422 0xb8 0x1034 0xa70007 0x1033 0x98 0x1 0xac0007 0x0 0x148 0x1 0xb20005 0x0 0x0 0x222d68e1db0 0x1 0x0 0x0 0xb50007 0x1 0xf0 0x0 0xbd0007 0x1427 0x38 0x2d 0xc60003 0x2d 0xb0 0xcb0007 0x1277 0x38 0x1b2 0xd80003 0x1b4 0x78 0xe40002 0x1277 0xe70003 0x1278 0x50 0xf60007 0x223 0xfffffffffffffdf8 0x1f 0xf90003 0x1f 0x18 0xfc0003 0x1476 0x308 0x1010004 0x0 0x0 0x0 0x0 0x0 0x0 0x1040007 0x0 0x250 0x0 0x10c0004 0x0 0x0 0x0 0x0 0x0 0x0 0x1190007 0x0 0x1e0 0x0 0x1220005 0x0 0x0 0x0 0x0 0x0 0x0 0x1280007 0x0 0x188 0x0 0x1330007 0x0 0xb8 0x0 0x1390007 0x0 0x98 0x0 0x13e0007 0x0 0x128 0x0 0x1440005 0x0 0x0 0x0 0x0 0x0 0x0 0x1470007 0x0 0xd0 0x0 0x14f0007 0x0 0x38 0x0 0x1580003 0x0 0x90 0x15f0005 0x0 0x0 0x0 0x0 0x0 0x0 0x1620007 0x0 0x40 0x0 0x16e0002 0x0 0x1710002 0x0 0x1740003 0x0 0x80 0x1790004 0x0 0x0 0x0 0x0 0x0 0x0 0x17c0007 0x0 0x30 0x0 0x1850002 0x0 0x18c0003 0x1477 0x18 0x1990007 0x0 0x98 0x1477 0x19e0007 0x20 0x90 0x1458 0x1a20007 0x2d 0x58 0x142c 0x1aa0005 0x142c 0x0 0x0 0x0 0x0 0x0 0x1b00003 0x0 0xfffffffffffff8c0 0x0 0x0 0x0 0x0 0x0 0x0 0x0 0x0 0x9 0x4 0x0 0x0 0x0 0x0 oops 5 3 java/lang/Thread 5 java/lang/String 65 java/lang/String 67 java/lang/Long 88 org/eclipse/osgi/internal/container/KeyBasedLockStore$LockWeakRef methods 0
ciMethodData java/util/concurrent/ConcurrentHashMap remove (Ljava/lang/Object;)Ljava/lang/Object; 1 772 orig 80 0 0 0 0 0 0 0 0 0 0 0 0 34 2 0 0 0 0 0 0 0 0 0 0 0 0 0 0 0 0 0 0 0 0 0 0 0 0 0 0 0 0 0 0 0 0 0 0 0 0 0 0 0 0 0 0 0 0 0 0 0 0 0 0 0 0 0 0 0 0 0 0 0 0 0 0 0 0 0 0 data 17 0x40005 0x304 0x0 0x0 0x0 0x0 0x0 0x0 0x0 0x0 0x0 0x0 0x0 0x9 0x2 0x0 0x0 oops 0 methods 0
ciMethodData java/lang/invoke/DirectMethodHandle make (BLjava/lang/Class;Ljava/lang/invoke/MemberName;Ljava/lang/Class;)Ljava/lang/invoke/DirectMethodHandle; 2 5120 orig 80 0 0 0 0 0 0 0 0 0 0 0 0 34 2 0 0 0 0 0 0 0 0 0 0 0 0 0 0 0 0 0 0 0 0 0 0 0 0 0 0 0 0 0 0 0 0 0 0 0 0 0 0 0 0 0 0 0 0 0 0 0 0 0 0 0 0 0 0 0 0 0 0 0 0 0 0 0 0 0 0 data 175 0x10005 0x1400 0x0 0x0 0x0 0x0 0x0 0x70005 0x1400 0x0 0x0 0x0 0x0 0x0 0xa0007 0xdc6 0x1c0 0x63a 0xe0005 0x63a 0x0 0x0 0x0 0x0 0x0 0x120005 0x63a 0x0 0x0 0x0 0x0 0x0 0x150007 0x0 0x78 0x63a 0x190005 0x63a 0x0 0x0 0x0 0x0 0x0 0x1c0007 0x63a 0x68 0x0 0x240005 0x0 0x0 0x0 0x0 0x0 0x0 0x270002 0x0 0x350004 0x0 0x0 0x222fcca1548 0x63a 0x0 0x0 0x360005 0x63a 0x0 0x0 0x0 0x0 0x0 0x3c0005 0x13ff 0x0 0x0 0x0 0x0 0x0 0x3f0007 0x1091 0x1a8 0x36e 0x430008 0x6 0x2e0 0x150 0x62 0x40 0x2c 0x118 0x5d0005 0x62 0x0 0x0 0x0 0x0 0x0 0x620007 0x62 0x30 0x0 0x6b0002 0x0 0x710005 0x62 0x0 0x0 0x0 0x0 0x0 0x740002 0x62 0x840002 0x62 0x870003 0x62 0x88 0x8c0002 0x2c 0x9c0002 0x2c 0x9f0003 0x2c 0x50 0xa30002 0x2e0 0xb20002 0x2e0 0xb50003 0x2e0 0x18 0xba0002 0x1091 0xc00005 0x1091 0x0 0x0 0x0 0x0 0x0 0xc30007 0x4bb 0x50 0xbd6 0xc70002 0xbd6 0xcd0002 0xbd6 0xe00002 0xbd6 0xe50002 0x4bb 0xed0007 0x4bb 0x50 0x0 0xf70007 0x0 0x30 0x0 0xfe0002 0x0 0x10f0002 0x4bb 0x0 0x0 0x0 0x0 0x0 0x0 0x9 0x4 0x0 0x0 0x0 0x0 oops 1 59 java/lang/Class methods 0
ciMethod java/lang/invoke/DirectMethodHandle$StaticAccessor <init> (Ljava/lang/invoke/MethodType;Ljava/lang/invoke/LambdaForm;Ljava/lang/invoke/MemberName;ZLjava/lang/Object;J)V 1024 0 4638 0 0
compile java/lang/invoke/DirectMethodHandle make (BLjava/lang/Class;Ljava/lang/invoke/MemberName;Ljava/lang/Class;)Ljava/lang/invoke/DirectMethodHandle; -1 4 inline 199 0 -1 0 java/lang/invoke/DirectMethodHandle make (BLjava/lang/Class;Ljava/lang/invoke/MemberName;Ljava/lang/Class;)Ljava/lang/invoke/DirectMethodHandle; 1 1 0 java/lang/invoke/MemberName getMethodOrFieldType ()Ljava/lang/invoke/MethodType; 2 1 0 java/lang/invoke/MemberName isInvocable ()Z 3 4 0 java/lang/invoke/MemberName anyFlagSet (I)Z 2 8 0 java/lang/invoke/MemberName getMethodType ()Ljava/lang/invoke/MethodType; 3 21 0 java/lang/invoke/MemberName isInvocable ()Z 4 4 0 java/lang/invoke/MemberName anyFlagSet (I)Z 2 13 0 java/lang/invoke/MemberName isGetter ()Z 3 1 0 java/lang/invoke/MemberName getReferenceKind ()B 3 4 0 java/lang/invoke/MethodHandleNatives refKindIsGetter (B)Z 2 20 0 java/lang/invoke/MemberName getFieldType ()Ljava/lang/Class; 3 21 0 java/lang/invoke/MemberName isInvocable ()Z 4 4 0 java/lang/invoke/MemberName anyFlagSet (I)Z 2 23 0 java/lang/invoke/MethodType methodType (Ljava/lang/Class;)Ljava/lang/invoke/MethodType; 3 8 0 java/lang/invoke/MethodType genericMethodType (IZ)Ljava/lang/invoke/MethodType; 4 1 0 java/lang/invoke/MethodType checkSlotCount (I)V 3 17 0 java/lang/invoke/MethodType makeImpl (Ljava/lang/Class;[Ljava/lang/Class;Z)Ljava/lang/invoke/MethodType; 4 17 0 java/lang/invoke/MethodType <init> (Ljava/lang/Class;[Ljava/lang/Class;)V 5 1 0 java/lang/Object <init> ()V 4 42 0 java/util/Objects requireNonNull (Ljava/lang/Object;)Ljava/lang/Object; 4 51 0 java/lang/invoke/MethodType checkPtypes ([Ljava/lang/Class;)I 5 71 0 java/lang/invoke/MethodType checkSlotCount (I)V 4 91 0 java/lang/invoke/MethodTypeForm findForm (Ljava/lang/invoke/MethodType;)Ljava/lang/invoke/MethodTypeForm; 5 2 0 java/lang/invoke/MethodTypeForm canonicalize (Ljava/lang/invoke/MethodType;I)Ljava/lang/invoke/MethodType; 6 1 0 java/lang/invoke/MethodType ptypes ()[Ljava/lang/Class; 6 7 0 java/lang/invoke/MethodTypeForm canonicalizeAll ([Ljava/lang/Class;I)[Ljava/lang/Class; 7 19 0 java/lang/invoke/MethodTypeForm canonicalize (Ljava/lang/Class;I)Ljava/lang/Class; 6 12 0 java/lang/invoke/MethodType returnType ()Ljava/lang/Class; 6 20 0 java/lang/invoke/MethodTypeForm canonicalize (Ljava/lang/Class;I)Ljava/lang/Class; 6 55 0 java/lang/invoke/MethodType methodType (Ljava/lang/Class;[Ljava/lang/Class;Z)Ljava/lang/invoke/MethodType; 7 23 0 java/lang/invoke/MethodType isAllObject ([Ljava/lang/Class;I)Z 7 45 0 java/lang/invoke/MethodType genericMethodType (IZ)Ljava/lang/invoke/MethodType; 8 1 0 java/lang/invoke/MethodType checkSlotCount (I)V 7 65 0 java/lang/invoke/MethodType makeImpl (Ljava/lang/Class;[Ljava/lang/Class;Z)Ljava/lang/invoke/MethodType; 8 17 0 java/lang/invoke/MethodType <init> (Ljava/lang/Class;[Ljava/lang/Class;)V 9 1 0 java/lang/Object <init> ()V 8 42 0 java/util/Objects requireNonNull (Ljava/lang/Object;)Ljava/lang/Object; 8 51 0 java/lang/invoke/MethodType checkPtypes ([Ljava/lang/Class;)I 9 24 0 java/util/Objects requireNonNull (Ljava/lang/Object;)Ljava/lang/Object; 9 71 0 java/lang/invoke/MethodType checkSlotCount (I)V 8 91 0 java/lang/invoke/MethodTypeForm findForm (Ljava/lang/invoke/MethodType;)Ljava/lang/invoke/MethodTypeForm; 9 2 0 java/lang/invoke/MethodTypeForm canonicalize (Ljava/lang/invoke/MethodType;I)Ljava/lang/invoke/MethodType; 10 1 0 java/lang/invoke/MethodType ptypes ()[Ljava/lang/Class; 10 7 0 java/lang/invoke/MethodTypeForm canonicalizeAll ([Ljava/lang/Class;I)[Ljava/lang/Class; 11 19 0 java/lang/invoke/MethodTypeForm canonicalize (Ljava/lang/Class;I)Ljava/lang/Class; 10 12 0 java/lang/invoke/MethodType returnType ()Ljava/lang/Class; 10 20 0 java/lang/invoke/MethodTypeForm canonicalize (Ljava/lang/Class;I)Ljava/lang/Class; 10 55 0 java/lang/invoke/MethodType methodType (Ljava/lang/Class;[Ljava/lang/Class;Z)Ljava/lang/invoke/MethodType; 11 23 0 java/lang/invoke/MethodType isAllObject ([Ljava/lang/Class;I)Z 11 45 0 java/lang/invoke/MethodType genericMethodType (IZ)Ljava/lang/invoke/MethodType; 12 1 0 java/lang/invoke/MethodType checkSlotCount (I)V 9 15 0 java/lang/invoke/MethodTypeForm <init> (Ljava/lang/invoke/MethodType;)V 10 1 0 java/lang/Object <init> ()V 10 10 0 java/lang/invoke/MethodType ptypes ()[Ljava/lang/Class; 10 137 0 java/lang/invoke/MethodType returnType ()Ljava/lang/Class; 10 268 0 java/lang/invoke/MethodType form ()Ljava/lang/invoke/MethodTypeForm; 9 20 0 java/lang/invoke/MethodType form ()Ljava/lang/invoke/MethodTypeForm; 8 102 0 jdk/internal/util/ReferencedKeySet intern (Ljava/lang/Object;)Ljava/lang/Object; 9 5 0 jdk/internal/util/ReferencedKeyMap intern (Ljdk/internal/util/ReferencedKeyMap;Ljava/lang/Object;)Ljava/lang/Object; 10 2 0 jdk/internal/util/ReferencedKeyMap existingKey (Ljdk/internal/util/ReferencedKeyMap;Ljava/lang/Object;)Ljava/lang/Object; 11 1 0 jdk/internal/util/ReferencedKeyMap removeStaleReferences ()V 12 4 0 java/lang/ref/NativeReferenceQueue poll ()Ljava/lang/ref/Reference; 13 1 0 java/lang/ref/ReferenceQueue headIsNull ()Z 12 20 0 java/util/concurrent/ConcurrentHashMap remove (Ljava/lang/Object;)Ljava/lang/Object; 11 7 0 jdk/internal/util/ReferencedKeyMap lookupKey (Ljava/lang/Object;)Ljdk/internal/util/ReferenceKey; 12 5 0 jdk/internal/util/StrongReferenceKey <init> (Ljava/lang/Object;)V 13 1 0 java/lang/Object <init> ()V 10 14 0 jdk/internal/util/ReferencedKeyMap internKey (Ljdk/internal/util/ReferencedKeyMap;Ljava/lang/Object;)Ljava/lang/Object; 11 2 0 jdk/internal/util/ReferencedKeyMap entryKey (Ljava/lang/Object;)Ljdk/internal/util/ReferenceKey; 12 29 0 jdk/internal/util/WeakReferenceKey <init> (Ljava/lang/Object;Ljava/lang/ref/ReferenceQueue;)V 13 3 0 java/lang/ref/WeakReference <init> (Ljava/lang/Object;Ljava/lang/ref/ReferenceQueue;)V 14 3 0 java/lang/ref/Reference <init> (Ljava/lang/Object;Ljava/lang/ref/ReferenceQueue;)V 15 1 0 java/lang/Object <init> ()V 13 8 0 java/util/Objects hashCode (Ljava/lang/Object;)I 14 5 0 java/lang/invoke/MethodType hashCode ()I 11 7 0 jdk/internal/util/ReferencedKeyMap removeStaleReferences ()V 12 4 0 java/lang/ref/NativeReferenceQueue poll ()Ljava/lang/ref/Reference; 13 1 0 java/lang/ref/ReferenceQueue headIsNull ()Z 12 20 0 java/util/concurrent/ConcurrentHashMap remove (Ljava/lang/Object;)Ljava/lang/Object; 11 16 0 java/util/concurrent/ConcurrentHashMap putIfAbsent (Ljava/lang/Object;Ljava/lang/Object;)Ljava/lang/Object; 11 46 0 jdk/internal/util/WeakReferenceKey unused ()V 12 1 0 java/lang/ref/Reference clear ()V 5 15 0 java/lang/invoke/MethodTypeForm <init> (Ljava/lang/invoke/MethodType;)V 6 1 0 java/lang/Object <init> ()V 6 10 0 java/lang/invoke/MethodType ptypes ()[Ljava/lang/Class; 6 137 0 java/lang/invoke/MethodType returnType ()Ljava/lang/Class; 6 268 0 java/lang/invoke/MethodType form ()Ljava/lang/invoke/MethodTypeForm; 5 20 0 java/lang/invoke/MethodType form ()Ljava/lang/invoke/MethodTypeForm; 4 102 0 jdk/internal/util/ReferencedKeySet intern (Ljava/lang/Object;)Ljava/lang/Object; 5 5 0 jdk/internal/util/ReferencedKeyMap intern (Ljdk/internal/util/ReferencedKeyMap;Ljava/lang/Object;)Ljava/lang/Object; 6 2 0 jdk/internal/util/ReferencedKeyMap existingKey (Ljdk/internal/util/ReferencedKeyMap;Ljava/lang/Object;)Ljava/lang/Object; 7 1 0 jdk/internal/util/ReferencedKeyMap removeStaleReferences ()V 8 4 0 java/lang/ref/NativeReferenceQueue poll ()Ljava/lang/ref/Reference; 9 1 0 java/lang/ref/ReferenceQueue headIsNull ()Z 8 20 0 java/util/concurrent/ConcurrentHashMap remove (Ljava/lang/Object;)Ljava/lang/Object; 7 7 0 jdk/internal/util/ReferencedKeyMap lookupKey (Ljava/lang/Object;)Ljdk/internal/util/ReferenceKey; 8 5 0 jdk/internal/util/StrongReferenceKey <init> (Ljava/lang/Object;)V 9 1 0 java/lang/Object <init> ()V 6 14 0 jdk/internal/util/ReferencedKeyMap internKey (Ljdk/internal/util/ReferencedKeyMap;Ljava/lang/Object;)Ljava/lang/Object; 7 2 0 jdk/internal/util/ReferencedKeyMap entryKey (Ljava/lang/Object;)Ljdk/internal/util/ReferenceKey; 8 29 0 jdk/internal/util/WeakReferenceKey <init> (Ljava/lang/Object;Ljava/lang/ref/ReferenceQueue;)V 9 3 0 java/lang/ref/WeakReference <init> (Ljava/lang/Object;Ljava/lang/ref/ReferenceQueue;)V 10 3 0 java/lang/ref/Reference <init> (Ljava/lang/Object;Ljava/lang/ref/ReferenceQueue;)V 11 1 0 java/lang/Object <init> ()V 9 8 0 java/util/Objects hashCode (Ljava/lang/Object;)I 10 5 0 java/lang/invoke/MethodType hashCode ()I 7 7 0 jdk/internal/util/ReferencedKeyMap removeStaleReferences ()V 8 4 0 java/lang/ref/NativeReferenceQueue poll ()Ljava/lang/ref/Reference; 9 1 0 java/lang/ref/ReferenceQueue headIsNull ()Z 8 20 0 java/util/concurrent/ConcurrentHashMap remove (Ljava/lang/Object;)Ljava/lang/Object; 7 16 0 java/util/concurrent/ConcurrentHashMap putIfAbsent (Ljava/lang/Object;Ljava/lang/Object;)Ljava/lang/Object; 7 46 0 jdk/internal/util/WeakReferenceKey unused ()V 8 1 0 java/lang/ref/Reference clear ()V 2 28 0 java/lang/invoke/MemberName isSetter ()Z 3 1 0 java/lang/invoke/MemberName getReferenceKind ()B 3 4 0 java/lang/invoke/MethodHandleNatives refKindIsSetter (B)Z 4 1 0 java/lang/invoke/MethodHandleNatives refKindIsField (B)Z 4 8 0 java/lang/invoke/MethodHandleNatives refKindIsGetter (B)Z 1 7 0 java/lang/invoke/MemberName isStatic ()Z 2 4 0 java/lang/reflect/Modifier isStatic (I)Z 1 14 0 java/lang/invoke/MemberName getDeclaringClass ()Ljava/lang/Class; 1 25 0 java/lang/invoke/MemberName isConstructor ()Z 2 4 0 java/lang/invoke/MemberName allFlagsSet (I)Z 1 54 0 java/lang/invoke/MethodType insertParameterTypes (I[Ljava/lang/Class;)Ljava/lang/invoke/MethodType; 2 24 0 java/lang/invoke/MethodType checkPtypes ([Ljava/lang/Class;)I 3 24 0 java/util/Objects requireNonNull (Ljava/lang/Object;)Ljava/lang/Object; 3 71 0 java/lang/invoke/MethodType checkSlotCount (I)V 2 30 0 java/lang/invoke/MethodType parameterSlotCount ()I 3 4 0 java/lang/invoke/MethodTypeForm parameterSlotCount ()I 2 39 0 java/lang/invoke/MethodType checkSlotCount (I)V 2 117 0 java/lang/invoke/MethodType makeImpl (Ljava/lang/Class;[Ljava/lang/Class;Z)Ljava/lang/invoke/MethodType; 3 17 0 java/lang/invoke/MethodType <init> (Ljava/lang/Class;[Ljava/lang/Class;)V 4 1 0 java/lang/Object <init> ()V 3 42 0 java/util/Objects requireNonNull (Ljava/lang/Object;)Ljava/lang/Object; 3 51 0 java/lang/invoke/MethodType checkPtypes ([Ljava/lang/Class;)I 4 24 0 java/util/Objects requireNonNull (Ljava/lang/Object;)Ljava/lang/Object; 4 71 0 java/lang/invoke/MethodType checkSlotCount (I)V 3 91 0 java/lang/invoke/MethodTypeForm findForm (Ljava/lang/invoke/MethodType;)Ljava/lang/invoke/MethodTypeForm; 4 2 0 java/lang/invoke/MethodTypeForm canonicalize (Ljava/lang/invoke/MethodType;I)Ljava/lang/invoke/MethodType; 5 1 0 java/lang/invoke/MethodType ptypes ()[Ljava/lang/Class; 5 7 0 java/lang/invoke/MethodTypeForm canonicalizeAll ([Ljava/lang/Class;I)[Ljava/lang/Class; 6 19 0 java/lang/invoke/MethodTypeForm canonicalize (Ljava/lang/Class;I)Ljava/lang/Class; 5 12 0 java/lang/invoke/MethodType returnType ()Ljava/lang/Class; 5 20 0 java/lang/invoke/MethodTypeForm canonicalize (Ljava/lang/Class;I)Ljava/lang/Class; 5 55 0 java/lang/invoke/MethodType methodType (Ljava/lang/Class;[Ljava/lang/Class;Z)Ljava/lang/invoke/MethodType; 6 23 0 java/lang/invoke/MethodType isAllObject ([Ljava/lang/Class;I)Z 6 45 0 java/lang/invoke/MethodType genericMethodType (IZ)Ljava/lang/invoke/MethodType; 7 1 0 java/lang/invoke/MethodType checkSlotCount (I)V 6 65 0 java/lang/invoke/MethodType makeImpl (Ljava/lang/Class;[Ljava/lang/Class;Z)Ljava/lang/invoke/MethodType; 7 17 0 java/lang/invoke/MethodType <init> (Ljava/lang/Class;[Ljava/lang/Class;)V 8 1 0 java/lang/Object <init> ()V 7 42 0 java/util/Objects requireNonNull (Ljava/lang/Object;)Ljava/lang/Object; 7 51 0 java/lang/invoke/MethodType checkPtypes ([Ljava/lang/Class;)I 8 24 0 java/util/Objects requireNonNull (Ljava/lang/Object;)Ljava/lang/Object; 8 71 0 java/lang/invoke/MethodType checkSlotCount (I)V 7 91 0 java/lang/invoke/MethodTypeForm findForm (Ljava/lang/invoke/MethodType;)Ljava/lang/invoke/MethodTypeForm; 8 2 0 java/lang/invoke/MethodTypeForm canonicalize (Ljava/lang/invoke/MethodType;I)Ljava/lang/invoke/MethodType; 9 1 0 java/lang/invoke/MethodType ptypes ()[Ljava/lang/Class; 9 7 0 java/lang/invoke/MethodTypeForm canonicalizeAll ([Ljava/lang/Class;I)[Ljava/lang/Class; 10 19 0 java/lang/invoke/MethodTypeForm canonicalize (Ljava/lang/Class;I)Ljava/lang/Class; 9 12 0 java/lang/invoke/MethodType returnType ()Ljava/lang/Class; 9 20 0 java/lang/invoke/MethodTypeForm canonicalize (Ljava/lang/Class;I)Ljava/lang/Class; 9 55 0 java/lang/invoke/MethodType methodType (Ljava/lang/Class;[Ljava/lang/Class;Z)Ljava/lang/invoke/MethodType; 10 23 0 java/lang/invoke/MethodType isAllObject ([Ljava/lang/Class;I)Z 10 45 0 java/lang/invoke/MethodType genericMethodType (IZ)Ljava/lang/invoke/MethodType; 11 1 0 java/lang/invoke/MethodType checkSlotCount (I)V 8 15 0 java/lang/invoke/MethodTypeForm <init> (Ljava/lang/invoke/MethodType;)V 9 1 0 java/lang/Object <init> ()V 9 10 0 java/lang/invoke/MethodType ptypes ()[Ljava/lang/Class; 9 137 0 java/lang/invoke/MethodType returnType ()Ljava/lang/Class; 9 268 0 java/lang/invoke/MethodType form ()Ljava/lang/invoke/MethodTypeForm; 8 20 0 java/lang/invoke/MethodType form ()Ljava/lang/invoke/MethodTypeForm; 7 102 0 jdk/internal/util/ReferencedKeySet intern (Ljava/lang/Object;)Ljava/lang/Object; 8 5 0 jdk/internal/util/ReferencedKeyMap intern (Ljdk/internal/util/ReferencedKeyMap;Ljava/lang/Object;)Ljava/lang/Object; 9 2 0 jdk/internal/util/ReferencedKeyMap existingKey (Ljdk/internal/util/ReferencedKeyMap;Ljava/lang/Object;)Ljava/lang/Object; 10 1 0 jdk/internal/util/ReferencedKeyMap removeStaleReferences ()V 11 4 0 java/lang/ref/NativeReferenceQueue poll ()Ljava/lang/ref/Reference; 12 1 0 java/lang/ref/ReferenceQueue headIsNull ()Z 11 20 0 java/util/concurrent/ConcurrentHashMap remove (Ljava/lang/Object;)Ljava/lang/Object; 10 7 0 jdk/internal/util/ReferencedKeyMap lookupKey (Ljava/lang/Object;)Ljdk/internal/util/ReferenceKey; 11 5 0 jdk/internal/util/StrongReferenceKey <init> (Ljava/lang/Object;)V 12 1 0 java/lang/Object <init> ()V 9 14 0 jdk/internal/util/ReferencedKeyMap internKey (Ljdk/internal/util/ReferencedKeyMap;Ljava/lang/Object;)Ljava/lang/Object; 10 2 0 jdk/internal/util/ReferencedKeyMap entryKey (Ljava/lang/Object;)Ljdk/internal/util/ReferenceKey; 11 29 0 jdk/internal/util/WeakReferenceKey <init> (Ljava/lang/Object;Ljava/lang/ref/ReferenceQueue;)V 12 3 0 java/lang/ref/WeakReference <init> (Ljava/lang/Object;Ljava/lang/ref/ReferenceQueue;)V 13 3 0 java/lang/ref/Reference <init> (Ljava/lang/Object;Ljava/lang/ref/ReferenceQueue;)V 14 1 0 java/lang/Object <init> ()V 12 8 0 java/util/Objects hashCode (Ljava/lang/Object;)I 13 5 0 java/lang/invoke/MethodType hashCode ()I 10 7 0 jdk/internal/util/ReferencedKeyMap removeStaleReferences ()V 11 4 0 java/lang/ref/NativeReferenceQueue poll ()Ljava/lang/ref/Reference; 12 1 0 java/lang/ref/ReferenceQueue headIsNull ()Z 11 20 0 java/util/concurrent/ConcurrentHashMap remove (Ljava/lang/Object;)Ljava/lang/Object; 10 16 0 java/util/concurrent/ConcurrentHashMap putIfAbsent (Ljava/lang/Object;Ljava/lang/Object;)Ljava/lang/Object; 10 46 0 jdk/internal/util/WeakReferenceKey unused ()V 11 1 0 java/lang/ref/Reference clear ()V 4 20 0 java/lang/invoke/MethodType form ()Ljava/lang/invoke/MethodTypeForm; 1 163 0 java/lang/invoke/DirectMethodHandle preparedLambdaForm (Ljava/lang/invoke/MemberName;)Ljava/lang/invoke/LambdaForm;
